idcar_nat,tmaille,ind,men,men_pauv,men_1ind,men_5ind,men_prop,men_fmp,ind_snv,men_surf,men_coll,men_mais,log_av45,log_45_70,log_70_90,log_ap90,log_inc,log_soc,ind_0_3,ind_4_5,ind_6_10,ind_11_17,ind_18_24,ind_25_39,ind_40_54,ind_55_64,ind_65_79,ind_80p,ind_inc
CRS3035RES200mN2203000E3738600,200,393,216,63,120,11,77,38,6811355.2,16584,215,1,0,101,13,102,0,60,17.5,9,25.5,36,28,68,69,32,73,35,0
CRS3035RES200mN2203200E3737600,200,524.5,223,107,88,23,69,38,7392458.8,15453,181,42,29,91,38,65,0,109,41.5,19,45.5,45,36.5,99,90,55,62,31,0
CRS3035RES200mN2203200E3737800,200,406,160,67,56,25,57,29,6024196.5,11342,134,26,26,85,4,45,0,44,24,16,33.5,41.5,31,65,64,53,58,13,7
CRS3035RES200mN2203400E3737200,200,756,248,158,62,58,8,56,9080154.2,17572,247,1,1,0,203,44,0,235,53.5,38,73.5,126,58,117,147,72,53,16,2
CRS3035RES200mN2203400E3737400,200,428.5,255,62,153,10,108,31,7941294.3,17809,228,27,14,37,107,97,0,43,16,4.5,19,33.5,26.5,56,54,68,104,47,0
CRS3035RES200mN2203600E3737200,200,590,353,86,208,12,123,54,11047268.2,21197,325,28,56,6,88,203,0,1,26,17.5,24.5,39.5,25.5,127,95,75,109,51,0
CRS3035RES200mN2203600E3738200,200,438.5,233,55,124,12,96,40,8835531.8,17202,190,43,0,151,8,74,0,12,18,9.5,29,34.5,29.5,91,90,43,64,21,9
CRS3035RES200mN2203800E3737000,200,711,407,105,225,14,148,73,13749609.2,27042,387,20,88,177,25,117,0,38,20,15,40,59,53,135,124,93,101,71,0
CRS3035RES200mN2207800E3741400,200,476,238,69,100,10,128,48,8542143,15884,55,183,137,31,19,51,0,19,12.5,11,31,40.5,43,98,98,60,50,32,0
CRS3035RES200mN2228200E3984600,200,492.5,233,38,92,13,92,44,10279129.6,15409,214,19,2,0,1,230,0,81,10.5,11.5,30,63.5,41,77,120,60,60,19,0
CRS3035RES200mN2229600E3981000,200,331.5,132,30,42,20,18,36,6195732.7,8906,86,46,1,3,6,122,0,91,19,9,32.5,28,50,57,78,26,31,1,0
CRS3035RES200mN2229800E3981000,200,527.5,235,29,84,23,33,48,11066468.3,15425,224,11,0,0,23,212,0,100,24.5,15.5,39.5,58.5,40.5,109,129,43,43,23,2
CRS3035RES200mN2229800E3981400,200,620,344,61,178,13,91,48,12846974.9,21659,321,23,35,82,65,162,0,131,15,7.5,26,41,31.5,93,114,72,135,85,0
CRS3035RES200mN2230400E3984800,200,342,171,34,77,14,78,29,6736252.4,10523,126,45,86,51,3,31,0,23,14,7.5,20,31.5,25,60,67,32,65,20,0
CRS3035RES200mN2230800E3984200,200,368.5,160,19,56,12,76,17,7651179.7,12231,142,18,23,57,6,74,0,43,11,10,22.5,37,33,54,76,39,50,35,1
CRS3035RES200mN2232200E3990200,200,841.5,446,69,231,17,232,63,17131986.1,28443,445,1,7,252,76,111,0,43,33,25.5,42,73.5,65.5,147,161,101,124,69,0
CRS3035RES200mN2232200E3990400,200,722,388,54,185,11,240,51,14991545.7,25154,385,3,4,253,20,111,0,0,34.5,11.5,29.5,57.5,44,134,129,91,122,69,0
CRS3035RES200mN2232400E3990400,200,780,356,92,138,26,131,79,13523387.6,22180,354,2,2,235,0,118,1,45,42.5,14,55,87,68,152.5,145,89,81,46,0
CRS3035RES200mN2232600E3990000,200,667.5,363,103,191,16,117,56,11825702.1,21918,355,8,140,156,37,30,0,0,30,17.5,38.5,42,68.5,147,133,84,79,26,2
CRS3035RES200mN2232600E3990200,200,754,400,50,206,12,204,51,15928570,25382,400,0,31,140,85,144,0,20,43,11,54.5,50.5,34,149,124,87,122,79,0
CRS3035RES200mN2232600E3990400,200,790.5,449,83,250,17,168,54,15506845.6,24179,424,25,151,105,48,145,0,0,32,18,41.5,52.5,79.5,181,126,104,114,42,0
CRS3035RES200mN2232600E3990600,200,479.5,266,39,140,11,76,34,9629952.9,15422,253,13,23,2,61,180,0,41,23.5,15.5,25.5,31,38,117,69,42,74,44,0
CRS3035RES200mN2232800E3990000,200,1022.5,528,157,277,26,172,85,18159888.4,29962,513,15,274,143,14,96,1,60,41.5,31,69.5,73.5,102,216,215,108,125,40,1
CRS3035RES200mN2232800E3990200,200,994.5,405,42,110,32,63,71,20014614.5,28866,405,0,0,299,0,106,0,289,111,45,80.5,68.5,58.5,307,140,69,85,30,0
CRS3035RES200mN2232800E3990400,200,595.5,330,93,181,16,68,45,10335178,17496,320,10,152,55,3,120,0,61,37,13.5,31.5,39.5,54,119,112,76,83,30,0
CRS3035RES200mN2232800E3990600,200,676.5,370,109,209,19,126,55,12046456.4,19730,342,28,226,32,39,73,0,6,39,21.5,45,52,58,125,132,89,79,36,0
CRS3035RES200mN2232800E3991000,200,1025,564,131,305,21,186,83,18361071.1,31417,555,9,90,98,156,220,0,65,50,26.5,61.5,56.5,77.5,233,174,118,148,80,0
CRS3035RES200mN2232800E3991600,200,481,207,34,73,19,107,25,9144999.1,13007,192,15,27,58,0,122,0,0,26.5,18,41.5,37,32,136,83,41,49,17,0
CRS3035RES200mN2233000E3990400,200,527,283,43,130,10,153,33,11525425.3,18275,268,15,63,18,114,87,1,11,15,8,25.5,37.5,43,99,111,55,79,53,1
CRS3035RES200mN2233000E3991200,200,593.5,310,69,156,16,93,48,10746716.4,18058,296,14,117,46,81,64,2,69,30.5,8.5,35.5,48,51,130,113,77,77,23,0
CRS3035RES200mN2233000E3991400,200,869,408,93,182,29,147,81,14876793.5,25124,401,7,25,200,4,179,0,97,51.5,27.5,72.5,73.5,78,192,141,103,81,48,1
CRS3035RES200mN2233200E3991400,200,349.5,156,39,56,11,61,25,7206206,11048,115,41,36,58,1,61,0,52,18.5,5.5,23,35.5,21,62,67,46,54,17,0
CRS3035RES200mN2234200E3987200,200,529,265,43,116,14,110,46,10518942.3,16269,250,15,34,72,31,128,0,68,27,20.5,36.5,33,25,142,73,66,59,47,0
CRS3035RES200mN2234200E3987400,200,751.5,452,220,275,13,83,64,11304191.6,20443,446,6,151,53,13,235,0,332,36,13,25.5,44,32,118,166,103,137,77,0
CRS3035RES200mN2234200E3987800,200,549,269,55,120,11,116,34,10888813.7,17093,242,27,100,10,6,153,0,70,27,18,38,38,42,116,108,69,71,22,0
CRS3035RES200mN2234400E3987400,200,390.5,182,25,70,10,83,34,7896168.9,12119,172,10,6,105,0,71,0,28,22,11,26,38.5,27,76,83,36,54,17,0
CRS3035RES200mN2235400E3986200,200,373,121,4,13,15,4,11,8911369.1,9491,64,57,0,5,29,87,0,87,25,18,38.5,42.5,29,97,80,24,17,0,2
CRS3035RES200mN2235800E3986000,200,444,151,7,23,22,31,21,10486042.8,12730,125,26,3,10,43,95,0,115,33,18.5,49,49.5,26,86,99,40,35,8,0
CRS3035RES200mN2242200E3963200,200,501.5,229,41,85,13,41,45,9989766.4,15933,223,6,3,0,148,78,0,145,16,11,33.5,38,43,67,109,74,84,24,2
CRS3035RES200mN2244800E4038800,200,356,172,45,82,13,86,21,6239995.7,9707,150,22,72,9,43,46,2,0,14.5,10.5,25,34,22,72,81,38,42,17,0
CRS3035RES200mN2249000E3945400,200,310,122,20,32,12,31,25,6702440.2,8805,113,9,5,35,0,82,0,73,16,9.5,21,42.5,20,54,62,47,22,16,0
CRS3035RES200mN2249000E3946000,200,514.5,203,30,60,26,37,37,10030548.4,14595,198,5,0,0,58,145,0,162,17,12.5,40.5,54.5,48,68,102,67,87,18,0
CRS3035RES200mN2249000E3946200,200,577,245,53,82,22,91,39,11622325.5,18447,239,6,3,0,97,144,1,143,22,12,41.5,48.5,36,54,107,67,143,45,1
CRS3035RES200mN2249000E3946600,200,616.5,309,65,144,15,124,50,13932943.4,19408,289,20,83,0,42,181,3,72,36,13,40.5,45.5,39.5,126,115,75,90,36,0
CRS3035RES200mN2249200E3945000,200,344,154,22,54,10,113,18,9415620.6,11244,117,37,35,48,24,46,1,0,13,11,26,23.5,21.5,63,66,46,56,18,0
CRS3035RES200mN2249200E3946000,200,339.5,164,20,71,15,102,19,8040966.6,11896,164,0,0,0,101,63,0,34,14,12,17.5,30,11,48,57,56,66,28,0
CRS3035RES200mN2249400E3946000,200,694,371,16,172,10,167,39,19861906.6,24466,370,1,3,0,0,368,0,0,35,12,26.5,28,34.5,115,144,101,140,58,0
CRS3035RES200mN2249600E3945400,200,282,128,14,51,11,28,19,7242968.8,9394,121,7,11,0,33,84,0,49,9,7,12,28,31,68,57,32,31,7,0
CRS3035RES200mN2249800E3946400,200,490.5,242,17,112,11,119,21,14143532.2,17002,217,25,14,51,5,172,0,0,20.5,17,26,33,38,104,115,48,65,23,1
CRS3035RES200mN2252000E3946000,200,780.5,340,37,122,26,189,36,24051815.8,29059,331,9,50,93,0,196,1,0,44.5,20,56,55.5,53.5,136,147,84,112,72,0
CRS3035RES200mN2252000E3946600,200,544,247,55,94,14,52,52,9969195.2,15038,246,1,1,90,0,156,0,156,36.5,18,42.5,51,31,139,101,52,51,22,0
CRS3035RES200mN2252000E3946800,200,693.5,262,33,74,30,1,46,14047194.4,17643,262,0,4,45,0,213,0,240,73.5,30.5,66,66.5,45,198,140,49,21,3,1
CRS3035RES200mN2252200E3945400,200,659,313,23,129,21,181,37,22881054.5,29280,296,17,146,2,3,162,0,0,36,15,27,60,48,130,148,80,83,32,0
CRS3035RES200mN2252200E3945600,200,1060,511,88,218,25,307,65,32654746.4,49269,464,47,62,327,19,102,1,36,48,25.5,53,80.5,72,180,196,134,176,94,1
CRS3035RES200mN2252200E3945800,200,950,470,71,214,26,272,37,29171070.5,44701,397,73,19,415,0,34,2,0,40,24,47.5,68,53.5,129,157,115,167,149,0
CRS3035RES200mN2252200E3946400,200,780,380,83,194,28,83,50,14975369.9,22106,377,3,149,90,0,140,1,149,58,28,68.5,63.5,31,168,148,69,86,59,1
CRS3035RES200mN2252400E3945000,200,272.5,117,13,42,12,65,13,8365587,11328,95,22,10,66,7,33,1,36,9,6,18.5,21,29,38,64,33,42,12,0
CRS3035RES200mN2252400E3945400,200,562.5,259,24,103,19,172,23,19211917.5,27881,240,19,138,76,0,44,1,0,29,18,32,44.5,35,89,90,64,115,46,0
CRS3035RES200mN2252400E3945600,200,740,389,42,184,11,216,34,24840699.2,32875,362,27,54,96,81,158,0,0,19,13,35.5,41,55.5,119,134,91,153,79,0
CRS3035RES200mN2252400E3945800,200,532.5,279,33,127,10,187,21,16490107,24921,264,15,68,114,22,75,0,21,23,5.5,26.5,28.5,30,67,83,59,146,64,0
CRS3035RES200mN2252400E3946000,200,1005,446,66,187,29,145,64,23033534.4,31009,444,2,82,33,148,183,0,221,59,22,78,99.5,69.5,202,202,116,107,49,1
CRS3035RES200mN2252400E3946200,200,550.5,306,54,167,11,144,32,12506991.7,17252,302,4,82,37,49,137,1,1,24.5,14,33.5,24.5,43,146,81,77,70,37,0
CRS3035RES200mN2252400E3946400,200,973.5,481,65,212,11,124,74,22475311.5,29450,475,6,75,8,77,314,7,124,48.5,22,69.5,78,44.5,252,214,98,110,36,1
CRS3035RES200mN2252600E3945000,200,693.5,288,34,100,28,149,37,20800273.4,26378,258,30,61,155,1,68,3,59,27,24,47,61.5,84,106,159,76,69,40,0
CRS3035RES200mN2252600E3945400,200,660.5,306,35,108,18,170,44,22469744.9,30897,289,17,184,32,18,70,2,0,34,12.5,34,54,53,125,122,77,108,41,0
CRS3035RES200mN2252600E3945600,200,632,308,38,137,14,176,35,19915453.4,27504,281,27,85,154,4,62,3,0,29,14.5,38.5,45.5,44.5,104,122,71,102,61,0
CRS3035RES200mN2252600E3945800,200,589,312,57,152,12,160,37,16330976.8,23102,300,12,60,86,102,63,1,0,30,8,22,46,41,112,123,62,104,41,0
CRS3035RES200mN2252600E3946000,200,708.5,399,60,219,11,178,41,17964656.1,23606,399,0,98,4,15,282,0,10,27.5,17,30.5,45.5,52,168,147,85,98,38,0
CRS3035RES200mN2252600E3946200,200,968.5,556,125,315,16,223,75,21982400.2,28474,538,18,239,20,0,296,1,23,42,21.5,59.5,59.5,51,228,218,108,138,42,1
CRS3035RES200mN2252600E3946400,200,966,500,84,226,13,180,73,21494573.3,27148,496,4,109,52,2,336,1,29,69,27,46.5,52.5,68,326,159,108,83,27,0
CRS3035RES200mN2252800E3945000,200,632.5,320,58,157,16,185,40,17898820.3,24613,254,66,116,158,13,33,0,0,34.5,18.5,28,47.5,43,128,136,69,94,34,0
CRS3035RES200mN2252800E3945400,200,868.5,372,33,124,33,233,36,28891537.6,39986,351,21,281,60,0,30,1,0,32,14,59.5,74,75,135,186,102,128,63,0
CRS3035RES200mN2252800E3945600,200,749.5,373,46,172,17,214,45,22750160.1,36204,346,27,179,129,23,39,3,0,32,15,37,49,61.5,112,133,106,116,88,0
CRS3035RES200mN2252800E3945800,200,660,383,47,215,11,208,35,18852470.2,27853,380,3,27,38,0,315,3,0,19,14,23.5,39.5,41,121,121,73,133,75,0
CRS3035RES200mN2252800E3946000,200,971.5,497,83,232,14,164,56,24714439.1,29785,492,5,102,49,80,266,0,54,60,29,63.5,50.5,58.5,277,185,113,100,34,1
CRS3035RES200mN2252800E3946200,200,1003.5,506,80,221,20,242,52,25105880.5,32443,505,1,1,109,0,396,0,42,61,30,57.5,62,51,276,196,94,131,45,0
CRS3035RES200mN2252800E3946600,200,992,431,84,157,25,175,66,22225517.6,28563,426,5,40,50,0,339,2,75,73,30,81.5,84.5,61,258,187,97,88,29,3
CRS3035RES200mN2252800E3946800,200,461.5,196,50,71,16,23,42,7650630.4,12244,195,1,7,0,0,189,0,161,31,13,38,46.5,38,108,98,44,32,13,0
CRS3035RES200mN2253000E3945000,200,740,408,51,202,12,231,45,20719810.3,27212,395,13,47,156,36,168,1,0,27,12,30,40,52,162,149,85,105,76,2
CRS3035RES200mN2253000E3945400,200,651,346,53,179,13,160,39,17528591.9,24327,343,3,210,68,29,39,0,3,36,16.5,33.5,36.5,43.5,172,100,83,81,49,0
CRS3035RES200mN2253000E3945600,200,547,318,61,184,10,106,31,14013079.8,19711,316,2,178,49,0,90,1,3,16,8.5,29,24,44.5,131,97,60,84,53,0
CRS3035RES200mN2253000E3945800,200,901.5,471,75,238,23,197,61,21438434,29335,471,0,55,84,77,255,0,77,47.5,20.5,41.5,73.5,55.5,213,160,102,124,64,0
CRS3035RES200mN2253000E3946000,200,930,489,81,234,18,230,51,22652761.3,30728,489,0,0,111,135,243,0,0,47,17,37,58.5,52.5,234,179,104,143,58,0
CRS3035RES200mN2253000E3946600,200,788,398,100,197,16,153,44,16276137.3,21014,383,15,154,79,1,164,0,11,46,21.5,58.5,57.5,53.5,197,154,91,81,28,0
CRS3035RES200mN2253200E3945000,200,821.5,428,50,205,15,240,51,23231767.5,28506,419,9,148,108,0,172,0,0,38,15.5,40,55,59,206,172,85,110,41,0
CRS3035RES200mN2253200E3945600,200,847.5,479,81,262,13,247,42,21643594.7,34406,476,3,99,216,0,163,1,0,36,7,25,49.5,55,163,168,96,146,100,2
CRS3035RES200mN2253200E3945800,200,678,341,74,162,20,131,52,13664080.5,20102,341,0,24,178,27,112,0,22,23,19,35,55,56,125,134,79,100,50,2
CRS3035RES200mN2253200E3946000,200,1057.5,547,58,255,27,374,59,29498990.4,43340,538,9,16,306,159,64,2,0,34.5,25.5,54.5,57.5,68.5,146,165,135,230,141,0
CRS3035RES200mN2253200E3946200,200,1031.5,575,89,300,12,307,60,24781608.6,37507,575,0,73,210,88,204,0,0,50,23.5,36.5,54.5,55,220,185,131,152,123,1
CRS3035RES200mN2253200E3946400,200,795.5,421,82,208,14,135,50,16867178.7,24791,412,9,92,23,36,268,2,25,48,17,40,51.5,54,217,162,91,84,31,0
CRS3035RES200mN2253400E3943400,200,560.5,273,31,113,14,150,27,16348749.3,18570,232,41,176,33,8,54,2,0,26,24,33,32.5,24,138,112,65,72,34,0
CRS3035RES200mN2253400E3943600,200,625,346,53,194,12,167,38,16134687.7,19921,317,29,235,35,39,36,1,1,28,15.5,34.5,43.5,34.5,148,122,78,78,43,0
CRS3035RES200mN2253400E3945000,200,923,509,119,278,20,174,69,20901313.2,30457,498,11,310,2,89,108,0,69,38.5,21,45,62,74.5,250,191,88,98,51,4
CRS3035RES200mN2253400E3945400,200,598,335,64,190,11,150,31,16308875.3,23783,327,8,229,71,0,31,4,0,37,13,20,34,39,171,100,59,87,38,0
CRS3035RES200mN2253400E3945600,200,706.5,373,88,202,21,126,36,15588443.5,23643,371,2,225,62,0,85,1,4,23.5,12.5,31.5,42,63,176,113,94,86,65,0
CRS3035RES200mN2253400E3946000,200,896.5,583,136,389,10,167,57,18424226.3,27879,578,5,212,65,51,254,1,5,42,18,34,43.5,82,299,142,90,96,48,2
CRS3035RES200mN2253400E3946200,200,1362.5,772,193,445,27,257,87,27006882.2,40905,767,5,334,204,25,206,3,58,56,21.5,69.5,93.5,120,338,263,137,180,84,0
CRS3035RES200mN2253400E3946600,200,530.5,211,11,71,24,9,19,13035098.4,17637,207,4,23,0,8,180,0,0,34.5,14,34,64,61,137,145,32,6,3,0
CRS3035RES200mN2253400E3946800,200,898,514,145,311,15,145,60,16532172.7,26017,509,5,20,236,87,171,0,28,46.5,19.5,47,67,94,242,161,97,74,50,0
CRS3035RES200mN2253600E3943200,200,631.5,355,64,194,11,201,30,16870876.3,20626,270,85,274,23,3,51,4,0,16,8,22,41.5,33,112,134,114,99,50,2
CRS3035RES200mN2253600E3943400,200,778.5,424,98,216,18,195,62,18724767.5,22407,367,57,273,59,6,82,4,22,35,15,41.5,46,47,171,161,95,113,54,0
CRS3035RES200mN2253600E3943800,200,1234,636,98,295,18,241,83,29083103,39123,619,17,309,190,4,132,1,73,59,27.5,59.5,95.5,84,300.5,244,138,155,70,1
CRS3035RES200mN2253600E3945000,200,545.5,260,50,112,15,129,38,14346345.7,19001,249,11,186,28,8,37,1,0,26.5,10.5,39,56.5,41,135,118,55,47,16,1
CRS3035RES200mN2253600E3945200,200,646.5,359,76,199,13,129,40,16219361,23020,353,6,266,18,2,71,2,28,20,9,43,41,53.5,175,147,52,75,31,0
CRS3035RES200mN2253600E3945600,200,991,554,138,320,19,191,53,21605543.3,34829,551,3,448,48,5,49,4,0,47,17,50.5,75.5,63,259,201,104,115,57,2
CRS3035RES200mN2253600E3945800,200,1319.5,673,100,334,31,275,75,33775110.9,44917,667,6,249,64,0,357,3,102,66.5,26,80.5,95.5,94,305,267,162,164,59,0
CRS3035RES200mN2253600E3946000,200,989.5,565,117,309,10,194,70,21283839.2,32029,558,7,487,30,4,44,0,3,41,22,29.5,58,82,314,197,93,103,46,4
CRS3035RES200mN2253600E3946200,200,923,525,149,298,16,158,92,17326355.1,28320,515,10,404,28,33,58,2,40,49.5,18.5,57,49,86,241,176,92,117,36,1
CRS3035RES200mN2253800E3943200,200,640.5,371,54,199,10,181,48,16006176.6,22002,332,39,117,116,37,101,0,57,27,13,22.5,42,34,127,121,101,108,45,0
CRS3035RES200mN2253800E3943400,200,727.5,412,84,237,12,162,49,16738790.9,23625,403,9,179,173,29,31,0,91,41,20,40,34,34.5,158,128,96,111,65,0
CRS3035RES200mN2253800E3943800,200,1228.5,689,91,366,19,276,83,30183516.8,41160,679,10,169,191,198,129,2,61,51.5,20,59.5,80,55.5,287,247,133,201,94,0
CRS3035RES200mN2253800E3945000,200,785,383,74,182,22,137,48,19817361.5,29827,373,10,317,28,0,31,7,47,40,14,46.5,77,65.5,183,165,89,75,30,0
CRS3035RES200mN2253800E3945400,200,1040.5,563,147,316,28,201,67,22989418.7,37564,550,13,437,1,73,50,2,0,26.5,13,50.5,95.5,101,224,236,120,133,38,3
CRS3035RES200mN2253800E3945600,200,958,493,82,226,16,232,73,23637585,35132,482,11,359,56,0,74,4,9,46.5,22,49.5,73.5,66.5,223,198,100,127,52,0
CRS3035RES200mN2253800E3946000,200,907,529,116,304,12,207,64,19881738.3,28893,522,7,228,83,58,159,1,1,42,18,39.5,47,65.5,239,172,101,131,51,1
CRS3035RES200mN2253800E3946200,200,1147.5,626,158,350,27,169,69,23952710.8,34060,619,7,95,36,60,434,1,53,57.5,33,64.5,90.5,111,352,207,89,107,36,0
CRS3035RES200mN2254000E3944200,200,778.5,448,92,254,15,174,43,18720421.2,25696,448,0,367,21,11,47,2,0,42,14,33,39.5,50,235,143,72,94,56,0
CRS3035RES200mN2254000E3944400,200,707.5,410,66,230,11,196,44,17231981.8,24300,406,4,190,147,0,71,2,0,36,16,32.5,35,26,182,140,73,105,62,0
CRS3035RES200mN2254000E3946000,200,705.5,413,110,242,13,146,41,15162659.6,22709,409,4,332,16,0,65,0,8,21.5,18.5,38.5,37,51,182,166,80,78,33,0
CRS3035RES200mN2254000E3946200,200,1196,681,154,385,12,256,65,25798819.7,38267,669,12,242,255,53,130,1,79,52.5,27.5,59,72,77,298,238,151,145,76,0
CRS3035RES200mN2254000E3946800,200,616.5,328,97,166,16,23,73,11379401.5,18293,328,0,9,232,0,87,0,280,18,13,46,55,37.5,101,109,90,104,36,7
CRS3035RES200mN2254200E3944600,200,725,429,84,251,10,166,47,18598715.1,27600,429,0,336,24,0,68,1,35,34,6,28.5,32.5,46.5,185.5,143,94,108,47,0
CRS3035RES200mN2254200E3944800,200,707,437,129,279,11,117,44,14831737.1,23569,428,9,345,9,28,53,2,7,30.5,6,22,44.5,43,220,156,82,72,30,1
CRS3035RES200mN2254200E3945800,200,1000.5,596,159,341,12,182,80,20261616.4,31604,589,7,515,0,18,61,2,63,38,21.5,48,65,51,294,242,111,86,43,1
CRS3035RES200mN2254200E3946000,200,1180.5,716,212,441,15,215,81,23143624.1,35176,701,15,593,42,1,79,1,27,49,29,52.5,54,88.5,353,249,148,119,38,0.5
CRS3035RES200mN2254200E3946200,200,1045,609,183,358,20,224,70,19655669,30796,588,21,370,159,0,79,1,24,42,30,53,50,75,293,199,121,108,72,2
CRS3035RES200mN2254200E3946400,200,1035,606,139,374,19,220,70,20854049.3,31296,588,18,302,132,0,170,2,37,46,22.5,66,62.5,73.5,257.5,219,113,111,63,1
CRS3035RES200mN2254200E3946800,200,795.5,426,73,221,15,222,45,17981611.9,28297,416,10,67,274,42,41,2,0,37,16,43,48.5,63,170,145,81,114,78,0
CRS3035RES200mN2254400E3945000,200,622,368,154,226,15,63,38,10266875.2,16987,366,2,303,3,25,33,4,51,34,7.5,31.5,42,35,190,127,68,64,22,1
CRS3035RES200mN2254400E3946000,200,1153,644,136,347,18,272,90,26980988.1,37868,632,12,532,3,2,104,3,0,52.5,25,73.5,82,70,255,293,114,131,57,0
CRS3035RES200mN2254400E3946200,200,1015,588,152,318,13,208,85,21549219.6,31467,572,16,411,50,1,126,0,67,39.5,22,52.5,61,43,239,233,114,138,73,0
CRS3035RES200mN2254400E3946400,200,1146.5,608,105,296,13,284,85,26490713.7,37171,608,0,450,24,0,132,2,22,59,23,78,66,62.5,302,250,114,129,62,1
CRS3035RES200mN2254400E3946800,200,829,408,78,192,23,191,48,17648221.9,26342,405,3,78,77,0,253,0,48,32,22,55.5,70.5,60,139,177,88,127,57,1
CRS3035RES200mN2254600E3945200,200,1093.5,487,274,218,57,66,86,14997231.4,25350,483,4,383,0,0,91,13,58,54.5,33,93.5,124,50.5,238,211,138,127,23,1
CRS3035RES200mN2254600E3945400,200,504,245,112,126,18,44,33,7515902.6,14780,243,2,201,1,1,39,3,28,13.5,12.5,34,47.5,43.5,109,115,49,62,18,0
CRS3035RES200mN2254600E3945800,200,1024,531,115,248,18,252,74,23666834.7,37933,523,8,491,5,0,33,2,2,37,20,59.5,81,70.5,230,253,99,131,42,1
CRS3035RES200mN2254600E3946600,200,1204.5,687,104,386,10,370,53,29260112.6,41769,676,11,456,21,67,143,0,0,51,21.5,48,77.5,51.5,288,252,138,190,87,0
CRS3035RES200mN2254800E3944200,200,1077,657,231,410,14,161,63,19492981.5,29519,655,2,529,69,12,42,5,62,46,25,39,55,58,275,245,146,154,34,0
CRS3035RES200mN2254800E3944600,200,1212.5,701,173,399,18,136,67,25203180.6,44393,693,8,310,289,0,101,1,232,45.5,17,35.5,62.5,84,288,223,136,217,104,0
CRS3035RES200mN2254800E3945000,200,956.5,409,191,177,49,136,37,15102580.9,26514,409,0,140,178,18,69,4,66,43,20.5,67,103,54,178,200,125,133,32,1
CRS3035RES200mN2254800E3945400,200,425.5,215,95,104,13,52,32,7179010.8,13143,213,2,163,21,0,30,1,8,22,13,17,38,27,85,92.5,55,62,14,0
CRS3035RES200mN2254800E3946200,200,1298,673,138,332,28,343,91,29689354.5,45070,660,13,495,128,14,33,3,0,51,27,74.5,92,90.5,263,268,157,186,87,2
CRS3035RES200mN2254800E3946400,200,498,245,20,102,11,125,28,13217982.3,18479,241,4,35,89,3,118,0,20,23.5,12,28.5,31.5,33.5,112,109,57,60,31,0
CRS3035RES200mN2254800E3946600,200,1080,509,57,194,22,264,76,26319198.7,35313,506,3,177,105,0,223,4,92,56,22.5,57,103.5,54,249,221,127,123,66,1
CRS3035RES200mN2255000E3944400,200,1406.5,784,294,457,38,106,95,24970678.4,36307,775,9,595,22,29,134,4,195,43,32,79,95,92.5,389,317,161,152,44,2
CRS3035RES200mN2255000E3944600,200,939,455,135,204,27,23,68,17416174.1,31217,451,4,223,15,21,161,35,150,24,14.5,51,74.5,74,240,176,122,112,42,9
CRS3035RES200mN2255000E3944800,200,882.5,352,140,139,54,39,61,14471768.5,22663,348,4,144,0,124,79,5,161,31.5,31,60,93,63,190,162,108,98,46,0
CRS3035RES200mN2255000E3946600,200,925,484,74,215,10,248,55,24038117.3,34264,473,11,344,40,1,99,0,1,31,18.5,44,53,52.5,197,193,126,142,67,1
CRS3035RES200mN2255000E3947000,200,808,390,92,191,26,177,58,15333388,26265,389,1,69,282,0,39,0,60,32,37,59.5,61.5,48,175,132,78,113,72,0
CRS3035RES200mN2255000E3947200,200,770,417,88,217,13,157,64,16672939.2,24645,407,10,160,196,0,59,2,37,42.5,24.5,38.5,42,49.5,178,151,95,98,50,1
CRS3035RES200mN2255200E3944200,200,869.5,437,82,203,19,159,36,21150516,27308,437,0,132,11,34,258,2,64,58.5,28.5,45.5,47,41,259,165,92,102,31,0
CRS3035RES200mN2255200E3944400,200,597,305,84,163,14,74,30,11820404.3,17112,303,2,109,39,44,109,4,44,34,12,28.5,32,57.5,191,89,66,55,23,9
CRS3035RES200mN2255200E3944600,200,993,464,168,213,34,109,72,16866056.3,31841,464,0,274,32,104,49,5,206,47.5,21.5,50.5,98.5,50,188,209,126,157,45,0
CRS3035RES200mN2255200E3946400,200,1028.5,537,109,268,17,220,74,23616467.1,33124,533,4,443,20,0,69,5,0,48.5,22.5,56,82,74.5,255,239,120,111,20,0
CRS3035RES200mN2255200E3947400,200,756,371,72,162,14,165,56,16036577.3,22731,350,21,83,153,16,85,34,36,36.5,16,50,61,51.5,191,151,82,87,29,1
CRS3035RES200mN2255200E3947800,200,1088,539,61,217,15,308,100,23802746.9,32129,538,1,1,478,6,54,0,0,62,22.5,54.5,79,74,281,215,126,109,65,0
CRS3035RES200mN2255200E3948600,200,519,245,26,100,13,84,36,13446111,17642,196,49,81,114,7,43,0,108,28,25.5,33,40.5,19,81,99,50,96,46,1
CRS3035RES200mN2255400E3944600,200,708.5,346,157,161,23,112,56,11218767.7,18304,342,4,213,46,50,34,3,26,38,23,43.5,51,37,140,144,96,104,32,0
CRS3035RES200mN2255400E3946000,200,870,429,99,216,33,171,36,17958981.4,28193,412,17,48,207,135,39,0,86,36.5,27,61.5,68.5,49.5,133,167,113,123,87,4
CRS3035RES200mN2255400E3946200,200,1091,623,137,337,14,232,86,24002068.1,36767,618,5,399,57,29,130,8,43,46,22.5,48,68.5,75.5,298,223,123,133,52,1.5
CRS3035RES200mN2255400E3947000,200,974.5,505,135,269,31,187,71,18319046.9,26494,484,21,217,155,36,94,3,19,50,19,65.5,73.5,79.5,211,214,105,110,47,0
CRS3035RES200mN2255400E3947200,200,884,437,78,195,14,225,69,18594230.9,25459,407,30,71,226,27,113,0,0,57,24,43.5,75.5,61,213,172,101,95,42,0
CRS3035RES200mN2255600E3944200,200,476,247,80,126,17,53,28,8406077.3,14029,246,1,197,0,10,33,7,21,20.5,7,24,34.5,41,124,93,47,60,25,0
CRS3035RES200mN2255600E3944400,200,1152,576,190,287,40,132,91,19829613.9,31887,576,0,481,0,0,85,10,13,66.5,43,76.5,82,83,368,194,85,95,57,2
CRS3035RES200mN2255600E3944600,200,1144,393,163,133,92,112,61,17131418.5,25846,393,0,55,144,62,130,2,87,68.5,43.5,122,153,65,215,211,98,104,57,7
CRS3035RES200mN2255600E3944800,200,523,223,113,94,36,55,27,7358603.7,12458,223,0,89,94,0,36,4,33,14,17.5,48,67.5,24,94,101,63,66,28,0
CRS3035RES200mN2255600E3946400,200,772,401,107,197,17,132,66,15825529.5,25373,400,1,271,47,0,82,1,85,44,17.5,43,54.5,56,156,179,92,92,38,0
CRS3035RES200mN2255600E3947000,200,835,453,131,247,22,130,79,14348224.1,21858,444,9,340,69,0,42,2,3,49.5,17.5,47.5,73,52.5,211,156,86,86,56,0
CRS3035RES200mN2255600E3947400,200,735,367,64,154,11,127,58,15846918.5,22976,337,30,73,163,64,67,0,112,25,17,35.5,51.5,69,172,144,91,91,39,0
CRS3035RES200mN2255800E3944600,200,2560,1132,350,470,104,269,185,47411527.9,70195,1125,7,294,400,0,433,5,362,137,79,174.5,248.5,154,563,494,287,303,119,1
CRS3035RES200mN2255800E3946400,200,650,291,49,111,16,51,42,13872953.6,17415,291,0,11,26,0,253,1,85,42,30,45.5,62.5,28,188,140,75,34,5,0
CRS3035RES200mN2255800E3946600,200,833.5,428,50,182,10,249,59,19973601.6,29551,428,0,44,156,51,177,0,14,35,10,46,46,55.5,158,169,97,135,82,0
CRS3035RES200mN2255800E3947200,200,850,450,143,236,21,119,77,15367721.4,22317,430,20,292,79,1,74,4,32,49,30,64,52,57,223,182,84,84,23,2
CRS3035RES200mN2255800E3947400,200,792,422,100,219,12,169,43,16789832.8,21308,397,25,207,107,1,107,0,0,53.5,16,38,47.5,54,211,165,96,82,29,0
CRS3035RES200mN2255800E3947600,200,1006,503,101,225,20,295,85,19479663.6,28673,486,17,32,383,0,87,1,8,59,29,64.5,69.5,82,248,194,107,109,44,0
CRS3035RES200mN2256000E3945000,200,431.5,185,101,76,16,34,35,5753954.1,8879,177,8,96,41,10,38,0,34,31.5,13,33,40,30,69,97,46,59,11,2
CRS3035RES200mN2256000E3945200,200,1395.5,613,211,270,67,108,100,23035471.7,36367,610,3,369,71,36,137,0,94,90,44.5,120,134.5,82.5,306,276,171,124,47,0
CRS3035RES200mN2256000E3945400,200,1149,499,227,234,63,138,73,16840994.6,25457,496,3,220,19,187,69,4,47,78,45.5,90.5,111,72,236,220,141,112,40,3
CRS3035RES200mN2256000E3946400,200,339.5,143,33,54,15,47,24,6562388.4,7957,125,18,65,2,0,76,0,44,26,15,31,32.5,18,75,75,29,36,2,0
CRS3035RES200mN2256000E3946600,200,1020.5,495,81,208,27,244,59,22291864.9,32448,476,19,143,187,81,82,2,70,44.5,19,57.5,83,67.5,206,196,129,143,75,0
CRS3035RES200mN2256000E3946800,200,1367,689,84,317,29,453,76,32813519.9,45540,658,31,136,121,189,243,0,0,63.5,29,74.5,89.5,68,265.5,255,178,233,111,0
CRS3035RES200mN2256200E3945200,200,928.5,378,204,156,57,99,53,12654462,20505,375,3,125,141,47,61,4,17,55.5,27.5,69,104.5,84,172,169,114,90,34,9
CRS3035RES200mN2256200E3945400,200,1405.5,718,406,380,53,80,83,18664760.3,27304,714,4,79,152,68,419,0,458,69.5,42.5,86,122.5,52,231,296,191,254,54,7
CRS3035RES200mN2256200E3945600,200,1019.5,459,179,208,46,101,75,16170015.5,22519,452,7,259,4,0,190,6,53,78.5,31.5,83.5,90,54,218,218,130,82,27,7
CRS3035RES200mN2256200E3946000,200,658,331,113,169,23,123,60,10806709.2,18152,321,10,181,83,0,65,2,42,46,26,39.5,49.5,42,130,130,76,64,54,1
CRS3035RES200mN2256200E3946600,200,684,380,114,226,19,134,47,12708983.9,17736,363,17,230,65,30,47,8,10,26.5,18,44,49.5,47,150,142,78,82,40,7
CRS3035RES200mN2256200E3950200,200,290.5,129,13,47,10,94,23,8412692.6,9592,79,50,55,7,1,66,0,0,18.5,5.5,23.5,31,14,44,66,29,41,18,0
CRS3035RES200mN2256400E3945000,200,508.5,176,76,50,32,53,35,7246971.1,9750,174,2,67,31,2,76,0,43,33,26,45,71.5,38,83,112,54,36,3,7
CRS3035RES200mN2256400E3945200,200,1037,394,217,137,65,120,63,13863160.6,18973,394,0,85,271,0,38,0,38,93.5,43,116.5,112,59,188,213,88,91,33,0
CRS3035RES200mN2256400E3945400,200,601,281,158,142,22,40,41,8146143.2,12385,259,22,224,6,0,48,3,40,51,17.5,47.5,43,29,127,123,71,67,17,8
CRS3035RES200mN2256400E3945600,200,986.5,387,200,156,61,60,72,13396335.4,20520,373,14,191,74,1,119,2,125,62,34,95.5,136,75.5,163.5,202,118,80,19,1
CRS3035RES200mN2256400E3946000,200,766.5,398,151,201,18,137,70,12511134.1,19077,376,22,289,34,2,73,0,1,56,23,44.5,58.5,36.5,171,154,77,96,49,1
CRS3035RES200mN2256400E3946200,200,647.5,328,76,149,14,160,51,12651882.8,18219,285,43,115,3,34,171,5,60,44,23.5,44,38,33,156,118,79,76,36,0
CRS3035RES200mN2256600E3945000,200,858,290,149,71,58,12,64,11881385.3,19054,287,3,60,0,79,151,0,229,66.5,34,73.5,110.5,71.5,141,171,110,52,28,0
CRS3035RES200mN2256600E3945200,200,625,260,127,102,27,58,42,8947706.7,11357,214,46,219,3,2,33,3,13,51,23.5,46.5,71,24,121,148,71,54,14,1
CRS3035RES200mN2256600E3945600,200,1325.5,420,195,102,94,121,103,18165255.5,27159,382,38,49,245,40,85,1,89,75,57,138,216,96.5,199,252,129,88,45,30
CRS3035RES200mN2256600E3945800,200,789,335,97,135,41,157,47,13429858.2,19917,331,4,35,192,0,108,0,53,48.5,29.5,67,63.5,38.5,139,164,77,98,63,1
CRS3035RES200mN2256600E3946800,200,760.5,369,62,153,12,177,66,16073883.4,22797,266,103,101,140,0,127,1,80,28,13.5,40,60,61,102,164,98,104,90,0
CRS3035RES200mN2256800E3945000,200,1403.5,494,330,163,93,31,42,16363648.7,30879,205,289,79,11,279,125,0,395,57,35,98,172.5,69,156,242,156,253,95,70
CRS3035RES200mN2256800E3945200,200,566,203,85,68,38,40,37,8471471.1,12095,198,5,24,2,107,70,0,108,49,34,59,53,36,112,98,52,50,15,8
CRS3035RES200mN2256800E3945400,200,887,384,195,154,40,41,75,12498615,19375,380,4,233,56,0,95,0,309,70.5,36.5,69.5,80.5,50,174,162,122,82,39,1
CRS3035RES200mN2256800E3945600,200,732.5,283,116,97,40,85,52,11197060.6,16315,283,0,25,0,97,160,1,96,82.5,43,62.5,71.5,36,176,134,64,53,9,1
CRS3035RES200mN2256800E3946000,200,465.5,218,45,91,13,112,34,8578832.8,12974,209,9,89,60,19,50,0,27,32,18,32.5,36,27,95,78,51,59,37,0
CRS3035RES200mN2256800E3946200,200,620,268,126,106,26,20,67,8558240.7,13645,265,3,175,2,0,91,0,218,55.5,25.5,41,70,45,130,129,58,52,14,0
CRS3035RES200mN2256800E3946600,200,995.5,443,85,171,34,126,85,19357020.1,26319,439,4,100,20,49,274,0,222,67,37.5,86,94.5,65.5,242,200,88,85,29,1
CRS3035RES200mN2256800E3950400,200,915.5,352,60,88,29,236,59,19900622.5,26655,286,66,0,21,292,39,0,59,48,27,74.5,104,64,135,185,101,130,47,0
CRS3035RES200mN2257000E3950200,200,240.5,84,26,17,15,25,27,3990759.5,5437,59,25,1,25,2,56,0,56,15,12.5,31,29,13,39,35,25,30,11,0
CRS3035RES200mN2257400E3750800,200,565.5,225,94,58,27,24,80,8305188.7,16419,198,27,33,2,0,189,1,183,44.5,24,81,58.5,43.5,122,106,46,31,9,0
CRS3035RES200mN2257400E3950200,200,435,217,43,94,11,134,31,8903789.9,14025,199,18,4,71,72,69,1,18,31.5,13,21.5,29.5,11.5,120,67,48,71,22,0
CRS3035RES200mN2257600E3750000,200,436.5,153,94,41,28,4,40,5666461.2,11341,137,16,0,1,65,87,0,144,25,23,56.5,55,28,97,73,34,41,4,0
CRS3035RES200mN2257600E3750800,200,637.5,317,75,137,16,77,62,11524274.1,23534,295,22,23,43,54,197,0,144,33,16.5,47.5,54,44.5,121,107,66,98,50,0
CRS3035RES200mN2258200E3951600,200,466,216,28,91,16,37,35,9956810.8,13076,206,10,0,0,5,211,0,64,32,11,34.5,41,37.5,124,85,54,40,7,0
CRS3035RES200mN2263000E4058800,200,522.5,287,64,155,13,108,37,10406748.5,16095,270,17,82,94,25,86,0,41,17,8,35,46,27.5,70,92,68,104,54,1
CRS3035RES200mN2263400E4058200,200,991,321,160,64,67,135,42,13828585.1,21229,313,8,25,255,1,39,1,55,47,43,77,120.5,66.5,142,148,145,159,43,0
CRS3035RES200mN2268600E3932200,200,832.5,266,132,58,61,75,45,11543420.8,17465,260,6,0,42,88,136,0,95,57,40,99.5,100.5,49.5,164,158,80,60,24,0
CRS3035RES200mN2268800E3932000,200,372.5,158,28,52,13,57,24,7296228.4,11159,127,31,0,19,73,66,0,63,14,9,23,43.5,20,75,79,53,38,18,0
CRS3035RES200mN2269600E3985200,200,636.5,355,105,182,12,92,87,10764422.7,21775,272,83,242,25,8,70,10,0,26,15.5,47.5,59.5,72,138,128,72,55,23,0
CRS3035RES200mN2273000E3771800,200,744.5,297,171,107,42,5,84,9368269.2,20147,286,11,0,34,0,263,0,292,58,41,76.5,107.5,56.5,140,136,66,47,16,0
CRS3035RES200mN2273200E3770600,200,676,346,117,196,23,77,59,10998888.7,23888,325,21,160,40,19,127,0,65,40,23.5,60,65,44.5,120,122,57,98,46,0
CRS3035RES200mN2273600E3770400,200,766.5,451,187,269,18,98,77,12176787.4,28381,438,13,309,56,29,57,0,41,32.5,17.5,48,55,67.5,136,152,101,111,46,0
CRS3035RES200mN2273600E3770600,200,387.5,222,82,128,10,53,37,6188988.3,14812,217,5,147,35,4,36,0,17,12.5,14,22,31,32,75,85,40,52,24,0
CRS3035RES200mN2273800E3770800,200,537,325,95,213,14,43,41,9300728.3,20285,317,8,20,43,128,99,35,106,26,19,28,38,42,76,94,35,79,100,0
CRS3035RES200mN2274000E3770600,200,458.5,233,71,120,13,77,28,7594327.7,16091,200,33,57,27,62,86,1,61,22.5,7,30.5,39.5,32,71,76,48,80,52,0
CRS3035RES200mN2274600E3770400,200,300,142,35,64,13,78,24,5332684.1,11132,101,41,0,98,6,38,0,0,21,6.5,26.5,24,18,57,59,22,41,25,0
CRS3035RES200mN2275400E4035200,200,317,124,20,26,12,23,22,6107548.6,10069,41,83,4,5,55,59,1,93,12,11,26,26,31,42,60,57,44,8,0
CRS3035RES200mN2275800E4035200,200,297.5,124,35,45,13,12,31,4716574.3,8485,111,13,2,40,2,80,0,109,14,11,28.5,36,20,56,57,33,32,10,0
CRS3035RES200mN2275800E4035600,200,261,105,22,37,11,28,26,4588094.4,7269,103,2,1,1,38,65,0,65,34.5,14,30,23.5,11,73,36,15,17,7,0
CRS3035RES200mN2276000E3809400,200,781.5,444,151,256,22,175,56,13680116.1,24562,415,29,233,22,67,122,0,71,28.5,15,39,52,48,122,153,130,144,50,0
CRS3035RES200mN2276000E3809800,200,787,465,105,267,12,154,48,16275251.3,29206,463,2,38,9,98,320,0,107,21,13,37.5,37.5,50,106,126,114,197,85,0
CRS3035RES200mN2276000E3929800,200,261.5,116,29,47,11,27,22,5259641.9,6790,80,36,1,80,0,35,0,88,12,6,19,25.5,21,36,64,37,29,12,0
CRS3035RES200mN2276000E4034600,200,538.5,274,51,121,13,95,41,10677649.4,18779,251,23,0,0,0,273,1,92,17.5,15,32,41,40,75,82,64,109,63,0
CRS3035RES200mN2276000E4034800,200,329,160,26,67,10,55,24,6875692.6,11529,139,21,23,24,0,113,0,0,22,5,27,23,31,62,47,25,68,19,0
CRS3035RES200mN2276400E3809800,200,785.5,465,131,264,13,168,63,15892246.3,29201,462,3,183,44,47,190,1,27,27,17.5,39.5,38.5,46,113,144,105,170,78,7
CRS3035RES200mN2276600E3809200,200,848,476,176,268,19,162,75,14054534,25328,446,30,396,21,16,41,2,19,37,17,54,69.5,61.5,126,195,105,138,45,0
CRS3035RES200mN2276600E3809400,200,605,374,131,224,11,119,58,9922895.6,20243,370,4,269,11,14,80,0,64,23,11,32.5,38.5,31,108,119,86,122,34,0
CRS3035RES200mN2276600E4034000,200,419.5,205,75,92,14,19,38,6848776.5,13006,203,2,0,36,2,167,0,159,20.5,9,24.5,37.5,26,64,86,51,59,41,1
CRS3035RES200mN2276600E4034800,200,660,385,182,216,10,75,63,9877675.6,18113,365,20,290,15,0,78,2,23,33.5,7,34.5,46.5,37.5,146,133,108,92,21,1
CRS3035RES200mN2276800E3809200,200,651,374,116,224,13,161,41,11682353.9,21156,341,33,210,51,28,85,0,16,29.5,6,23,61.5,28,97,138,97,129,42,0
CRS3035RES200mN2276800E3809400,200,813.5,479,123,274,15,181,67,14942053.4,27254,470,9,128,79,50,222,0,35,29,9.5,40,58.5,36.5,123,147,98,184,88,0
CRS3035RES200mN2277000E4079400,200,595,335,56,189,11,138,34,13332838.1,20164,330,5,50,65,46,170,4,12,23,9,24.5,39.5,28,105,95,87,121,63,0
CRS3035RES200mN2277200E4079600,200,1170.5,659,178,382,25,308,78,21822586.5,33790,636,23,145,113,52,330,19,1,53,25.5,65.5,84,65.5,219,240,152,175,91,0
CRS3035RES200mN2277400E4079600,200,711,379,82,194,15,168,46,14366281.8,20882,366,13,57,59,86,177,0,72,23,16,30.5,47,42.5,108,135,107,146,56,0
CRS3035RES200mN2277600E4079600,200,740.5,337,80,147,28,151,43,14102036.5,19427,332,5,68,32,49,187,1,72,40,26,48,50,49.5,145,135,94,107,44,2
CRS3035RES200mN2277800E4079400,200,962,532,115,282,12,298,60,19830644.5,32021,529,3,11,187,149,183,2,0,33,10,33.5,82,49.5,149,189,109,182,124,1
CRS3035RES200mN2277800E4079600,200,496,247,65,117,15,89,36,9834718.9,13099,228,19,50,81,30,85,1,68,15.5,9,30,46,28.5,91,124,57,70,23,2
CRS3035RES200mN2277800E4079800,200,306,144,27,66,10,91,9,6552395.9,8382,139,5,11,6,1,125,1,0,7,8,15.5,22.5,28,55,62,43,41,24,0
CRS3035RES200mN2277800E4084000,200,780.5,415,99,202,19,180,49,15401326,20806,408,7,71,136,108,98,2,0,33,10,33,57,46.5,157,168,86,115,75,0
CRS3035RES200mN2278000E4078400,200,598.5,259,66,102,24,162,27,11311781.8,15673,223,36,45,104,34,75,1,0,30,18,40.5,58,35,115,138,75,58,31,0
CRS3035RES200mN2278000E4079400,200,549.5,292,60,149,11,144,30,11602631.1,15541,280,12,42,94,56,98,2,0,33,12,28,35,17.5,132,93,72,79,47,1
CRS3035RES200mN2278200E4078600,200,649,317,66,143,21,181,47,12224759.2,17999,294,23,32,160,15,109,1,0,25,17,44.5,46.5,39,122,141,67,99,47,1
CRS3035RES200mN2278200E4079600,200,563.5,251,37,83,12,167,45,12636931.3,15089,222,29,23,116,3,109,0,0,28.5,18.5,35.5,47,27,107,122,73,70,35,0
CRS3035RES200mN2278200E4087400,200,1468.5,695,146,308,48,310,96,28744087.2,39288,692,3,3,322,105,264,1,70,65.5,34,86.5,121.5,90,338,273,178,192,89,1
CRS3035RES200mN2278400E4078200,200,793,416,55,199,10,262,58,16719933.2,25376,415,1,6,31,311,65,3,0,36,21,40.5,50.5,53,143,141,83,121,104,0
CRS3035RES200mN2278400E4078600,200,433,223,43,109,12,117,23,9086818.4,12612,207,16,15,17,18,173,0,0,23,8,29.5,24.5,23,91,70,47,61,55,1
CRS3035RES200mN2278400E4079000,200,344,157,27,56,10,118,17,7924058.8,10957,142,15,7,43,22,85,0,0,13,8,17.5,23.5,28,51,74,39,56,34,0
CRS3035RES200mN2278400E4079400,200,509.5,289,50,152,12,149,34,11220887.2,16683,282,7,14,188,51,36,0,0,18,12,23,24.5,27,84,94,65,98,64,0
CRS3035RES200mN2278800E4079400,200,625.5,351,65,188,10,179,41,13290397.7,21011,313,38,109,78,115,46,3,0,21,11,24,35.5,41,99,134,75,128,57,0
CRS3035RES200mN2278800E4087600,200,1045.5,532,105,265,34,309,51,21434029.2,32007,525,7,20,361,66,83,2,7,47,20,48,79,61.5,166,223,126,156,119,0
CRS3035RES200mN2278800E4087800,200,899.5,517,76,287,14,234,36,21601920.2,33751,511,6,66,265,154,32,0,17,32,14,44,50.5,30,167,121,100,181,160,0
CRS3035RES200mN2279200E4086800,200,587,275,38,99,13,168,52,13864365.8,18494,272,3,0,206,10,50,9,25,34.5,18,34.5,40.5,36.5,122,120,55,91,35,0
CRS3035RES200mN2279200E4087800,200,678.5,375,73,188,14,190,42,15876546.4,22205,371,4,136,118,19,102,0,0,20,15.5,31,47.5,26.5,131,122,69,119,96,1
CRS3035RES200mN2279600E4087200,200,413.5,202,49,85,15,52,24,8554757,12501,173,29,27,137,4,33,1,131,17,11.5,17,34,23,67,73,56,83,32,0
CRS3035RES200mN2279600E4087400,200,415,207,38,95,11,116,21,9494049.9,12178,182,25,41,33,100,33,0,28,15.5,9,22.5,28,30,58,90,46,76,40,0
CRS3035RES200mN2279800E4086800,200,397,176,19,55,10,127,25,9268699.4,12013,146,30,11,60,17,88,0,0,23,9.5,25.5,29.5,20.5,84,80,37,53,35,0
CRS3035RES200mN2280400E3914800,200,547.5,295,46,141,11,85,65,11165345,17967,268,27,44,13,8,223,7,76,15,8.5,41,57,47,121,116,56,59,27,0
CRS3035RES200mN2281000E4088000,200,500.5,244,32,104,13,149,27,11664983.1,13966,232,12,7,94,53,90,0,0,25,16.5,32,32,38,115,97,51,56,38,0
CRS3035RES200mN2288200E3916600,200,365.5,164,36,62,13,53,24,7035204.2,10792,113,51,59,18,24,62,1,27,23,10,26,33.5,32,69,68,45,39,20,0
CRS3035RES200mN2288200E3917000,200,455,241,23,120,11,87,27,9529937,14144,180,61,15,1,5,219,1,0,32,16,17.5,25,45.5,139,87,44,43,6,0
CRS3035RES200mN2288200E3917600,200,337,126,11,32,12,37,22,6982473.8,10106,27,99,1,0,47,78,0,84,20,8,16,43,34,58,92,42,21,3,0
CRS3035RES200mN2288400E3916400,200,353.5,179,34,88,13,56,20,7048405.1,11799,145,34,41,17,20,97,4,51,20,7,30.5,22.5,18.5,74,74,30,43,34,0
CRS3035RES200mN2288600E3916600,200,437,215,32,112,18,30,24,7909147.7,12910,171,44,52,24,2,137,0,56,37,24,41.5,19.5,31,125,64,44,35,16,0
CRS3035RES200mN2288600E4093800,200,459.5,212,20,74,11,119,28,11642717.5,14474,200,12,12,0,118,82,0,0,13,13,30,39.5,27,87,89,63,67,31,0
CRS3035RES200mN2288800E3916400,200,433,183,33,58,12,76,32,8024847.9,11030,125,58,6,37,0,140,0,79,33,16.5,38,43.5,22,131,86,21,31,11,0
CRS3035RES200mN2288800E3916800,200,437,212,43,92,12,86,28,8019626.8,15627,174,38,0,116,0,96,0,101,22.5,13,27,27.5,31,75,87,38,67,49,0
CRS3035RES200mN2288800E3917000,200,582,264,124,111,27,9,39,8163777,17238,258,6,0,115,77,72,0,241,33,19,37.5,55.5,37,108,102,61,103,26,0
CRS3035RES200mN2288800E3917200,200,312,132,29,54,17,23,26,5404125.9,8516,127,5,0,0,0,130,2,56,23,9,32,42,21,75,68,21,16,5,0
CRS3035RES200mN2288800E4093800,200,661,336,46,148,14,174,45,14106258.1,19824,330,6,8,187,90,51,0,9,37,6.5,37,39.5,41,106,123,82,114,75,0
CRS3035RES200mN2288800E4096200,200,1655,676,186,252,85,254,94,27867508.6,40273,672,4,6,49,419,202,0,231,89,57.5,126.5,160.5,136.5,284,315,202,209,75,0
CRS3035RES200mN2288800E4096400,200,908,364,112,130,47,213,40,15750408.7,21262,357,7,19,258,0,86,1,0,55,32,74,88,51,181,190,88,99,50,0
CRS3035RES200mN2289000E4093800,200,779.5,419,60,217,13,170,37,16300942.1,22976,408,11,34,175,70,139,1,0,44,15,36.5,53,43,187,146,87,87,79,2
CRS3035RES200mN2289000E4095400,200,661.5,277,49,76,19,145,59,13430839.2,17645,277,0,1,86,42,148,0,75,31,24,42,66.5,45,137,120,77,82,37,0
CRS3035RES200mN2289200E4095000,200,1676.5,567,228,145,107,32,137,24352748.6,42217,567,0,0,346,99,122,0,535,93,78,170.5,232,131,291,307,174,146,54,0
CRS3035RES200mN2289200E4095200,200,1688,577,202,134,108,161,127,26653643.8,44708,577,0,0,241,266,70,0,379,91.5,59,140.5,224.5,120.5,275,296,193,200,87,1
CRS3035RES200mN2289400E4095000,200,1230,426,165,106,72,20,102,18452096.5,31215,426,0,0,179,174,73,0,403,64.5,41,141,155,83.5,199,228,148,131,39,0
CRS3035RES200mN2289600E4093800,200,588,274,37,107,15,151,38,12636856.1,17613,273,1,1,35,161,76,1,58,25,15,37,51,32,109,127,64,74,54,0
CRS3035RES200mN2289600E4097000,200,511.5,260,69,126,14,83,36,9537062.2,13334,256,4,56,115,29,60,0,36,17,9,29.5,42,27,90,105,75,82,35,0
CRS3035RES200mN2289800E4095600,200,982.5,488,46,196,11,355,57,25869068.1,30284,481,7,6,224,148,109,1,0,47,16,62,64,46.5,216,206,116,157,51,1
CRS3035RES200mN2290000E4095000,200,808,333,37,102,20,187,44,18030765.2,20620,332,1,3,77,13,240,0,84,61,35.5,70.5,64,51,227,164,70,46,19,0
CRS3035RES200mN2290000E4095400,200,1152,550,50,216,15,405,63,32083500.5,38633,547,3,1,69,238,242,0,0,52,33.5,74.5,84,68,193,241,118,195,93,0
CRS3035RES200mN2290800E3514400,200,292,128,69,53,12,1,31,4047404.4,8638,122,6,0,54,0,74,0,127,17,11.5,29,31.5,21,44,60,26,33,18,1
CRS3035RES200mN2290800E3514600,200,236.5,97,48,29,13,5,23,3257258.2,7176,72,25,0,5,1,91,0,90,10,10,20,32.5,23,38,44,33,19,7,0
CRS3035RES200mN2290800E4098000,200,710.5,393,122,215,15,134,47,12853725.2,19414,390,3,18,138,115,122,0,0,23,15.5,36,53,52,146,133,74,114,63,1
CRS3035RES200mN2290800E4098200,200,569,335,97,200,10,104,33,11118437.7,17156,334,1,49,128,87,70,1,48,20,8,15.5,37.5,33,128,114,69,93,51,0
CRS3035RES200mN2291400E4099000,200,1191.5,690,173,388,20,275,69,25725332,39248,686,4,184,361,53,92,0,34,40,16,43,68,81.5,222,202,148,226,141,4
CRS3035RES200mN2291400E4099200,200,848.5,438,111,224,24,147,47,18496441.7,27881,432,6,303,59,0,75,1,52,31,19,43,76,56.5,156,178,85,130,73,1
CRS3035RES200mN2291600E4099000,200,923,514,93,270,18,237,42,23202379.8,33324,506,8,155,188,50,118,3,0,40,13,30,56,45,165,161,118,169,126,0
CRS3035RES200mN2291800E4099200,200,763,429,74,222,12,235,38,20650842.1,33390,426,3,216,106,42,65,0,0,31,10.5,25.5,36.5,45.5,133,118,94,166,103,0
CRS3035RES200mN2291800E4099400,200,1217.5,701,161,388,21,297,73,30021594,43448,693,8,379,204,11,106,1,0,44.5,14,55.5,62.5,68,192,243,154,228,153,3
CRS3035RES200mN2292000E4100000,200,910,509,115,277,16,171,62,21606807.4,32634,499,10,367,85,7,50,0,21,42,18,32.5,55,69.5,196,183,105,149,60,0
CRS3035RES200mN2292000E4101200,200,826,444,76,239,18,179,45,19341401,28906,443,1,209,106,15,113,1,46,28,19,39.5,52.5,43,161,164,94,147,78,0
CRS3035RES200mN2292000E4101400,200,1147.5,632,115,321,19,252,86,25746056.2,35634,630,2,286,144,75,127,0,8,50.5,20.5,46,72.5,80,274,223,143,140,97,1
CRS3035RES200mN2292000E4101600,200,1189,658,106,325,10,245,86,27749398.1,36548,658,0,166,178,216,98,0,32,48,20,61,71.5,69.5,246,226,137,202,108,0
CRS3035RES200mN2292000E4101800,200,1669.5,931,159,476,21,488,98,38784957.8,56130,930,1,161,333,339,98,0,0,59,20.5,76,106,78,295,293,189,350,203,0
CRS3035RES200mN2292000E4102000,200,1136.5,660,113,354,13,183,89,23628805.5,32079,658,2,177,115,77,269,22,78,50,17.5,59,60,75,284,205,151,158,75,2
CRS3035RES200mN2292000E4102200,200,922.5,510,74,256,10,261,52,22202809.3,29861,506,4,50,185,93,182,0,0,39,20,39.5,49,48,214,173,128,135,77,0
CRS3035RES200mN2292200E4100000,200,536,290,83,159,14,107,42,11183417.3,16448,285,5,247,8,0,35,0,0,15.5,8.5,22,58,49,81,133,71,74,24,0
CRS3035RES200mN2292200E4100600,200,684,350,54,172,12,177,33,19764737.4,28461,340,10,185,90,22,53,0,0,24,10,34,49.5,55.5,85,138,95,115,77,1
CRS3035RES200mN2292200E4101200,200,541.5,271,68,131,11,97,43,10820884.3,15275,269,2,136,100,0,35,0,51,22.5,9.5,31,50.5,44.5,99,110,61,71,42,0.5
CRS3035RES200mN2292200E4101600,200,1261.5,715,120,378,19,285,84,28422655.4,40475,714,1,246,216,106,146,1,62,45.5,18,50,78.5,63,255,216,151.5,236,148,0
CRS3035RES200mN2292200E4101800,200,1130,613,113,330,23,248,64,24349544.2,33376,611,2,246,235,46,86,0,83,50,25.5,55.5,74,60,226,223,119,172,124,1
CRS3035RES200mN2292200E4102000,200,1585,894,187,471,26,389,126,32365196.8,46312,892,2,406,243,119,124,2,45,69,34.5,56,106.5,78,347,275,194,253,171,1
CRS3035RES200mN2292200E4102200,200,1165,659,111,346,14,266,86,24669350.4,32765,658,1,147,124,71,317,0,66,55,19.5,49.5,68.5,80.5,287,210,139,189,67,0
CRS3035RES200mN2292400E4101200,200,1101.5,555,118,261,23,267,75,23539990.1,30032,555,0,227,12,189,127,0,74,60.5,30.5,54,89.5,78,257,225,119,137,51,0
CRS3035RES200mN2292400E4101400,200,894,492,118,255,16,162,64,17637685.8,25857,491,1,379,34,28,47,4,32,32,18,38,58.5,60.5,210,149,128,127,66,7
CRS3035RES200mN2292400E4101600,200,758,431,58,231,12,237,51,17886151.6,24453,430,1,86,102,86,156,1,0,24,8.5,32.5,43.5,58.5,135,134,90,138,93,1
CRS3035RES200mN2292400E4101800,200,1492,786,141,390,39,338,100,30916546.3,41238,786,0,178,206,167,234,1,14,62.5,28.5,74,101,103,298,270,149,252,154,0
CRS3035RES200mN2292400E4102000,200,582,338,89,198,13,126,28,11256073.1,15226,335,3,87,69,67,114,1,0,27,16,30.5,25,31,129,112,70.5,91,50,0
CRS3035RES200mN2292400E4102200,200,871,498,92,268,10,202,55,19081497.2,26463,496,2,99,139,100,160,0,20,25.5,16.5,46.5,44.5,58,178,163,117,145,77,0
CRS3035RES200mN2292600E4100000,200,1430,703,193,342,46,283,106,28051252.3,42477,695,8,554,10,90,48,1,95,49,23,85.5,137.5,106,290,286,187,177,84,5
CRS3035RES200mN2292600E4101200,200,545,234,33,75,16,59,54,11098644.8,13992,232,2,82,1,0,151,0,117,28,10,40.5,61,42.5,110,124,59,55,15,0
CRS3035RES200mN2292600E4101800,200,662.5,363,82,194,11,144,32,13507135.2,19613,363,0,144,72,14,132,1,48,27,22,18.5,38,52,137,122,88,97,61,0
CRS3035RES200mN2292600E4102000,200,1040,515,104,252,37,131,55,20533126,28618,513,2,69,6,227,212,1,165,37,23,59,99,73,195,206,140,155,53,0
CRS3035RES200mN2292600E4102200,200,1055.5,619,146,370,15,208,81,20825689.8,27479,618,1,112,197,8,301,1,103,67,26.5,70,51,74,300,190,107,112,58,0
CRS3035RES200mN2292800E4100000,200,1087.5,644,92,370,14,295,63,26364293,38226,642,2,93,299,79,173,0,17,34,18.5,44.5,41.5,52,199,182,108,239,161,8
CRS3035RES200mN2292800E4101600,200,437,221,70,110,13,64,24,7714095.7,9394,221,0,121,0,0,100,0,0,25.5,14,24,32.5,29,133,65,58,41,15,0
CRS3035RES200mN2292800E4102000,200,464.5,197,37,80,19,17,34,8881619.9,11841,197,0,41,7,0,148,1,76,26,10,53,58.5,27,105,101,43,29,12,0
CRS3035RES200mN2292800E4102200,200,1324,661,156,310,38,256,74,25516497.9,33254,659,2,201,186,110,163,1,31,70.5,41.5,67,108,82,279,256,159,164,96,1
CRS3035RES200mN2293000E4099000,200,446,219,43,98,11,109,27,10899215.2,12129,198,21,136,19,3,61,0,0,12.5,7.5,20,50.5,34.5,88,102,42,72,17,0
CRS3035RES200mN2293000E4099200,200,1435,779,173,406,30,361,93,30793171.3,43090,772,7,336,287,12,144,0,6,53,26,68.5,108.5,100,265,278,179,219,138,0
CRS3035RES200mN2293000E4099400,200,917.5,484,95,234,12,224,64,21111301.4,30935,472,12,354,39,61,30,0,21,41.5,21,42.5,51.5,64,181,181,112,151,70,2
CRS3035RES200mN2293000E4099600,200,1038.5,543,84,262,17,251,63,25158134.5,36850,536,7,339,82,78,42,2,25,38,19,46,74,68.5,193,195,130,174,101,0
CRS3035RES200mN2293000E4099800,200,747,388,49,184,14,196,50,18360616.4,25056,383,5,167,157,0,64,0,19,32,13,37.5,51.5,46,152,133,86,117,78,1
CRS3035RES200mN2293000E4101200,200,560.5,246,84,95,24,37,37,9504449.9,12662,244,2,11,94,98,43,0,180,23.5,11.5,41.5,55,37,101,92,77,99,23,0
CRS3035RES200mN2293000E4101400,200,883,349,87,108,51,153,73,15484567.6,19317,348,1,26,224,0,99,0,78,58.5,21.5,76,99.5,68.5,173,173,98,87,28,0
CRS3035RES200mN2293200E4099000,200,713,352,42,150,12,213,35,17553863.2,22696,337,15,27,218,74,33,0,0,38,16,42,36,41,125,143,75,122,75,0
CRS3035RES200mN2293200E4099200,200,931,494,95,244,16,276,71,21195560.1,29597,478,16,243,142,59,50,0,10,33.5,15,45.5,64,68,176,219,102,140,68,0
CRS3035RES200mN2293200E4099400,200,766,429,69,237,12,187,38,19379661.8,25680,417,12,214,82,63,69,1,0,34,19,35,33.5,60.5,154,150,89,129,62,0
CRS3035RES200mN2293200E4099600,200,1191,683,103,394,21,290,56,27130896.4,38884,673,10,280,175,192,36,0,37,49.5,23,46.5,65,76,247,206,150,194,133,1
CRS3035RES200mN2293200E4099800,200,1010,521,85,244,16,267,64,24911921.3,34691,520,1,220,210,53,38,0,9,43,19,39.5,67.5,66.5,206.5,186,131,158,92,1
CRS3035RES200mN2293200E4101400,200,1078.5,456,68,141,37,315,71,23188023.5,30579,455,1,3,123,297,33,0,30,50,24,69,99,71.5,174,221,129,166,75,0
CRS3035RES200mN2293200E4101800,200,1877.5,763,105,252,73,119,145,37353901.9,50756,763,0,0,0,59,704,0,455,110.5,65.5,146,193.5,178,376,406,227,133,41,1
CRS3035RES200mN2293400E4099600,200,1421,795,145,420,26,297,95,30968577.2,42793,790,5,211,268,126,190,0,22,65,36,65,76.5,88,331,252,155,217.5,135,0
CRS3035RES200mN2293400E4099800,200,716.5,382,88,192,12,139,65,14671691.7,20735,371,11,217,52,49,63,1,12,44.5,14,33,53.5,61.5,175,140,54,87,52,2
CRS3035RES200mN2293400E4101200,200,787,332,54,119,30,157,64,16143504.7,20012,295,37,82,55,46,149,0,80,47,21.5,59.5,85.5,59,177.5,151,85,58,43,0
CRS3035RES200mN2293600E4099000,200,818,421,59,192,11,262,40,20349081.4,26092,399,22,67,192,126,36,0,0,38,13.5,33.5,51,52,158,154,113,130,75,0
CRS3035RES200mN2293600E4099200,200,717,396,71,199,11,167,49,15532524.6,21532,382,14,113,143,68,72,0,28,29.5,16,31,37.5,31,155,130,86,121,79,1
CRS3035RES200mN2293600E4099400,200,919.5,458,77,209,20,179,80,19683494.7,27277,442,16,136,122,52,148,0,128,39,21.5,44,68.5,81.5,172,182,124,131,56,0
CRS3035RES200mN2293600E4099600,200,1364,742,119,386,19,344,80,31606689.9,43792,729,13,169,286,60,226,1,52,54,31.5,64.5,71.5,95.5,279,239,164,233,132,0
CRS3035RES200mN2293600E4101600,200,695,337,108,165,25,45,55,11502831.7,16399,337,0,52,57,52,175,1,107,38,21,41,69.5,67.5,169,135,81,57,16,0
CRS3035RES200mN2293800E4099000,200,1198,642,112,318,18,340,80,25332424.1,36917,631,11,145,249,137,111,0,16,47,26.5,47,95.5,77,243,234,150,163,115,0
CRS3035RES200mN2293800E4099200,200,1113.5,612,125,327,18,276,65,23117945.4,32239,608,4,71,360,148,32,1,12,53.5,27,54,64,67,255,181,109,175,128,0
CRS3035RES200mN2293800E4099400,200,993.5,550,92,285,17,293,65,22653713.6,31682,546,4,19,371,64,96,0,0,36,19,51,47,60,214.5,167,118,176,105,0
CRS3035RES200mN2293800E4099600,200,753,395,49,181,12,237,43,20319458,26767,374,21,63,260,20,52,0,0,25,10.5,29,62.5,54,132,140,90,121,89,0
CRS3035RES200mN2293800E4099800,200,954.5,490,90,249,20,209,68,21361704.9,27680,481,9,76,185,1,228,0,57,42,21,60,59,86.5,187,202,102,131,64,0
CRS3035RES200mN2293800E4101200,200,530,238,61,85,16,64,54,10461735.9,16589,224,14,48,25,66,99,0,144,21.5,11,40.5,51,37,83,100,86,60,39,1
CRS3035RES200mN2293800E4101600,200,336,142,57,55,15,21,28,5323294.4,7153,142,0,33,1,0,108,0,39,9,10.5,25,40.5,28,73,73,41,24,8,4
CRS3035RES200mN2294200E4100200,200,401.5,200,28,90,11,146,26,10775500.5,13569,176,24,22,132,15,31,0,0,24,9,21.5,27,25,79,83,37,59,37,0
CRS3035RES200mN2294400E3924800,200,318.5,156,20,67,10,67,14,8129651.3,12474,116,40,45,24,31,56,0,0,7.5,6.5,13.5,28,33,46,67,50,47,20,0
CRS3035RES200mN2294800E3924400,200,294,149,20,78,10,80,20,6716922.6,10905,132,17,25,66,0,56,2,0,11,7,23.5,30.5,20,65,50,19,40,28,0
CRS3035RES200mN2295000E3924200,200,648,297,91,113,24,21,72,10700786.7,18941,267,30,24,119,3,150,1,259,40.5,14.5,54.5,58,45.5,116,137,76,75,31,0
CRS3035RES200mN2295400E3924600,200,475.5,219,38,87,12,37,40,8893542,16273,210,9,19,41,121,38,0,154,19,10,32,43,26.5,82,82,50,85,46,0
CRS3035RES200mN2295800E3924800,200,357.5,123,26,26,15,56,15,6800205,10027,59,64,1,2,61,59,0,63,22,10.5,34,27,22,71,59,48,38,8,18
CRS3035RES200mN2296000E3826000,200,452,195,63,69,15,32,67,7256900.1,13611,189,6,0,4,42,149,0,145,24,14,34.5,67.5,39,103,83,51,27,8,1
CRS3035RES200mN2296000E3826200,200,362.5,175,55,72,10,34,51,6345080.2,11071,158,17,13,22,0,140,0,79,32.5,7,29,28,39,89,78,22,28,10,0
CRS3035RES200mN2296000E3826400,200,613.5,260,80,100,22,114,50,9731798.4,18148,260,0,0,56,9,195,0,0,33,16.5,49,73,39,126,120,58,59,40,0
CRS3035RES200mN2296000E3826600,200,559,222,66,89,32,85,34,8797995.3,16121,195,27,2,168,2,50,0,0,21,23,54.5,73.5,47,82,106,60,69,23,0
CRS3035RES200mN2296000E3827000,200,480.5,261,45,138,10,87,27,10954040.6,16936,228,33,10,4,120,127,0,35,19.5,14.5,25,30.5,37,121,92,57,59,25,0
CRS3035RES200mN2296000E3827400,200,237.5,88,23,26,16,15,16,4020152.8,6830,80,8,1,0,4,83,0,66,6,11,22,37.5,19,32,52,30,23,5,0
CRS3035RES200mN2296200E3826200,200,494,220,44,87,19,152,27,10140415.9,15974,150,70,10,96,23,91,0,0,29,12,31.5,42,36.5,89,101,48,60,45,0
CRS3035RES200mN2296200E3826400,200,500,234,57,103,19,121,35,8788520.3,16138,224,10,2,142,0,90,0,0,18.5,13.5,36.5,52.5,38,84,105,56,65,29,2
CRS3035RES200mN2296400E3826400,200,471,246,56,124,15,98,20,9261864.6,15266,238,8,4,69,77,96,0,8,24.5,10,24.5,32.5,36.5,141,84,42,57,19,0
CRS3035RES200mN2296600E3826400,200,351,151,50,50,10,24,34,5969566.3,10766,140,11,5,5,2,139,0,105,28,7,19,41,24,83,76,33,28,12,0
CRS3035RES200mN2296600E3827200,200,407,206,38,105,16,92,20,9352810.5,16057,186,20,5,33,29,139,0,44,10,10.5,33,26.5,37,74,66,38,75,37,0
CRS3035RES200mN2296600E3827800,200,675.5,323,45,124,17,107,57,16229592.9,22512,321,2,0,0,0,323,0,87,33,22.5,49,59,47,159,140,62,85,19,0
CRS3035RES200mN2296800E3826600,200,500,203,44,65,21,112,36,10049140.8,17009,178,25,27,76,3,97,0,46,21.5,8,42.5,56.5,39.5,91,101,46,64,30,0
CRS3035RES200mN2296800E3827600,200,549.5,294,42,147,12,95,32,14073548.9,21105,290,4,0,0,0,294,0,97,21,12,29.5,34.5,34,115.5,114,58,93,38,0
CRS3035RES200mN2297200E3825000,200,375,193,43,93,12,63,21,8101161.3,13632,177,16,14,2,1,176,0,87,14.5,3,26,25.5,23,83,69,42,60,29,0
CRS3035RES200mN2297200E3825400,200,631.5,371,95,215,11,124,43,14046989.9,22379,363,8,80,67,18,206,0,25,37.5,13,21.5,36.5,71,216,103,63,50,20,0
CRS3035RES200mN2297400E3825400,200,639,332,66,165,14,110,47,13990300.5,21129,315,17,186,7,12,126,1,0,45,19,34,48,42,178,152,53,49,19,0
CRS3035RES200mN2297600E3825000,200,400.5,197,66,95,11,62,39,7724312.4,13357,183,14,52,45,12,88,0,55,24,16,23,32,42.5,91,89,38,28,17,0
CRS3035RES200mN2297600E3825200,200,641.5,353,72,189,10,163,51,14599200.6,23318,331,22,160,62,56,74,1,0,16,12.5,29.5,40.5,63,154,155,71,63,35,2
CRS3035RES200mN2297600E3825400,200,497.5,291,70,167,12,88,33,10996691.8,17460,289,2,112,1,48,130,0,36,21,6.5,26.5,19.5,42,150,102,55,60,15,0
CRS3035RES200mN2297800E3825000,200,662.5,339,115,161,17,127,52,12674624.9,18384,246,93,247,23,13,53,3,21,23.5,14,37,58.5,39.5,169,167,77,59,18,0
CRS3035RES200mN2297800E3825400,200,484,277,104,152,10,83,35,9961807.2,14999,266,11,180,32,18,46,1,18,16,8.5,18.5,32.5,31.5,135,89,67,68,18,0
CRS3035RES200mN2297800E3825600,200,581.5,351,76,204,10,123,33,14868652.3,26050,344,7,219,6,27,96,3,0,15.5,7.5,15.5,31.5,49.5,163,122,48,85,44,0
CRS3035RES200mN2298000E3822400,200,299.5,123,26,36,10,44,26,6159159.7,9102,55,68,0,3,44,76,0,29,25,11,15,32.5,27,76,51,30,28,3,1
CRS3035RES200mN2298000E3822800,200,621.5,238,80,73,28,21,58,9391398.3,17143,238,0,0,0,43,194,1,206,62.5,34,65.5,60,36.5,133,102,60,54,13,1
CRS3035RES200mN2298000E3824200,200,553.5,249,54,101,18,109,39,10157286.2,16392,239,10,1,113,4,131,0,46,40,13,40.5,52.5,43.5,153,104,40,56,11,0
CRS3035RES200mN2298200E3822400,200,381.5,169,33,54,12,97,28,8214700.8,11474,70,99,1,0,109,59,0,9,17.5,12,25,34.5,38.5,87,77,44,40,6,0
CRS3035RES200mN2298400E3822800,200,233,108,15,44,11,59,7,5830918.2,8947,64,44,2,41,17,48,0,0,6.5,1,13,24.5,21,33,51,36,33,14,0
CRS3035RES200mN2298600E3822000,200,563,244,91,100,27,42,47,8867522.8,14535,198,46,19,20,1,203,1,101,39.5,23.5,63,54,51,136,112,41,34,9,0
CRS3035RES200mN2298800E3822000,200,510.5,275,71,148,12,120,35,9508444,16943,247,28,37,6,2,229,1,24,41.5,16.5,19,33,42.5,119,104,60,47,28,0
CRS3035RES200mN2298800E3822400,200,529.5,242,74,108,26,85,36,9241515.5,13786,239,3,0,40,0,202,0,41,38,18,46,39.5,49,144,100,35,38,21,1
CRS3035RES200mN2298800E3822600,200,507,219,77,99,29,114,22,8443060.7,14075,217,2,2,118,48,50,1,0,28.5,17.5,50.5,51.5,31,78,105,46,46,53,0
CRS3035RES200mN2298800E3822800,200,996.5,316,157,74,74,52,34,13836084.7,19533,316,0,0,122,0,191,3,142,65.5,38,84,113,73,199,172,84,136,23,9
CRS3035RES200mN2299600E4119400,200,477,220,37,88,11,115,33,10914750.9,13974,215,5,141,28,0,51,0,0,17,13,31,44,34,67,108,56,67,40,0
CRS3035RES200mN2300000E3826000,200,441.5,259,47,149,10,88,29,10159372.3,18618,243,16,0,63,46,150,0,89,16,8,20,24,26.5,116,81,53,59,37,1
CRS3035RES200mN2300000E3828000,200,481.5,212,31,80,22,99,41,9901659.4,13424,185,27,1,102,2,107,0,40,22,9.5,45,54.5,37.5,135,106,30,34,8,0
CRS3035RES200mN2300000E3828600,200,382.5,174,33,70,10,68,32,7342519.5,10944,164,10,2,0,8,164,0,73,35.5,22,28.5,27.5,19,157,51,23,16,3,0
CRS3035RES200mN2300000E3828800,200,305.5,151,39,77,10,34,21,5525245.4,8910,150,1,2,0,0,149,0,77,26.5,16,25.5,26.5,28,117,47,10,9,0,0
CRS3035RES200mN2300200E3826200,200,347,144,47,62,20,41,27,5964770.3,9130,131,13,0,103,0,41,0,87,22,11,30,41,28,74,59,34,35,13,0
CRS3035RES200mN2300200E3828800,200,864.5,493,99,278,13,76,78,17901906.2,25854,481,12,8,1,6,478,0,142,67,17.5,50.5,47.5,81,351,119,48,56,27,0
CRS3035RES200mN2303000E3847200,200,217.5,96,10,32,10,49,13,4359225.5,7764,55,41,5,12,27,52,0,0,18,7,19,12,13.5,46,33,18,41,10,0
CRS3035RES200mN2303400E3847200,200,440,204,53,94,12,91,26,7961898.9,13948,128,76,121,17,11,53,2,12,18,9,28.5,42.5,28,83,101,53,51,26,0
CRS3035RES200mN2303400E3847400,200,512.5,228,77,88,13,101,30,8853948.1,15510,107,121,160,13,14,41,0,2,25,10.5,37,47,32,103,120,53,69,16,0
CRS3035RES200mN2303600E3847200,200,583,288,124,136,23,36,47,8849068.1,16172,267,21,191,9,16,70,2,42,27,18,41,60,34,121,120,71,78,13,0
CRS3035RES200mN2303600E3847400,200,892.5,382,160,154,47,112,74,13668219.1,23547,278,104,262,18,29,70,3,3,56.5,26.5,71.5,99,69,163,205,107,76,19,0
CRS3035RES200mN2303600E3847600,200,352.5,170,58,80,14,43,24,5803833.5,10405,134,36,58,16,16,79,1,17,17,4,24,33.5,34,69,78,51,26,16,0
CRS3035RES200mN2303800E3847200,200,416,220,56,119,10,59,42,7266499.5,13978,195,25,78,36,31,75,0,8,15,10.5,28,42,29.5,80,85,37,58,31,0
CRS3035RES200mN2303800E3847400,200,420.5,203,67,94,16,81,21,7302211.8,13863,153,50,118,41,10,33,1,0,18,9,25.5,41,30,94,82,60,45,16,0
CRS3035RES200mN2304200E3479400,200,242,116,17,54,10,19,16,4657446.9,7766,71,45,0,0,10,106,0,50,15,7,22,21,23,61,56,15,16,6,0
CRS3035RES200mN2304200E3479600,200,230.5,92,19,30,13,26,21,4340143.8,8425,47,45,5,7,8,72,0,59,13.5,12,18,31,22,48,41,17,16,12,0
CRS3035RES200mN2306800E3633400,200,473,254,59,147,13,15,36,8901679.8,14338,242,12,0,1,3,250,0,182,26.5,15,28.5,50,33,94,80,36,45,65,0
CRS3035RES200mN2310200E3694800,200,252.5,120,37,51,11,25,22,4550192.8,8665,100,20,4,67,2,47,0,49,19,8,20,23,14.5,59,44,29,19,17,0
CRS3035RES200mN2310400E3855600,200,158,47,1,2,10,38,5,3583328.8,4987,0,47,0,0,4,38,5,3,12,3,13,21,16,34,31,15,10,3,0
CRS3035RES200mN2311400E3611200,200,219.5,64,3,5,14,38,9,5108900.2,6568,0,64,0,0,0,63,1,23,24.5,10.5,30,25.5,12,66,36,7,8,0,0
CRS3035RES200mN2313800E3627000,200,1080.5,505,199,247,48,1,88,15747024.4,33920,505,0,0,349,58,98,0,504,83,37,96.5,91.5,67.5,197,191,133,114,70,0
CRS3035RES200mN2314000E3627400,200,355.5,157,65,66,14,24,27,5164263.4,10242,147,10,0,123,0,34,0,75,20,8.5,27.5,32.5,23,71,65,41,45,22,0
CRS3035RES200mN2314000E3627600,200,364.5,111,38,23,26,27,23,6064846.2,10630,81,30,0,52,0,58,1,61,21,10,27,54.5,37,55,62,40,26,23,9
CRS3035RES200mN2314000E3632200,200,251,123,21,60,10,60,8,6275921.3,8425,97,26,31,17,24,50,1,0,13,7.5,10,19.5,20,58,47,28,35,13,0
CRS3035RES200mN2314200E3627200,200,516,221,78,83,23,78,40,8216477.3,15433,221,0,0,0,139,82,0,80,24,5,48,59,34,98,88,45,73,42,0
CRS3035RES200mN2314400E3627200,200,561.5,230,79,80,28,69,37,8829216.6,14683,207,23,0,50,27,153,0,138,46.5,18.5,40,36.5,60,134,98,53,51,24,0
CRS3035RES200mN2314400E3627400,200,496,193,89,72,33,14,22,7315931.4,13031,178,15,5,110,11,67,0,138,40,18,46,54,27,98,101,37,51,24,0
CRS3035RES200mN2314400E3627600,200,699,383,150,218,19,81,48,10657120.1,23930,383,0,0,351,0,32,0,235,43,19,47,38,45,158,137,90,82,40,0
CRS3035RES200mN2314400E3630400,200,559,324,47,192,11,121,15,16709580.4,20924,285,39,39,58,96,131,0,0,27,9,26.5,24.5,58,181,108,43,47,35,0
CRS3035RES200mN2314400E3632000,200,713,280,9,79,15,27,20,19093487,21248,257,23,11,230,2,37,0,0,33.5,17.5,47,83.5,71.5,205,205,42,6,2,0
CRS3035RES200mN2314600E3627000,200,612,274,126,122,32,5,35,8270740.3,16464,269,5,0,210,0,51,13,256,41,15,52,62,33,113,129,74,58,35,0
CRS3035RES200mN2314600E3630800,200,392,196,25,92,12,80,17,11757080.1,15933,157,39,55,44,25,72,0,44,15,6.5,22.5,28,40,108,79,30,44,19,0
CRS3035RES200mN2314600E3632800,200,216,74,10,10,12,22,21,4535957.1,7155,6,68,1,0,15,58,0,42,10,2,18,37,26,21,50,23,24,4,1
CRS3035RES200mN2314800E3627200,200,748,342,159,149,27,15,60,10680836.6,19622,328,14,2,105,0,235,0,326,47,37.5,40.5,75,57,166,145,78,78,24,0
CRS3035RES200mN2314800E3631400,200,510,294,41,172,11,105,30,13146706.4,17764,276,18,16,9,0,269,0,41,28,8,25,23.5,52.5,155,113,44,50,11,0
CRS3035RES200mN2315400E3631200,200,574,313,47,166,11,138,39,14279237,19848,268,45,52,28,143,89,1,30,24,15.5,21,39.5,49,191,111,52,49,22,0
CRS3035RES200mN2315400E3631400,200,422,200,16,86,12,122,13,13641069.1,17002,101,99,114,50,4,30,2,0,24,12,29,26.5,31.5,94,95,40,46,24,0
CRS3035RES200mN2315600E3631200,200,594.5,303,50,153,16,100,27,15648929,19055,273,30,62,53,66,122,0,23,43,13,35,31,50.5,221,109,37,36,19,0
CRS3035RES200mN2315600E3631400,200,470,284,49,183,11,71,17,12273465,16094,258,26,165,67,19,32,1,27,11,7.5,16.5,34,38,126,72,38,48,79,0
CRS3035RES200mN2316000E3628000,200,986.5,601,123,350,10,122,60,21819354.1,33550,599,2,4,279,0,316,2,211,38,16,28.5,51.5,100.5,384,139,76,93,60,0
CRS3035RES200mN2316200E3619800,200,276.5,111,19,37,11,43,24,5847907.7,8690,70,41,0,0,25,86,0,48,20,15,30.5,32.5,10.5,47,65,26,20,10,0
CRS3035RES200mN2316200E3628400,200,619,315,54,145,16,118,34,14707397.4,20229,284,31,24,203,52,36,0,92,21.5,14,27,42.5,42,208,102,61,55,45,1
CRS3035RES200mN2316400E3619400,200,248,85,22,12,12,11,32,4636016.1,6741,32,53,0,0,0,85,0,74,12,11.5,28.5,38,24,46,64,11,10,3,0
CRS3035RES200mN2316400E3628600,200,683.5,388,67,209,11,97,41,16728062.1,23429,378,10,38,144,95,111,0,78,32,17,24.5,37.5,58.5,269,119,53,53,20,0
CRS3035RES200mN2316400E3628800,200,669,368,58,179,13,76,42,17411550.4,23486,355,13,51,29,7,281,0,144,32.5,12,24.5,30.5,65.5,216,139,54,71,24,0
CRS3035RES200mN2316800E3630800,200,612.5,410,120,290,10,90,21,15664446.3,21611,402,8,192,36,74,102,6,50,16,12,14,30.5,87,210,109,50,64,19,1
CRS3035RES200mN2317400E3629600,200,771.5,453,101,263,11,177,35,18530305.1,27738,445,8,107,272,5,68,1,60,33,12,32,35.5,99,235,119,66,80,60,0
CRS3035RES200mN2317400E3631800,200,486,228,44,94,10,40,51,8645168.2,15811,228,0,0,180,0,48,0,183,18,16.5,43.5,40.5,35.5,97,93,58,52,32,0
CRS3035RES200mN2318000E3629000,200,879,580,104,386,11,145,35,20683090.5,28457,579,1,0,55,49,476,0,68,31.5,10,22,30.5,119,395,132,69,56,13,1
CRS3035RES200mN2318000E3631000,200,356.5,181,52,96,11,45,29,7748765.6,11715,157,24,91,11,9,68,2,56,21,8,28.5,36.5,24.5,95,77,37,21,8,0
CRS3035RES200mN2318000E3631400,200,617,353,86,198,10,104,52,12047860.9,19999,334,19,81,163,3,106,0,183,22,17.5,32.5,40,46,150,119,77,78,35,0
CRS3035RES200mN2318200E3631000,200,1034.5,590,121,315,22,341,78,21423675.4,35715,560,30,54,208,297,31,0,38,44.5,22.5,41.5,60.5,61.5,254,181,101,153,106,9
CRS3035RES200mN2318800E3629200,200,836,306,100,91,46,16,77,12871075.9,23266,293,13,8,255,0,42,1,289,40.5,34,86.5,114.5,70.5,121,164,80,81,43,1
CRS3035RES200mN2318800E3629600,200,507.5,269,50,132,15,90,36,11641209.8,18092,243,26,34,102,68,64,1,45,14,8,25,30.5,55,126,84,72,56,29,8
CRS3035RES200mN2318800E3631200,200,597.5,277,72,123,27,35,45,10235167.3,18171,257,20,19,10,52,196,0,200,39,19,43.5,52,51,128,109,79,58,19,0
CRS3035RES200mN2319000E3621000,200,235.5,93,16,28,11,36,15,4966336.9,7563,45,48,0,30,23,40,0,45,7,8,17.5,32,10,32,51,34,35,9,0
CRS3035RES200mN2319000E3629000,200,251.5,125,32,67,10,54,7,5755094.4,9119,80,45,26,50,1,48,0,7,13.5,0.5,14.5,13,35,81,36,20,22,16,0
CRS3035RES200mN2319000E3629200,200,551.5,317,68,174,11,49,53,11421741,19332,298,19,7,6,5,275,24,73,30,11.5,25.5,42.5,60,236,84,24,26,11,1
CRS3035RES200mN2319000E3631000,200,315.5,128,33,44,13,45,23,6700365.8,10170,83,45,19,8,68,33,0,80,25,10.5,28.5,30,20.5,59,66,41,29,6,0
CRS3035RES200mN2319000E3631200,200,319,91,21,15,32,25,10,5582502.8,8265,37,54,8,0,4,79,0,63,23,13,39,46,29,45,64,31,21,8,0
CRS3035RES200mN2319000E3632000,200,1371,673,164,305,45,344,110,24116704.8,43843,673,0,0,379,231,63,0,34,89.5,53.5,87.5,103,83.5,317,256,147,141,92,1
CRS3035RES200mN2319000E3632600,200,551.5,291,77,160,18,69,30,10626780.1,17199,279,12,6,17,177,91,0,155,33,14,27,45.5,51,130,101,63,69,18,0
CRS3035RES200mN2319200E3631000,200,480,213,40,80,19,68,39,9700063.9,14301,193,20,9,8,41,155,0,66,30,8.5,40,43,43.5,127,111,41,26,10,0
CRS3035RES200mN2319200E3631400,200,322.5,157,14,68,10,95,22,8495317,12230,121,36,29,8,77,43,0,14,12,11,17.5,24,27,62,79,44,30,16,0
CRS3035RES200mN2319400E3632000,200,473,219,45,92,19,3,35,8967175.2,13405,219,0,0,0,0,219,0,27,46.5,22,41.5,38,39,157,74,27,23,5,0
CRS3035RES200mN2319600E3621000,200,454,217,34,98,15,23,43,9083207.1,14133,185,32,0,11,63,143,0,93,15,12.5,39.5,45,58,111,102,49,19,3,0
CRS3035RES200mN2319600E3631600,200,519,256,70,122,15,52,53,9018143.8,14939,227,29,5,97,20,134,0,114,38.5,13,39,53.5,37,144,91,42,45,16,0
CRS3035RES200mN2319600E3865600,200,251,98,34,30,13,17,26,4090873,7773,86,12,5,18,0,75,0,75,13,6,20,38,26,31,57,31,23,6,0
CRS3035RES200mN2319600E3865800,200,548.5,298,64,155,11,93,39,10439307,20561,291,7,9,173,34,80,2,113,28,15,23.5,41,39,93,98,58,86,67,0
CRS3035RES200mN2319800E3629600,200,619.5,355,59,195,12,174,37,13882084.7,21353,342,13,19,79,17,239,1,15,30,13,24,30.5,66,255,120,40,24,15,2
CRS3035RES200mN2319800E3629800,200,638.5,393,69,241,10,154,35,13769167.5,20535,392,1,1,0,0,392,0,31,30,11,24,30,63.5,273,114,41,40,12,0
CRS3035RES200mN2319800E3631000,200,340.5,157,21,65,11,75,19,7644490.4,10840,148,9,0,0,0,157,0,2,19,12,25.5,22,31,112,54,27,30,8,0
CRS3035RES200mN2319800E3632800,200,246,109,27,43,12,2,19,4313625.9,6672,108,1,1,0,0,108,0,40,24,2,21.5,23,36.5,90,32,13,4,0,0
CRS3035RES200mN2320000E3626000,200,306,135,11,43,10,58,19,7975350.8,10854,85,50,1,0,84,50,0,38,21,7,24,17,18,79,53,38,39,10,0
CRS3035RES200mN2320000E3867400,200,484,257,62,118,11,76,51,9629273.8,17447,241,16,61,71,18,106,1,71,23.5,10,22,40.5,36,86,82,62,83,37,2
CRS3035RES200mN2320000E3867800,200,639.5,339,75,176,14,78,55,11632612.3,19624,310,29,15,80,4,240,0,52,48,20,44.5,49,45,165,128,46,65,29,0
CRS3035RES200mN2320200E3626000,200,657,341,46,166,17,173,48,15390338.4,24277,341,0,0,0,289,52,0,95,23,18,47,50,28,125,137,86,101,41,1
CRS3035RES200mN2320200E3867600,200,540,307,85,171,10,86,56,10006060.7,17940,289,18,130,69,27,80,1,20,41,10.5,27.5,41,51,114,105,59,67,24,0
CRS3035RES200mN2320400E3866800,200,772,456,194,269,11,79,90,12568956.4,26101,455,1,351,2,50,51,2,77,31.5,18,37.5,66.5,73.5,176,157,94,97,21,0
CRS3035RES200mN2320400E3867400,200,606.5,387,138,268,13,66,47,9565417.6,17964,369,18,266,18,61,41,1,32,30,11.5,32,41,35,97,118,82,92,68,0
CRS3035RES200mN2320400E3867600,200,614,369,131,240,12,89,60,9770352.5,19664,353,16,187,82,18,82,0,59,23.5,16.5,41,57,60,132,99,64,88,33,0
CRS3035RES200mN2320600E3866800,200,779.5,452,224,281,20,62,74,11184897.1,22529,424,28,270,9,18,155,0,118,39,14,40,62.5,63,145,157,108,110,30,11
CRS3035RES200mN2320600E3867000,200,526.5,330,133,215,10,67,52,9031133.5,17103,309,21,280,12,1,35,2,21,14,14.5,32,37.5,47.5,126,109,60,61,25,0
CRS3035RES200mN2320800E3626200,200,277,147,27,74,10,39,19,6313039.4,9278,133,14,6,5,50,86,0,43,13,5.5,9.5,20,23,77,58,35,21,15,0
CRS3035RES200mN2321000E3869400,200,252.5,90,42,30,19,22,14,3815604.9,6549,63,27,4,16,18,52,0,56,26.5,15,27,27.5,15.5,58,39,19,14,11,0
CRS3035RES200mN2321400E3869800,200,383.5,153,55,57,20,40,25,5923576.4,11095,141,12,2,0,59,92,0,92,22,12.5,29,50.5,30.5,53,76,52,37,21,0
CRS3035RES200mN2323000E3629600,200,351.5,198,19,113,10,83,24,7483611.7,11433,173,25,5,1,0,191,1,30,19,6,29,25.5,23,146,61,29,11,2,0
CRS3035RES200mN2323200E3629800,200,305,140,26,58,10,41,22,6693184.7,9691,106,34,9,3,3,125,0,23,30.5,10,13.5,26,36,106,39,26,15,3,0
CRS3035RES200mN2323600E3629800,200,507.5,269,63,137,14,35,52,9183999.4,15453,262,7,3,2,16,247,1,91,44,11,34,33,68.5,153,86,33,23,21,1
CRS3035RES200mN2328200E3903400,200,367,184,45,91,14,91,21,7313835.2,12622,116,68,25,65,30,64,0,28,12.5,13,21,30.5,21,64,73,46,59,27,0
CRS3035RES200mN2328600E3903600,200,417,212,51,102,10,90,34,8687916.6,14716,138,74,107,41,2,62,0,42,14.5,19,29,29.5,24,81,96,56,52,16,0
CRS3035RES200mN2329200E3905200,200,466,185,69,58,26,29,39,7070395.8,14136,169,16,0,78,74,33,0,152,28,16,46.5,55.5,25,78,77,52,61,27,0
CRS3035RES200mN2329200E3906400,200,384,144,25,43,20,1,25,6546799.3,11211,83,61,0,0,61,83,0,143,20.5,14.5,45.5,42.5,29,67,69,34,40,21,1
CRS3035RES200mN2329400E3905200,200,777,302,155,104,47,0,58,10475740.9,20444,302,0,0,246,0,56,0,302,45,32,75,87.5,49.5,136,152,96,85,19,0
CRS3035RES200mN2329400E3905400,200,902,297,170,82,67,1,55,11278910.4,23995,294,3,1,263,2,31,0,292,79.5,36,97.5,130,51,153,175,86,70,16,8
CRS3035RES200mN2329600E3905200,200,540.5,278,63,144,16,160,36,9822530.5,19203,278,0,1,94,145,37,1,1,28.5,19,31.5,44.5,23,118,103,55,77,40,1
CRS3035RES200mN2329600E3905600,200,666.5,221,117,65,48,53,42,8951601.1,17028,219,2,0,134,55,32,0,94,50.5,39,73,109,45,130,107,48,46,19,0
CRS3035RES200mN2329600E3906600,200,297.5,116,30,28,14,23,21,5100978.6,9807,57,59,2,0,56,58,0,92,19.5,8,19.5,31.5,20,53,63,46,26,11,0
CRS3035RES200mN2329800E3905400,200,420,230,49,125,11,96,32,7663949.7,14804,215,15,10,124,12,84,0,0,18,11.5,24.5,39,27,85,93,41,60,21,0
CRS3035RES200mN2363400E3628000,200,624.5,388,89,247,11,67,56,11407985.9,24033,357,31,209,12,36,131,0,39,27.5,7.5,27,42.5,79,133,138,68,79,23,0
CRS3035RES200mN2398800E3903000,200,210,61,16,5,13,12,21,3676059.1,5358,0,61,2,0,0,59,0,47,21,13.5,40,30.5,11,58,29,3,4,0,0
CRS3035RES200mN2398800E3903600,200,202.5,83,13,24,10,35,11,4107251,7249,18,65,0,19,20,44,0,41,12,4,12,21.5,11,28,41,28,32,13,0
CRS3035RES200mN2448200E3931800,200,205,71,13,15,12,32,15,4078801.5,6220,29,42,1,5,0,64,1,26,16,10,27.5,16.5,10,44,38,24,18,1,0
CRS3035RES200mN2456200E3445400,200,317.5,142,40,52,10,18,44,5471202.4,9565,124,18,1,9,1,131,0,124,21,4,30,37.5,32,67,71,29,16,10,0
CRS3035RES200mN2459000E3984000,200,348,134,49,46,17,14,22,5331628.1,9714,134,0,0,0,102,32,0,119,24,18,36,41,22,57,63,33,38,16,0
CRS3035RES200mN2459600E3984200,200,441.5,191,16,69,18,130,20,9875252.4,17424,191,0,0,0,130,61,0,25,39,13.5,32.5,31,26.5,101,74,30,49,41,4
CRS3035RES200mN2459800E3984000,200,229.5,82,11,22,14,42,14,5282416.3,6548,53,29,0,37,1,44,0,28,12,10.5,14.5,27.5,23,46,45,19,24,8,0
CRS3035RES200mN2459800E3984200,200,669.5,283,38,102,21,164,35,14719403.5,19671,283,0,0,55,0,228,0,24,54.5,20.5,55,64,48.5,173,131,70,45,8,0
CRS3035RES200mN2459800E3984400,200,1069,369,153,100,72,45,81,16023081.7,28686,369,0,0,264,0,105,0,294,79,50,111.5,149.5,74,195,183,83,101,42,1
CRS3035RES200mN2459800E3984600,200,503.5,225,94,116,30,33,29,7746647.7,12100,225,0,0,95,0,130,0,95,33,23,47,55,58.5,116,94,35,34,8,0
CRS3035RES200mN2460000E3952200,200,284,137,36,65,11,32,16,5103203.8,8687,121,16,13,56,7,61,0,65,10,10.5,16,28.5,25,36,58,34,43,23,0
CRS3035RES200mN2461000E3985000,200,271.5,118,13,43,10,54,19,6253485.5,8610,118,0,1,44,0,73,0,35,18,10,19,34.5,13,66,50,20,23,18,0
CRS3035RES200mN2461000E3987000,200,502.5,213,34,74,15,103,23,10987128.9,14836,202,11,0,11,2,200,0,79,31.5,17.5,28.5,49,36,97,106,69,49,19,0
CRS3035RES200mN2461000E3987400,200,447,181,34,52,18,87,24,9228760.1,12289,181,0,0,0,34,147,0,77,26,15,35,46.5,36.5,113,95,43,33,4,0
CRS3035RES200mN2461000E3987600,200,618,253,95,89,28,21,50,9656859.2,16821,253,0,0,163,0,90,0,211,48,26,61,65,47,111,100,70,58,31,1
CRS3035RES200mN2461200E3985000,200,552.5,270,36,116,11,128,35,12998831.2,19019,269,1,15,65,53,137,0,66,21,8.5,30,51,45,116,121,51,63,46,0
CRS3035RES200mN2461200E3985200,200,557,301,34,156,11,165,22,14437364.2,21417,281,20,18,76,110,97,0,32,17.5,12.5,23,34,42,132,109,55,76,55,1
CRS3035RES200mN2461200E3985800,200,676,346,71,158,14,203,49,14074324.4,22731,343,3,2,278,0,66,0,55,28,16,30.5,51.5,60,134,108,90,91,67,0
CRS3035RES200mN2461400E3984600,200,905,482,75,249,17,219,50,22318083.5,31329,461,21,78,185,29,190,0,41,41,17.5,62,56,71.5,270,158,90,88,51,0
CRS3035RES200mN2461400E3984800,200,667,322,26,136,15,173,25,18750294,24958,314,8,6,88,68,160,0,51,27.5,15,52.5,53,35,137,144,57,89,56,1
CRS3035RES200mN2461400E3985200,200,347.5,172,30,79,10,68,28,8266993.3,11880,152,20,18,62,15,77,0,25,20,11.5,18,31,31,87,62,43,30,14,0
CRS3035RES200mN2461400E3985400,200,431,224,35,118,10,123,9,12568705.8,16291,192,32,48,65,66,45,0,8,18,10,26.5,20.5,35,97,88,56,52,28,0
CRS3035RES200mN2461600E3984000,200,1233,693,103,365,19,343,63,29161052.3,45564,693,0,37,580,0,76,0,2,52.5,14.5,59.5,65.5,129,367,197,105,151,92,0
CRS3035RES200mN2461600E3985000,200,700.5,393,57,220,15,180,23,17737403.2,26297,384,9,7,303,0,83,0,20,26.5,19,35.5,36.5,67,225,120,51,77,43,0
CRS3035RES200mN2461600E3985200,200,929.5,486,67,238,20,223,34,24245804.8,37147,475,11,49,285,66,85,1,22,50.5,21,47,49.5,84.5,235,156,72,131,83,0
CRS3035RES200mN2461600E3987000,200,757,398,126,198,19,67,74,12689445.7,22596,394,4,0,350,16,32,0,312,35,16,39,53,56,136,164,100,105,53,0
CRS3035RES200mN2461600E3987200,200,499,251,48,122,10,142,22,10854687.6,16593,213,38,38,158,6,49,0,34,15,11,31,30,45,103,89,57,85,33,0
CRS3035RES200mN2461800E3984200,200,691.5,341,47,158,11,142,35,17983048.3,23605,337,4,91,113,0,137,0,28,35,22,41.5,53,59,183,141,62,67,28,0
CRS3035RES200mN2461800E3984400,200,705,348,55,177,21,52,45,15873548.9,21832,348,0,0,32,0,316,0,157,35,21,49.5,72,46.5,164,152,53,64,48,0
CRS3035RES200mN2461800E3984600,200,1363.5,612,74,238,40,239,72,36252617.3,45617,611,1,18,185,21,388,0,142,73.5,37,92.5,143.5,101,378,283,93,116,45,1
CRS3035RES200mN2461800E3984800,200,893,463,65,236,17,241,36,23358678.2,36277,462,1,130,269,0,64,0,16,49,19.5,48.5,62.5,72.5,240,162,57,108,70,4
CRS3035RES200mN2462000E3985000,200,702,288,81,127,47,0,46,11611253.7,23249,288,0,0,1,256,31,0,287,30,21,62,98,55,89,162,88,69,27,1
CRS3035RES200mN2462400E3985000,200,623,308,32,134,21,176,27,20128604.1,29301,305,3,205,34,24,45,0,17,14,8,38.5,47.5,63,124,112,60,106,50,0
CRS3035RES200mN2462600E3982400,200,546,258,55,118,20,115,28,11573997.6,17398,235,23,50,21,42,145,0,81,31.5,12.5,33,51,37,109,119,70,50,33,0
CRS3035RES200mN2462600E3985400,200,475.5,211,17,83,15,112,17,14974614.6,19208,209,2,142,29,6,33,1,0,16,6,27,43,54.5,79,102,64,60,24,0
CRS3035RES200mN2462800E3982200,200,450.5,186,36,71,24,70,32,8705529.8,13483,175,11,21,37,35,93,0,82,31.5,11,33.5,53.5,30,87,79,53,40,32,0
CRS3035RES200mN2462800E3982400,200,619.5,293,46,137,24,128,33,14134728.7,19180,269,24,27,56,2,208,0,62,43,26,39,55.5,30,180,130,48,47,21,0
CRS3035RES200mN2462800E3982600,200,470.5,208,31,75,15,84,23,10089078.3,14582,188,20,32,46,52,77,1,75,31.5,14.5,33,35.5,24,105,88,51,59,29,0
CRS3035RES200mN2462800E3985200,200,961,496,100,253,27,211,60,25442322.7,38643,495,1,260,73,52,111,0,113,29,25,36,80,94,209,176,109,166,37,0
CRS3035RES200mN2462800E3985400,200,440.5,172,89,69,24,4,17,6348428.6,10973,172,0,23,0,96,53,0,166,17,7,25.5,44,21,60,69,57,105,26,9
CRS3035RES200mN2463000E3982200,200,420,244,48,144,10,98,19,8317227.5,12831,234,10,7,70,5,162,0,87,13.5,6,19.5,21,80,92,67,53,46,22,0
CRS3035RES200mN2463000E3982600,200,500,255,38,131,10,109,17,10986582.2,16106,230,25,77,56,0,122,0,39,24,13,31,29,39,134,93,72,43,22,0
CRS3035RES200mN2463200E3982200,200,538.5,272,32,127,14,193,32,11466597.8,17588,239,33,21,218,2,31,0,5,28,9.5,20.5,51.5,42,115,125,69,46,32,0
CRS3035RES200mN2463200E3982400,200,454.5,206,12,75,12,151,18,11136190,15869,160,46,42,59,54,51,0,16,12,8.5,28,49,30,70,97,58,63,39,0
CRS3035RES200mN2463400E3982200,200,381,156,39,47,13,63,20,7380701.9,11340,137,19,9,111,1,35,0,69,20,10.5,25,35.5,31,60,88,43,38,30,0
CRS3035RES200mN2463600E3570400,200,319.5,154,51,66,10,20,43,5425977.4,11722,119,35,35,8,0,111,0,108,10,10,23,47.5,24,46,67,32,47,13,0
CRS3035RES200mN2463600E3982000,200,516,227,43,84,17,103,36,9883777.9,15615,210,17,13,69,49,96,0,61,41,13.5,38,38.5,43,120,98,44,59,21,0
CRS3035RES200mN2463600E3982200,200,658.5,292,70,108,28,97,53,11767178.9,18548,279,13,16,200,1,75,0,130,36.5,14.5,56,48.5,70,126,129,80,45,45,8
CRS3035RES200mN2463800E3982200,200,540,238,45,93,21,130,37,10377027.3,15359,232,6,8,76,19,135,0,35,37.5,13.5,41,42,42,118,102,52,53,39,0
CRS3035RES200mN2469200E3487200,200,998,507,165,251,28,38,96,16123946.4,31961,501,6,3,195,260,49,0,452,43,29.5,72,90,58.5,188,201,155,109,51,1
CRS3035RES200mN2470600E3485000,200,182,83,21,35,10,42,4,5594191.2,7842,37,46,12,33,5,33,0,0,5,3,14,18,33,24,36,12,27,10,0
CRS3035RES200mN2470600E3486400,200,690.5,291,41,101,28,52,43,15248191.7,22287,269,22,47,76,52,116,0,197,37,15.5,55.5,86.5,65,134,157,74,46,20,0
CRS3035RES200mN2470600E3486600,200,400.5,162,18,42,12,86,22,10375324.8,13515,65,97,102,4,13,43,0,55,23.5,13.5,28.5,36,26,71,94,61,36,10,1
CRS3035RES200mN2471200E3487800,200,305,157,63,96,16,5,15,5508043.5,7703,156,1,11,0,0,146,0,145,20,8,19.5,25,62.5,100,41,19,8,0,2
CRS3035RES200mN2471400E3485800,200,391.5,216,40,120,10,96,19,10542830.3,14881,133,83,101,12,50,53,0,0,8,5,18.5,30,67,93,75,47,34,14,0
CRS3035RES200mN2471600E3484200,200,485.5,254,45,127,11,91,25,10416405,17548,239,15,14,46,53,141,0,28,19,7,21,35.5,68,137,94,50,34,20,0
CRS3035RES200mN2471600E3485400,200,320.5,145,18,63,14,73,5,10134060.5,12794,68,77,85,14,8,37,1,0,7,8.5,23.5,25.5,45,74,66,21,32,18,0
CRS3035RES200mN2471600E3486000,200,554,296,73,156,12,82,38,12310652.3,18150,203,93,150,10,8,128,0,69,18,13,28.5,49,69.5,154,117,44,42,19,0
CRS3035RES200mN2471800E3485400,200,463,226,24,107,12,127,24,14543517.9,19158,128,98,119,6,63,38,0,0,16,4,22.5,47.5,55,84,97,51,64,22,0
CRS3035RES200mN2471800E3486600,200,629.5,410,154,287,10,89,25,12329406,18599,340,70,319,6,41,42,2,8,29.5,13,22.5,23.5,98,246,98,47,41,11,0
CRS3035RES200mN2471800E3487200,200,514,245,64,105,12,50,40,10508380.8,16913,195,50,130,1,3,111,0,112,16.5,16,37.5,48,55,111,128,57,32,13,0
CRS3035RES200mN2471800E3487400,200,999,464,116,188,36,91,84,18903462.8,31204,395,69,108,2,7,346,1,306,65,30,58,65,78,247,196,105,98,56,1
CRS3035RES200mN2472000E3486400,200,538.5,352,117,251,10,78,16,11796204.8,16815,305,47,286,8,13,45,0,1,19,7.5,13,26,106,225,78,28,27,9,0
CRS3035RES200mN2472000E3486600,200,586.5,382,155,263,10,62,18,11400529.2,16324,339,43,264,5,29,81,3,0,26,2.5,19.5,22.5,97,232,91,46,34,16,0
CRS3035RES200mN2472000E3486800,200,627,386,134,252,11,79,25,12309329,19554,346,40,284,21,42,35,4,7,22.5,15.5,39,25.5,88.5,223,116,45,38,14,0
CRS3035RES200mN2472400E3485600,200,422,201,19,88,10,83,21,12789476.2,17362,128,73,148,0,3,50,0,9,14,9,23,38.5,52.5,92,96,49,32,16,0
CRS3035RES200mN2472400E3486800,200,690,428,174,268,10,73,40,12998662,21520,410,18,292,13,22,100,1,45,29.5,17.5,27.5,33.5,100,257,129,49,41,6,0
CRS3035RES200mN2472400E3487000,200,761,468,184,298,14,60,44,13730949,23253,448,20,327,0,94,45,2,129,21,10,31,43.5,84.5,234,164,88,74,11,0
CRS3035RES200mN2472600E3485200,200,482.5,267,43,151,10,76,29,11734060.7,17434,185,82,141,7,34,84,1,101,19,8,25,42,30.5,141,96,50,51,20,0
CRS3035RES200mN2472600E3485800,200,552,360,79,239,10,98,27,14015809.7,20208,317,43,169,4,144,43,0,0,15,5,16,17.5,83.5,219,84,48,47,17,0
CRS3035RES200mN2472800E3486800,200,927.5,571,136,352,14,135,36,21731005.8,32389,566,5,484,3,26,51,7,47,38.5,11.5,24,37.5,111,386,149,92,67,11,0
CRS3035RES200mN2472800E3487000,200,759.5,493,124,326,10,110,40,16683159.6,26953,486,7,381,3,43,64,2,55,22.5,17,32,31,68,323,135,66,53,12,0
CRS3035RES200mN2473000E3483400,200,260.5,118,11,46,10,56,12,7943366.5,9883,62,56,53,14,3,48,0,3,16,6,19,23.5,19,61,60,17,19,20,0
CRS3035RES200mN2473000E3489800,200,283.5,93,24,28,24,46,19,4666090.8,7025,70,23,0,0,0,92,1,46,16.5,9.5,35.5,44.5,29.5,64,61,17,6,0,0
CRS3035RES200mN2473600E3483600,200,344.5,158,10,71,11,55,16,10096234.7,12912,111,47,66,13,2,77,0,44,11,12,32,29.5,27,82,83,31,25,12,0
CRS3035RES200mN2473600E3483800,200,320,124,7,34,10,95,8,10678960.5,13874,28,96,77,10,5,32,0,0,15,11.5,23.5,31,19,53,72,44,40,11,0
CRS3035RES200mN2473600E3489000,200,511,211,75,79,27,0,44,7843362,16209,211,0,0,148,0,63,0,210,33.5,15,45,50.5,35,101,90,56,53,30,2
CRS3035RES200mN2473600E3489200,200,312.5,119,47,35,13,0,21,4804220,7829,119,0,0,79,4,36,0,115,11,5,24,48.5,22,52,68,37,34,11,0
CRS3035RES200mN2474000E3484800,200,421,223,32,119,13,126,14,13335303.3,19248,146,77,85,14,11,113,0,0,12,12.5,18.5,26.5,44.5,80,80,48,67,32,0
CRS3035RES200mN2474000E3485000,200,441,212,14,89,14,139,17,14761327.4,21139,129,83,117,7,1,86,1,0,15,11,25,39,25,62,99,48,77,40,0
CRS3035RES200mN2474000E3485600,200,487,257,31,123,11,116,18,14614395.8,22978,180,77,173,13,41,30,0,0,14,11,20.5,36.5,25,106,94,54,88,38,0
CRS3035RES200mN2474000E3487600,200,381.5,154,23,49,12,50,41,8164091.1,11674,93,61,3,0,0,151,0,91,24,16.5,32.5,41.5,25,96,83,41,17,5,0
CRS3035RES200mN2474000E3489000,200,367,166,24,60,12,78,21,8941737.8,12647,112,54,51,48,3,64,0,43,21,10,24,23,21,114,55,50,34,15,0
CRS3035RES200mN2474200E3485000,200,483.5,253,24,116,11,146,15,16429555.7,25612,203,50,111,85,16,41,0,0,12,6,19.5,31,42,96,83,50,82,62,0
CRS3035RES200mN2474200E3485600,200,655.5,372,63,217,17,149,22,19210528.8,27760,275,97,268,6,53,44,1,0,13,12,26.5,44,62,161,133,85,82,36,1
CRS3035RES200mN2474400E3484200,200,325,149,11,64,15,95,10,10423910.1,13916,59,90,72,8,33,35,1,0,6,6,22.5,32.5,25,34,81,33,60,25,0
CRS3035RES200mN2474400E3484800,200,362.5,133,7,34,18,95,7,12868155.7,18707,51,82,76,10,2,45,0,0,18,11,23,39.5,32,50,62,44,54,28,1
CRS3035RES200mN2474400E3485000,200,487,231,21,95,18,127,16,16338083.8,22766,160,71,85,3,12,131,0,0,14.5,10,25.5,38.5,44.5,72,102,60,78,42,0
CRS3035RES200mN2474400E3485400,200,466,216,18,95,19,130,14,15873053.4,20465,111,105,147,13,19,37,0,0,18,14.5,35,44,25.5,96,105,40,72,16,0
CRS3035RES200mN2474400E3485600,200,591.5,311,51,172,15,119,20,16578227.9,21613,232,79,253,11,15,32,0,0,31,9,21,46.5,64,185,127,46,49,13,0
CRS3035RES200mN2474600E3483800,200,470.5,242,17,118,11,125,27,13610194.5,17443,192,50,41,67,40,94,0,0,19,10,25,32.5,45,107,113,56,45,17,1
CRS3035RES200mN2474600E3484400,200,286.5,111,8,28,11,55,22,8580080.8,11532,60,51,48,28,2,33,0,29,9,5,30,30,29.5,43,76,31,23,10,0
CRS3035RES200mN2474600E3485400,200,439,218,17,100,12,118,18,13905307.8,19200,135,83,153,3,3,59,0,0,21.5,7,23.5,34,32,101,94,44,65,17,0
CRS3035RES200mN2474600E3487000,200,550.5,293,43,140,14,107,40,16130957.1,23770,290,3,219,11,12,49,2,43,22,8,25.5,31,56,164,111,49,68,16,0
CRS3035RES200mN2474800E3486400,200,516.5,256,40,129,14,122,17,15588292.8,20666,184,72,162,56,2,32,4,4,34.5,17.5,30,36.5,37,134,112,37,53,25,0
CRS3035RES200mN2474800E3486600,200,675.5,395,75,222,11,109,36,17718353.5,25848,350,45,298,10,32,53,2,0,25.5,18.5,21,29,62.5,251,119,64,61,24,0
CRS3035RES200mN2474800E3489600,200,447.5,235,49,114,11,20,35,8267351.2,13009,223,12,11,59,1,163,1,121,33,15.5,24.5,26.5,61,136,79,26,33,13,0
CRS3035RES200mN2474800E3489800,200,724.5,346,78,147,21,100,53,13909546.8,21223,316,30,21,2,3,318,2,115,60,19.5,41.5,55.5,65,290,110,34,44,5,0
CRS3035RES200mN2475000E3487000,200,672,392,79,227,10,113,28,17754801,24971,352,40,326,18,11,35,2,1,26,9.5,29.5,27.5,83.5,250,118,56,60,12,0
CRS3035RES200mN2475000E3487200,200,579.5,307,50,151,10,74,37,13285192.5,20572,286,21,121,4,5,176,1,105,29,16.5,33,36,34,180,128,49,60,14,0
CRS3035RES200mN2475200E3487200,200,359.5,174,30,87,15,48,17,9091241.9,13660,147,27,82,8,1,83,0,56,15.5,8,22,29,37,90,73,47,26,12,0
CRS3035RES200mN2475200E3487600,200,609,301,62,148,18,104,39,15032529.2,21308,203,98,145,4,6,145,1,39,21.5,14,28,62.5,58,167,149,58,34,13,4
CRS3035RES200mN2475400E3487000,200,488,234,33,100,14,64,29,12387945.4,18956,182,52,90,11,2,131,0,98,24,12,25,49,35,104,119,47,55,17,1
CRS3035RES200mN2475400E3487400,200,521.5,282,41,138,10,36,34,11859674.1,18920,268,14,47,4,37,194,0,73,25,15,24.5,34,47,207,85,41,32,10,1
CRS3035RES200mN2475400E3487600,200,475.5,266,53,140,10,99,23,11585114,18212,202,64,157,51,3,52,3,0,24,7.5,13,20.5,49.5,166,88,53,42,12,0
CRS3035RES200mN2475600E3482200,200,489,224,46,88,12,5,71,8276678.6,15035,219,5,0,4,185,35,0,219,30,17,44.5,57,35.5,91,109,56,39,9,1
CRS3035RES200mN2475600E3487600,200,482,216,31,97,19,46,41,10531681.4,17150,148,68,53,14,118,31,0,149,30.5,16,38,52.5,44,98,106,46,35,16,0
CRS3035RES200mN2475600E3487800,200,682,359,44,169,11,91,39,17105193.6,24382,309,50,80,48,7,223,1,64,32,12.5,25.5,41.5,79.5,228,142,58,48,15,0
CRS3035RES200mN2475800E3482000,200,597,263,17,94,12,183,41,14750468,21495,251,12,0,226,0,37,0,6,33,15.5,41,52.5,57,113,158,48,56,23,0
CRS3035RES200mN2475800E3487200,200,666.5,354,44,171,11,180,42,15839593.6,25322,340,14,9,13,116,216,0,94,23.5,7.5,31.5,39.5,59.5,156,140,78,88,42,1
CRS3035RES200mN2475800E3487600,200,659.5,343,88,172,16,75,61,11903895,22529,342,1,1,27,147,168,0,239,35.5,16.5,40.5,45,33,140,113,82,98,56,0
CRS3035RES200mN2476000E3488600,200,961,498,83,228,20,46,70,20408303.7,30130,498,0,0,0,0,498,0,205,69,34.5,48.5,59,121,371,159,62,31,6,0
CRS3035RES200mN2476200E3488600,200,498.5,223,50,89,22,19,39,9484931.7,14489,208,15,15,1,0,207,0,151,44,21.5,40,43,47,169,82,30,20,2,0
CRS3035RES200mN2476400E3483200,200,724,361,54,169,14,121,64,15737671.7,26060,333,28,2,64,260,35,0,191,27,20.5,47.5,70,48,135,159,91,91,35,0
CRS3035RES200mN2476400E3488600,200,416.5,225,50,121,12,16,30,7782870.3,12707,225,0,0,0,0,225,0,119,35.5,13,24.5,25.5,62,172,59,17,7,1,0
CRS3035RES200mN2476600E3483000,200,357.5,165,24,66,10,89,22,8363801,12680,131,34,6,73,47,39,0,26,18,8.5,24,33,29,66,79,42,40,18,0
CRS3035RES200mN2476800E3481400,200,829,354,104,123,28,37,92,13855693.6,24829,335,19,0,0,269,85,0,308,48,32.5,70.5,90,60,164,176,96,71,20,1
CRS3035RES200mN2478000E3487400,200,774,365,99,156,30,56,44,15055659.6,20618,351,14,0,0,0,365,0,187,72.5,29.5,51,48,66,236,125,69,57,20,0
CRS3035RES200mN2479200E3492200,200,298,120,19,32,14,17,22,5560540.1,8929,49,71,0,0,10,110,0,78,21,8,33,28,18,66,59,35,19,11,0
CRS3035RES200mN2479600E3492600,200,337,135,21,45,13,4,26,5830930.7,9683,122,13,0,10,1,124,0,131,28,15,39.5,34.5,20,79,59,27,20,15,0
CRS3035RES200mN2492200E3873000,200,394,193,44,100,19,45,25,6849988.2,13624,175,18,99,18,29,47,0,63,19.5,9,34.5,32.5,32.5,66,72,38,53,37,0
CRS3035RES200mN2492200E3873200,200,430.5,212,32,92,11,77,34,9092101.3,16879,204,8,151,26,1,34,0,0,15.5,6.5,22.5,43,52,77,80,48,45,41,0
CRS3035RES200mN2492400E3873400,200,790.5,420,101,235,27,120,58,13956740.9,29088,420,0,49,185,148,34,4,195,36.5,19.5,61,67.5,50,106,117,90,131,112,0
CRS3035RES200mN2495000E3882000,200,882.5,442,100,226,34,164,38,17246649.6,32351,439,3,36,0,340,66,0,120,42,14.5,63,71,65,145,140,86,159,96,1
CRS3035RES200mN2495400E3882000,200,316.5,144,22,55,12,99,17,7172152.3,12350,131,13,7,0,91,46,0,10,10,5,14,31.5,28,27,75,31,70,25,0
CRS3035RES200mN2495400E3883800,200,525.5,189,84,70,40,4,42,7249010.4,12792,188,1,1,111,0,77,0,182,25,31,63,83.5,41,93,107,37,32,13,0
CRS3035RES200mN2495600E3882000,200,554.5,327,78,204,17,104,23,11015899.9,21003,321,6,112,22,76,117,0,32,26,13.5,24,30,62,125,84,57,90,43,0
CRS3035RES200mN2495600E3882200,200,576,281,75,140,21,110,46,10886878.3,20097,267,14,96,94,17,74,0,56,30,15,32,59,72,101,126,64,47,30,0
CRS3035RES200mN2495600E3882800,200,523.5,311,42,186,13,132,29,11947826.7,20754,304,7,39,64,162,45,1,20,16,6,22.5,36,37,118,97,49,85,57,0
CRS3035RES200mN2495800E3882000,200,635.5,340,90,176,13,142,34,12488672,23252,330,10,133,54,78,75,0,12,22,13,30,51.5,89,116,129,62,87,36,0
CRS3035RES200mN2496000E3881000,200,239,98,47,38,13,11,20,3310714.1,6423,92,6,9,48,0,41,0,79,23,10,25,27,16,43,43,24,17,11,0
CRS3035RES200mN2496000E3881200,200,352.5,166,61,75,14,48,14,5880146,11106,154,12,79,41,0,46,0,0,22,9.5,31,21,38,84,69,29,32,14,3
CRS3035RES200mN2496200E3881800,200,642.5,303,65,136,24,111,41,13960734.7,27246,294,9,169,47,7,80,0,43,31,19.5,38,68.5,51.5,152,121,48,73,40,0
CRS3035RES200mN2496400E3881000,200,476,215,82,95,22,67,21,7719367.4,14411,204,11,128,13,43,31,0,15,27,9,35,45,31,98,95,49,65,22,0
CRS3035RES200mN2496600E3881200,200,639,297,108,130,24,89,48,10528598,19659,280,17,114,91,20,72,0,68,52,21.5,48.5,44,62,144,124,62,61,20,0
CRS3035RES200mN2496600E3883000,200,291,95,28,23,22,43,9,5174812.5,8597,53,42,30,13,3,49,0,48,18,8,30,48.5,15.5,50,49,25,35,12,0
CRS3035RES200mN2496800E3881200,200,432,203,99,86,14,36,44,6214888.7,13021,201,2,125,8,9,61,0,41,26,13,39.5,47.5,30,102,75,38,41,20,0
CRS3035RES200mN2496800E3881400,200,440.5,201,92,98,23,40,32,6714304.4,13891,199,2,113,13,6,69,0,89,36.5,8,34.5,56.5,35,95,88,42,30,15,0
CRS3035RES200mN2496800E3881800,200,544.5,320,101,189,10,89,38,10760127.7,22066,318,2,252,11,11,46,0,28,17,11,30,37,62,134,101,49,74,27,2.5
CRS3035RES200mN2497000E3881200,200,685.5,274,118,103,40,53,40,10418496.6,19681,273,1,102,5,131,36,0,149,40,22.5,55.5,86.5,61,130,131,61,66,32,0
CRS3035RES200mN2497000E3881800,200,639,344,77,186,15,143,32,14433404,29337,342,2,272,13,16,43,0,33,23,11,43,56,52,166,122,55,79,32,0
CRS3035RES200mN2497200E3881000,200,821.5,342,153,133,43,64,61,12666444,24963,332,10,160,10,15,157,0,155,42.5,41,70,90.5,86.5,146,168,74,80,23,0
CRS3035RES200mN2497200E3881200,200,622,311,85,151,23,108,41,13033623,25938,307,4,245,17,3,46,0,53,41,12.5,51.5,45,48,137,136,61,58,32,0
CRS3035RES200mN2497400E3881800,200,851.5,474,129,278,26,150,56,15651218.2,30070,463,11,250,26,82,115,1,27,31.5,18.5,63,68,71.5,201,149,63,94,92,0
CRS3035RES200mN2497600E3881200,200,705,347,123,182,26,101,51,12257725.4,25202,341,6,227,56,8,56,0,68,33.5,24,55,69,56.5,153,129,60,73,52,0
CRS3035RES200mN2497600E3881400,200,614,311,77,161,20,118,24,13618286.9,26472,311,0,196,13,71,31,0,31,37.5,14,33,36.5,64,160,99,52,78,32,8
CRS3035RES200mN2497600E3881800,200,573,269,89,117,20,98,37,10502140.8,19645,256,13,168,53,11,34,3,29,26,16,40,56.5,52.5,136,107,44,73,22,0
CRS3035RES200mN2497800E3881200,200,924,459,153,231,34,177,55,16482830.5,32097,449,10,295,34,51,79,0,41,50,24,59,78.5,89.5,228,175,96,86,38,0
CRS3035RES200mN2497800E3881400,200,787,408,93,203,23,149,52,15830004.9,30626,401,7,321,27,1,59,0,32,43,20.5,51,51.5,95,212,141,79,71,22,1
CRS3035RES200mN2497800E3881600,200,634.5,329,74,171,23,132,30,12997116.5,26526,320,9,174,99,15,40,1,6,23,13,30,47.5,72,146,102,75,86,38,2
CRS3035RES200mN2500000E3891400,200,493,247,68,123,16,91,28,8276229.2,17596,233,14,99,65,40,43,0,79,26.5,14.5,30.5,41.5,37,111,89,48,64,31,0
CRS3035RES200mN2500200E3891400,200,476.5,201,63,80,23,60,23,8072799,15211,187,14,127,3,13,55,3,46,26.5,19,43,55,52,102,74,50,39,15,1
CRS3035RES200mN2500800E3891800,200,408,181,57,77,18,33,26,6679332.1,13358,177,4,81,15,18,67,0,93,22,13,37.5,45.5,33,74,86,44,29,24,0
CRS3035RES200mN2503000E4001400,200,541,234,62,100,27,28,43,10545433.4,14776,219,15,15,167,0,52,0,195,33,14,59,58,40,95,110,51,56,25,0
CRS3035RES200mN2503000E4002200,200,420.5,205,35,98,17,63,33,9444234.2,13375,199,6,34,4,90,65,12,57,18,10,35.5,39,42,102,72,35,46,21,0
CRS3035RES200mN2503000E4002400,200,631,376,61,225,10,99,33,13646123,21952,371,5,40,56,70,210,0,160,26,9,25,32.5,63.5,145,109,63,72,86,0
CRS3035RES200mN2503200E4002400,200,350,183,39,103,14,55,20,7290532.6,11406,183,0,117,4,29,33,0,43,15,3,27,39,30,100,74,23,32,7,0
CRS3035RES200mN2503200E4002800,200,561.5,274,48,128,18,81,35,12437111.2,17867,274,0,38,0,35,201,0,97,28,16.5,31,50,51,123,104,44,69,44,1
CRS3035RES200mN2503600E4001600,200,723,334,72,149,31,53,58,14062966.9,22292,334,0,0,0,11,323,0,229,53,25.5,56,74,47.5,147,137,77,75,31,0
CRS3035RES200mN2503600E4002400,200,433.5,238,36,132,10,121,18,11516167.1,18775,237,1,138,9,9,82,0,18,22,4,19,33,46.5,83,87,26,67,46,0
CRS3035RES200mN2503600E4002600,200,416.5,197,42,101,14,50,18,7910056.4,13171,196,1,41,38,0,118,0,107,25.5,9,25.5,38.5,35,97,85,45,42,14,0
CRS3035RES200mN2503600E4002800,200,371,162,36,58,16,44,34,6691468.9,10412,160,2,41,0,1,117,3,66,26,8,20.5,46,35.5,87,75,25,36,11,1
CRS3035RES200mN2503800E4001400,200,364.5,189,24,95,10,75,27,8301548.3,12692,180,9,8,57,3,120,1,51,18,7,29,32,34,93.5,68,34,28,21,0
CRS3035RES200mN2503800E4001600,200,796,468,33,250,10,249,41,21734307.2,33454,463,5,60,271,75,62,0,0,31.5,10,32,30,49.5,188,136,79,148,84,8
CRS3035RES200mN2509000E3952000,200,617,328,79,180,24,99,42,11556868.1,23409,327,1,1,0,292,35,0,189,24,14,30.5,51.5,44,84,107,82,109,71,0
CRS3035RES200mN2509000E3952200,200,450,251,35,145,11,67,41,9206687.6,16762,240,11,102,1,115,32,1,57,18,6.5,31,39,55.5,109,88,32,47,22,2
CRS3035RES200mN2509000E3952400,200,479,256,53,131,12,48,42,9218602,17010,252,4,18,85,14,139,0,150,18,8,19,51,30,97,92,59,66,39,0
CRS3035RES200mN2509000E3952600,200,328.5,164,15,66,10,70,21,7721370.5,12520,150,14,9,18,5,132,0,30,15.5,7.5,18,23,26.5,59,51,29,62,36,1
CRS3035RES200mN2509600E3952400,200,220,96,18,36,10,32,18,4780998.2,7282,69,27,15,5,14,62,0,43,14,8,20,19,22,53,45,21,14,4,0
CRS3035RES200mN2509800E3952000,200,510,239,71,95,21,57,44,8733683,15512,206,33,77,123,0,39,0,126,23.5,18.5,44.5,43,42.5,111,98,40,59,30,0
CRS3035RES200mN2518000E4002200,200,439.5,211,39,87,14,82,36,9559501.4,14177,199,12,82,16,6,107,0,68,16,10,27,43.5,36,94,84,48,59,22,0
CRS3035RES200mN2518800E4002000,200,239.5,109,15,42,11,51,21,4840827.6,7464,108,1,0,3,1,105,0,43,16,4,17,26,19.5,48,51,28,27,3,0
CRS3035RES200mN2519000E3927400,200,474.5,222,15,85,11,109,29,11374776.4,15179,198,24,14,2,20,186,0,7,42,24.5,29.5,27,29.5,196,53,27,32,14,0
CRS3035RES200mN2519200E3927600,200,339,121,27,26,14,27,33,6542602.4,9916,49,72,5,5,76,35,0,79,25,15,33,40,27,66,64,33,23,13,0
CRS3035RES200mN2519600E3923000,200,215,76,12,19,13,35,14,4110478.6,5720,24,52,0,26,8,42,0,34,13,6,25,33,14,34,46,19,19,6,0
CRS3035RES200mN2519600E3923400,200,162,48,2,4,10,41,2,4695280.2,5294,1,47,3,2,0,43,0,0,10,2.5,8,23.5,22,27,39,18,9,3,0
CRS3035RES200mN2519800E3923600,200,242,85,3,16,10,69,5,6484609.9,7107,26,59,4,1,23,57,0,0,18,9,26,27,10,61,50,11,25,5,0
CRS3035RES200mN2523200E3922000,200,231,90,19,27,13,54,13,4701865.1,6232,73,17,46,7,0,36,1,0,16,7,25.5,21.5,15,49,48,17,24,8,0
CRS3035RES200mN2523200E3922200,200,496,198,30,71,22,91,24,9940806,13597,183,15,34,0,43,121,0,75,23.5,17.5,42.5,41,49.5,89,93,62,54,23,1
CRS3035RES200mN2523200E3922400,200,570,227,63,86,36,34,37,9640442.6,14636,222,5,5,0,23,199,0,139,46,28.5,61.5,68.5,44.5,145,98,25,39,13,1
CRS3035RES200mN2523200E3926000,200,214.5,66,8,5,12,47,12,4879479.5,5480,28,38,0,0,24,42,0,13,10,4,14,16.5,30,39,43,38,16,4,0
CRS3035RES200mN2523200E3926400,200,470.5,187,9,45,15,148,20,11805146.1,16442,162,25,2,12,96,77,0,0,19,19.5,30,42,40,90,95,43,69,23,0
CRS3035RES200mN2523400E3922000,200,749,299,42,102,35,149,48,14314110,19367,291,8,12,10,0,277,0,97,76.5,29.5,65,81,43,217,150,44,28,15,0
CRS3035RES200mN2523400E3922200,200,434.5,218,53,105,11,88,28,8611128.4,14861,204,14,54,22,40,102,0,45,21,10,27.5,34,36,84,89,63,41,29,0
CRS3035RES200mN2523400E3922600,200,742.5,350,57,160,22,138,30,14723791.4,19702,327,23,3,49,13,284,1,0,68.5,35.5,45,35,54.5,309,89,55,42,9,0
CRS3035RES200mN2523400E3926200,200,413.5,133,36,25,26,14,28,6805462.3,9587,121,12,0,1,11,121,0,119,38,29,60,39.5,19,85,90,27,18,8,0
CRS3035RES200mN2523600E3922000,200,408,163,35,57,20,72,18,8268062.5,11175,132,31,53,20,3,87,0,30,27,20,36.5,30,37,99.5,74,41,32,11,0
CRS3035RES200mN2523600E3926600,200,215.5,75,5,14,10,46,12,5745851.9,7286,1,74,8,5,6,56,0,18,5,3.5,13,24,34,33,53,24,14,12,0
CRS3035RES200mN2523800E3922400,200,269.5,107,13,33,12,23,12,5494384.7,7903,60,47,11,46,3,47,0,0,14,12,22,27.5,12,46,52,36,40,8,0
CRS3035RES200mN2524000E3920000,200,304,137,14,63,11,62,14,6122588.8,8255,135,2,2,0,0,135,0,1,37,16,18,19,25,130,32,15,10,2,0
CRS3035RES200mN2524000E3920200,200,582,259,77,111,22,48,37,9873239.8,15249,246,13,128,18,0,112,1,121,45.5,20.5,45,44,37,134,96,57,73,30,0
CRS3035RES200mN2524200E3920200,200,508.5,233,68,102,19,85,29,9341239.8,14221,225,8,129,6,58,39,1,47,44.5,14,29.5,41.5,42,105,106,57,53,16,0
CRS3035RES200mN2524200E3920400,200,648,276,84,104,29,64,45,10727815.8,16535,268,8,24,143,22,87,0,165,46.5,26.5,58.5,52.5,34,133,100,75,92,30,0
CRS3035RES200mN2524200E3920800,200,262.5,100,20,25,11,53,17,5489288.6,6758,93,7,7,40,1,52,0,36,27,9,27,18.5,10,68,47,27,20,9,0
CRS3035RES200mN2524400E3920000,200,377,167,36,80,21,51,15,6943345.2,10984,159,8,76,9,0,79,3,52,35.5,14.5,20.5,37.5,30,81,68,43,32,15,0
CRS3035RES200mN2524400E3920200,200,620,271,75,105,21,98,41,11260123.6,18336,248,23,120,5,0,146,0,56,41.5,8,46.5,66.5,51.5,130,140,56,48,32,0
CRS3035RES200mN2524400E3920400,200,565.5,249,40,117,28,82,23,10710669.7,16461,229,20,51,29,38,131,0,78,36.5,20,38,55,38,138,95,48,68,29,0
CRS3035RES200mN2524400E3920600,200,476.5,184,55,67,29,68,25,8285348.7,12047,154,30,56,6,47,75,0,56,33,28,40,50,24.5,115,79,42,47,18,0
CRS3035RES200mN2524600E3920200,200,676,285,55,121,33,110,38,12692883.1,18032,275,10,43,42,8,192,0,73,49.5,27.5,59,67,37,152,137,56,60,31,0
CRS3035RES200mN2524600E3920400,200,376.5,145,38,43,17,43,27,6920428.6,9986,123,22,24,4,66,51,0,83,19,19,42,36,23.5,65,77,39,40,16,0
CRS3035RES200mN2524800E3920000,200,777,312,91,126,53,52,43,12700106.8,19668,301,11,25,40,79,168,0,215,58.5,37,78.5,89.5,48.5,144,157,58,58,48,0
CRS3035RES200mN2524800E3920200,200,473,223,80,99,19,18,22,7720642.8,10574,203,20,59,2,0,162,0,165,45.5,15,38,29.5,26,105,73,43,80,18,0
CRS3035RES200mN2524800E3920600,200,935.5,299,90,71,67,100,53,15261716,20587,299,0,0,0,183,116,0,182,64.5,49,127,140,47,191,170,63,72,12,0
CRS3035RES200mN2524800E3920800,200,563.5,159,16,20,48,148,18,10750023.2,11602,159,0,0,0,0,159,0,0,66,39.5,87.5,44.5,29,167,95,15,20,0,0
CRS3035RES200mN2526000E3920600,200,425,193,23,67,12,116,29,9192260.6,13725,193,0,0,0,146,47,0,47,18,8,30,42.5,23.5,68,65,42,84,44,0
CRS3035RES200mN2526000E3920800,200,458,200,30,79,23,50,31,8669402.1,11863,200,0,0,139,0,61,0,61,34,20,30,34.5,43.5,102,86,50,39,19,0
CRS3035RES200mN2526200E3920400,200,482,250,42,136,14,63,24,9587980.7,14310,236,14,18,99,8,125,0,89,47.5,18.5,23.5,28.5,26,145,85,41,42,24,1
CRS3035RES200mN2526200E3920600,200,466.5,235,26,114,16,156,25,9810981.3,16636,235,0,0,0,168,67,0,47,24,13.5,30.5,45,21.5,73,79,42,90,48,0
CRS3035RES200mN2526400E3920200,200,1168,433,72,120,63,239,55,25565563.2,36196,425,8,4,8,382,39,0,131,80.5,33.5,94.5,130.5,98,200,229,144,114,37,7
CRS3035RES200mN2526400E3920600,200,562,285,46,140,14,106,51,11202163.9,18185,265,20,6,205,3,71,0,86,26.5,12.5,28,56,55,105,105,75,54,45,0
CRS3035RES200mN2526600E3920200,200,287.5,152,18,83,10,66,13,6945314.5,10325,128,24,46,31,26,49,0,0,21,3,14.5,18.5,24.5,75,47,35,26,23,0
CRS3035RES200mN2526600E3920400,200,656.5,305,24,118,16,214,36,15840601.4,23003,295,10,20,161,57,67,0,20,30,15,30,56,50.5,109,127,88,89,62,0
CRS3035RES200mN2526600E3920600,200,410.5,210,26,106,10,85,24,8360943.1,12006,204,6,0,13,4,193,0,1,21,11.5,21,33.5,35.5,128,71,41,31,17,0
CRS3035RES200mN2526600E3922400,200,1009,391,164,143,65,5,58,15028678.7,25022,387,4,3,295,1,92,0,382,66,38.5,94.5,114,54,210,177,96,120,39,0
CRS3035RES200mN2526800E3920200,200,738.5,394,79,204,19,138,45,15887199.3,22037,382,12,93,3,1,294,3,65,42,21.5,42,43,69,228,144,76,57,15,1
CRS3035RES200mN2526800E3922400,200,250,109,18,37,11,51,13,5433298.1,7127,102,7,2,44,11,52,0,26,16,6,15.5,19.5,21,94,34,17,22,5,0
CRS3035RES200mN2526800E3922600,200,637.5,242,41,77,43,76,27,12374741.8,15929,242,0,0,5,0,237,0,128,43,13,68,60,55.5,197,102,38,38,16,7
CRS3035RES200mN2526800E3922800,200,176.5,85,23,50,11,21,5,3481451.4,4721,66,19,11,7,1,66,0,45,9.5,6,9.5,21.5,28,46,27,13,15,1,0
CRS3035RES200mN2527000E3921600,200,667.5,333,37,144,12,168,35,17160018.2,23249,320,13,33,37,56,207,0,20,41,12.5,25,41,62,183,131,71,72,29,0
CRS3035RES200mN2527000E3921800,200,915.5,375,42,124,38,100,44,21191109.9,25529,375,0,5,82,0,288,0,147,71.5,43.5,88.5,72,54,263,174,63,66,20,0
CRS3035RES200mN2527000E3922400,200,754,365,66,165,19,114,40,16736102.1,24603,354,11,25,135,0,205,0,70,41,17,52.5,55.5,85,244,116,51,57,34,1
CRS3035RES200mN2527000E3922600,200,589.5,289,64,131,21,90,37,12063057.9,17206,280,9,26,29,14,219,1,144,43,21,46,32,30.5,172,96,56,75,18,0
CRS3035RES200mN2527200E3921000,200,560.5,262,62,117,16,46,41,11037243,15369,259,3,25,143,0,94,0,143,37,23.5,36.5,31.5,48,158,81,74,46,25,0
CRS3035RES200mN2527200E3921600,200,441.5,225,38,103,11,36,21,10145068,13382,225,0,32,30,0,163,0,29,25,14,31,28.5,31,160,70,38,27,16,1
CRS3035RES200mN2527200E3922200,200,623.5,300,83,157,25,29,48,11320685,18410,275,25,21,25,1,253,0,254,24,22,40,70.5,43,111,122,78,84,29,0
CRS3035RES200mN2527400E3921200,200,618.5,303,53,138,20,107,34,13955445.2,18652,281,22,92,50,9,152,0,23,33,16.5,39.5,37,49.5,198,107,59,50,29,0
CRS3035RES200mN2527400E3921400,200,497,253,58,126,14,87,31,10683221.9,14848,247,6,107,79,28,39,0,99,24.5,16,25.5,35,55,121,83,57,49,31,0
CRS3035RES200mN2527400E3921600,200,562.5,278,55,123,18,43,39,12122023.1,16036,278,0,1,59,0,218,0,110,41.5,19,35,34,53,212,84,40,33,11,0
CRS3035RES200mN2527400E3921800,200,989.5,522,135,290,30,56,60,19879777.5,29067,513,9,33,1,0,488,0,298,59,33.5,73,63.5,70.5,301,190,85,74,40,0
CRS3035RES200mN2527400E3922400,200,653.5,319,103,166,27,36,42,12122053.1,17306,289,30,42,169,0,108,0,241,37,22,47.5,61,55,139,119,64,73,36,0
CRS3035RES200mN2527400E3922600,200,412,155,38,54,25,41,29,8249927.1,11259,131,24,17,26,2,110,0,108,25.5,17,34.5,57,26,82,89,40,27,14,0
CRS3035RES200mN2527600E3921000,200,1591,722,218,329,77,70,106,28270820,41322,719,3,22,429,1,270,0,494,88,43,104.5,170.5,136,347,294,151,179,69,9
CRS3035RES200mN2527600E3921200,200,671,347,90,176,19,91,42,13430282.4,21688,347,0,28,137,85,97,0,140,34,17,44.5,45,60.5,184,95,53,92,46,0
CRS3035RES200mN2527600E3921400,200,964.5,479,57,224,30,180,42,25148459.8,30256,479,0,7,6,53,404,9,73,54.5,26.5,59.5,70,82,283,175,78,97,38,1
CRS3035RES200mN2527600E3921800,200,894.5,474,39,210,12,261,49,23806148.6,31966,474,0,10,100,334,30,0,0,44,25.5,35,36,79,237,159,89,98,92,0
CRS3035RES200mN2527600E3922200,200,770,411,40,211,16,158,28,21427037.5,25917,368,43,45,36,1,329,0,24,48.5,21.5,32,32,81,256,156,66,61,16,0
CRS3035RES200mN2527600E3922600,200,593,286,80,138,30,49,35,11562980.3,17643,273,13,7,89,47,143,0,114,43,21,47,43.5,47.5,161,108,42,46,31,3
CRS3035RES200mN2527800E3921200,200,792,426,61,220,10,143,45,20727228.5,25332,413,13,31,46,38,311,0,44,48,15.5,48,40,66.5,289,135,61,66,23,0
CRS3035RES200mN2528000E3918800,200,737.5,327,41,115,13,167,29,18962838.5,19785,327,0,0,0,0,327,0,70,93.5,28,53,33,40,357,106,17,10,0,0
CRS3035RES200mN2528000E3921000,200,758.5,418,62,217,10,182,28,20230311.8,26123,402,16,45,154,145,74,0,21,32,25,41.5,31.5,81,203,143.5,78,84,38,1
CRS3035RES200mN2528000E3921200,200,977,483,35,211,22,164,53,27169820.9,32941,478,5,27,66,171,219,0,48,46,20.5,57.5,67,82.5,275.5,215,95,78,40,0
CRS3035RES200mN2528000E3921400,200,588.5,318,29,162,13,121,31,16194803.2,19849,317,1,90,0,111,117,0,39,26,13.5,34.5,33,43.5,171,103,70,70,23,1
CRS3035RES200mN2528000E3921600,200,597,284,17,115,12,159,21,20782485.8,22214,254,30,35,1,25,223,0,0,18,10,19,47.5,58.5,131,126,86,69,32,0
CRS3035RES200mN2528000E3921800,200,502.5,253,23,126,11,118,20,14551175.2,17584,239,14,19,32,110,92,0,47,27,12,27,35.5,43,129,108,54,52,14,1
CRS3035RES200mN2528200E3921000,200,1045.5,541,33,251,12,317,37,31122661,38412,536,5,48,183,178,132,0,34,47.5,19.5,58.5,52,69,270,201,104,150,74,0
CRS3035RES200mN2528200E3921600,200,1172.5,575,55,262,27,230,43,34940548.3,39306,563,12,70,15,0,490,0,76,68,29,66,78.5,86,310,218,121,115,81,0
CRS3035RES200mN2528200E3921800,200,970.5,488,64,227,22,179,29,29965089.1,34134,484,4,104,0,11,373,0,11,42.5,20.5,52.5,56,107,289,188,110,81,23,1
CRS3035RES200mN2528400E3918000,200,635.5,324,53,148,15,80,40,14678534.5,21414,323,1,89,47,93,95,0,64,35,10.5,25.5,44.5,53,175,101,62,86,41,2
CRS3035RES200mN2528400E3918800,200,1116.5,575,84,273,18,115,51,28961218.1,33152,575,0,17,0,0,558,0,118,66,31.5,64.5,58.5,90,503,177,64,54,8,0
CRS3035RES200mN2528400E3921000,200,1086,546,80,276,28,206,50,29161029.1,36189,533,13,142,8,132,264,0,87,48,32.5,69,83.5,104,287,220,106,92,44,0
CRS3035RES200mN2528400E3921800,200,866.5,445,36,201,15,246,30,27710290.9,34255,435,10,63,204,47,131,0,0,37.5,16.5,34,47,81.5,215,171,89,116,58,1
CRS3035RES200mN2528400E3922200,200,710,426,57,254,14,162,22,19816747,27015,391,35,92,38,152,144,0,9,21,5.5,21.5,47,86,215,124,85,77,28,0
CRS3035RES200mN2528400E3922400,200,363,198,31,113,12,42,21,9446936.8,12841,169,29,127,7,23,41,0,27,10,3,16,31,69,98,65,30,28,13,0
CRS3035RES200mN2528400E3922600,200,377.5,197,29,109,16,76,16,10117461.1,13335,162,35,98,36,14,49,0,42,14,4,22,33.5,37,79,93,35,44,16,0
CRS3035RES200mN2528600E3918000,200,1038.5,514,55,226,20,242,55,28480254.6,36995,513,1,95,68,104,247,0,59,44,21,51,80.5,85,238,183,120,146,70,0
CRS3035RES200mN2528600E3918600,200,478.5,234,41,106,14,51,31,10223920.1,14816,234,0,60,92,3,79,0,23,26,9,36,46.5,43,138,99,43,31,7,0
CRS3035RES200mN2528600E3921000,200,595.5,310,32,149,12,93,22,17115457.2,19756,307,3,32,112,24,142,0,0,29.5,18,25.5,38.5,57,198,111,43,43,32,0
CRS3035RES200mN2528600E3921800,200,679.5,321,58,139,20,124,39,17328623.7,24439,320,1,1,135,112,73,0,132,29,15.5,47.5,66.5,53,106,130,79,100,53,0
CRS3035RES200mN2528600E3922600,200,560.5,259,15,102,17,142,26,17399271.3,21120,223,36,60,5,94,100,0,14,24,11,34,41,47.5,121,112,52,78,39,1
CRS3035RES200mN2528600E3922800,200,277.5,126,9,58,14,64,6,9541247,10064,89,37,59,36,0,31,0,0,14.5,9,13.5,22.5,33,48,58,28,33,18,0
CRS3035RES200mN2528800E3921200,200,980,470,34,201,21,237,29,32726928,34768,459,11,41,0,8,421,0,0,34.5,22,44.5,72,106,235,231,110,93,32,0
CRS3035RES200mN2528800E3921400,200,1080,538,30,218,15,300,35,36797660.6,41293,535,3,17,31,70,420,0,0,42,21.5,38,71.5,87,285,228,111,147,49,0
CRS3035RES200mN2528800E3921800,200,889.5,441,34,178,12,211,45,26944840.2,31460,435,6,58,75,164,144,0,53,38,17.5,45.5,64.5,67,250,160,98,120,29,0
CRS3035RES200mN2528800E3922000,200,421,210,50,101,14,55,33,8831608.7,13418,206,4,4,110,0,96,0,86,18,10.5,24,44.5,37,99,87,37,43,20,1
CRS3035RES200mN2528800E3922400,200,460,208,32,79,17,58,26,12796041.1,16382,170,38,72,70,10,56,0,57,28.5,20.5,29,43.5,37.5,94,87,44,46,30,0
CRS3035RES200mN2528800E3922600,200,558.5,281,32,129,10,100,30,16654671.6,19625,254,27,104,41,16,120,0,21,29.5,8,26.5,39.5,56,159,111,55,50,24,0
CRS3035RES200mN2528800E3922800,200,543.5,296,26,154,14,128,29,16378869.7,20011,285,11,61,82,29,123,1,3,24.5,12.5,21.5,36,49,137,114,53,55,40,1
CRS3035RES200mN2529000E3919000,200,553.5,304,47,165,11,75,19,14371179.7,18779,304,0,152,5,49,98,0,49,20,6,28,39,63.5,210,84,46,32,24,1
CRS3035RES200mN2529000E3919200,200,774,456,85,263,10,104,23,19856279,26962,456,0,209,167,7,72,1,27,34.5,9,34,35.5,93,316,125,43,54,30,0
CRS3035RES200mN2529000E3919400,200,955,560,118,330,16,148,34,24968290.6,33171,554,6,210,37,81,231,1,32,40,27.5,47,33.5,108,376,140,62,87,34,0
CRS3035RES200mN2529000E3919600,200,1102.5,688,97,431,12,255,32,30619912.4,41190,684,4,437,24,180,46,1,2,45,21.5,32,37,110,413,168,86,128,62,0
CRS3035RES200mN2529000E3919800,200,944,543,99,315,17,220,37,24716789.2,32772,538,5,264,18,200,61,0,19,47.5,15.5,38.5,56.5,92,339,143,71,100,41,0
CRS3035RES200mN2529000E3921200,200,665.5,375,79,218,12,117,26,17659623.2,22030,354,21,123,86,40,126,0,80,21,9.5,35.5,44.5,88,176,132,57,71,31,0
CRS3035RES200mN2529000E3921400,200,804,373,36,143,19,215,36,24421533.7,27512,372,1,30,10,213,120,0,41,43.5,12,57,53,68.5,215,178,104,60,13,0
CRS3035RES200mN2529000E3921600,200,561.5,254,26,100,11,102,31,16713457.6,18211,249,5,24,39,0,191,0,40,35.5,22,48,43,45,165,119,41,36,7,0
CRS3035RES200mN2529000E3921800,200,677.5,359,43,174,15,120,34,18484448.9,23864,336,23,118,33,30,178,0,48,32.5,23.5,37.5,36.5,77.5,218,123,62,46,21,0
CRS3035RES200mN2529000E3922000,200,1267.5,589,106,251,45,110,89,26167672.4,36398,585,4,145,72,286,86,0,243,64,28.5,103.5,118,117.5,363,262,104,79,28,0
CRS3035RES200mN2529000E3922400,200,356,146,13,55,16,69,8,11467498.6,12068,105,41,27,5,20,94,0,26,24,8,24.5,31.5,36,85,70,28,36,12,1
CRS3035RES200mN2529200E3916800,200,622.5,276,19,97,15,172,36,20135353.4,23624,259,17,0,88,42,146,0,38,28,18,47,52.5,34.5,109.5,130,68,80,55,0
CRS3035RES200mN2529200E3919600,200,1042.5,595,100,340,16,189,37,26812324.6,34658,593,2,472,20,2,99,2,67,56,14,42,47,105.5,449,154,68,88,19,0
CRS3035RES200mN2529200E3921200,200,1097,568,93,285,23,167,54,26726999.1,33741,565,3,125,25,0,418,0,185,48.5,21,79,68.5,92,336,229,98,93,32,0
CRS3035RES200mN2529200E3921400,200,826.5,417,75,202,22,163,37,22947808.1,26986,416,1,132,0,85,200,0,70,20.5,18,49.5,66.5,74,209,160,112,89,28,0
CRS3035RES200mN2529200E3921600,200,1037.5,576,65,325,23,158,43,26847726.8,34156,571,5,73,13,217,273,0,63,38,28,50.5,64.5,84.5,303,182,86,107,94,0
CRS3035RES200mN2529200E3921800,200,633,295,33,117,14,145,22,17940845.3,21484,265,30,85,43,47,120,0,10,25,14.5,31.5,54.5,42.5,174,143,68,54,20,6
CRS3035RES200mN2529200E3922200,200,291.5,135,5,55,11,80,14,8588369.2,10664,113,22,28,6,36,64,1,18,16,5.5,12,23.5,33.5,72,51,37,30,11,0
CRS3035RES200mN2529200E3922400,200,251,108,15,43,10,41,14,6207850.2,8008,88,20,70,0,2,36,0,31,9,5.5,16.5,20.5,20.5,70,55,30,17,7,0
CRS3035RES200mN2529200E3922600,200,496,218,17,82,18,81,25,14098037.5,15984,202,16,48,0,1,169,0,25,26.5,14,29,43.5,52,137,108,51,26,9,0
CRS3035RES200mN2529200E3922800,200,641.5,320,35,152,16,133,41,17120957.1,23830,305,15,132,12,51,124,1,109,36,20.5,27.5,56.5,53,134,120,69,96,29,0
CRS3035RES200mN2529400E3910000,200,542,303,31,162,10,89,33,12503882.4,18273,282,21,51,0,11,236,5,66,31,12.5,30,27.5,38,122,88,49,77,66,1
CRS3035RES200mN2529400E3910200,200,505,256,30,110,11,107,35,12047867.8,18157,240,16,25,3,1,222,5,38,18,13,28,39,30,109,102,29,69,68,0
CRS3035RES200mN2529400E3916200,200,866.5,417,67,166,23,247,75,18475345.8,26336,413,4,1,302,59,55,0,16,51,12.5,46,82,72,205,189,78,99,32,0
CRS3035RES200mN2529400E3919200,200,1040.5,625,113,375,18,180,34,28291738,39020,624,1,498,10,23,94,0,88,38,14,30,48,112.5,395,165,100,110,28,0
CRS3035RES200mN2529400E3919400,200,1195.5,658,119,362,20,193,45,29467128.1,38622,657,1,387,33,8,230,0,154,71,41,62.5,52,96,475,211,88,84,15,0
CRS3035RES200mN2529400E3919600,200,1475,801,171,432,31,184,58,35308216,48505,800,1,329,160,0,312,0,163,72.5,39,65.5,92,153,523,254,116,112,48,0
CRS3035RES200mN2529400E3919800,200,1012,555,49,276,12,274,31,32589309.1,41546,555,0,346,86,0,123,0,6,48.5,20,42,45,69.5,347,153,76,109,102,0
CRS3035RES200mN2529400E3921200,200,1109,492,120,200,42,94,74,21991606.4,30553,491,1,30,44,32,386,0,275,68,21.5,92,106,89.5,281,241,109,81,20,0
CRS3035RES200mN2529400E3921400,200,1143,602,69,301,20,269,35,32273853.7,39226,597,5,185,12,87,318,0,5,79,27,49.5,57.5,90,447,205,78,78,32,0
CRS3035RES200mN2529400E3921600,200,769.5,379,36,167,14,194,38,20840882.2,27791,375,4,101,116,73,89,0,9,39.5,24,47,48.5,65.5,215,167,57,74,32,0
CRS3035RES200mN2529400E3921800,200,1225.5,525,77,200,46,108,89,27040789.9,36243,507,18,97,40,30,357,1,242,83.5,36.5,105.5,115.5,103.5,326,250,113,66,24,2
CRS3035RES200mN2529400E3922000,200,665,348,42,174,15,185,26,18480082.7,25433,315,33,147,77,56,68,0,21,25.5,17,36,43,57.5,195,123,66,61,41,0
CRS3035RES200mN2529400E3922200,200,622,278,61,118,25,73,43,13005836.6,19189,262,16,85,17,36,140,0,102,32.5,19,53,69.5,44,145,134,69,39,16,1
CRS3035RES200mN2529400E3922400,200,947,448,49,194,26,201,65,23008685.6,30459,431,17,61,83,125,179,0,69,50,32,59,80.5,80.5,193,214,94,92,52,0
CRS3035RES200mN2529400E3922600,200,1255.5,627,93,285,21,202,79,31040603,37737,621,6,54,0,60,513,0,79,84,46,76,72.5,115,472,227,86,66,11,0
CRS3035RES200mN2529400E3922800,200,686.5,321,31,142,23,139,40,17676193.6,22458,312,9,37,0,32,252,0,66,50,14,53.5,46,63,182,144,59,52,23,0
CRS3035RES200mN2529600E3916400,200,438,192,11,73,12,112,36,11450458,14660,180,12,8,79,58,47,0,0,14,11,31.5,61.5,34,62,107,51,33,33,0
CRS3035RES200mN2529600E3919600,200,1188,662,105,368,26,211,46,30985119.3,44913,660,2,391,65,115,91,0,101,61.5,28,37,70.5,101,440,209,88,110,42,1
CRS3035RES200mN2529600E3919800,200,1058,570,58,288,17,233,25,32363526,40384,568,2,252,198,5,115,0,24,72,23.5,40.5,44.5,74.5,388,176,86,103,48,2
CRS3035RES200mN2529600E3921000,200,394.5,192,16,93,14,27,25,9293418.1,11723,192,0,0,0,0,192,0,80,27.5,13,32,36,20,131,96,20,14,4,1
CRS3035RES200mN2529600E3921200,200,1177,585,58,257,25,269,54,32740945.4,40355,579,6,65,326,46,145,3,82,47,39.5,78.5,76,97,359,208,104,117,51,0
CRS3035RES200mN2529600E3921400,200,865.5,503,77,291,10,172,46,22744505.2,27695,492,11,211,0,62,229,1,28,41,17.5,39.5,43.5,80,327,175,63,57,22,0
CRS3035RES200mN2529600E3921600,200,837.5,405,67,165,17,179,59,21589483.9,27671,395,10,19,42,108,236,0,57,46,22.5,56,74,65,247,162,72,68,25,0
CRS3035RES200mN2529600E3921800,200,969,518,69,268,19,154,48,24934977.8,30533,511,7,99,47,43,329,0,45,59.5,41,56.5,60,75,350,170,72,67,18,0
CRS3035RES200mN2529600E3922200,200,636.5,323,41,149,13,157,35,15514615.4,21732,319,4,49,0,44,230,0,67,43,19.5,34.5,36.5,34,173,117,76,66,37,0
CRS3035RES200mN2529600E3922400,200,852,368,43,135,36,164,48,20722922.1,27002,360,8,43,29,141,155,0,78,53,18.5,62,69.5,76,231,168,87,57,29,1
CRS3035RES200mN2529600E3922800,200,761,401,73,207,17,163,34,17683745.5,25496,396,5,62,6,201,132,0,121,44.5,16.5,38.5,44.5,54,195,141,81,107,39,0
CRS3035RES200mN2529800E3916400,200,481.5,236,15,110,11,155,18,14848234.2,18325,219,17,10,89,86,51,0,0,26,13,32.5,25.5,40.5,101,92,52,68,31,0
CRS3035RES200mN2529800E3919600,200,1061,548,218,295,40,78,47,19045223.1,29278,548,0,390,0,83,75,0,165,43,16,57.5,72.5,126,306,149,75,158,58,0
CRS3035RES200mN2529800E3919800,200,1096,611,99,345,27,199,40,29688047.4,38205,611,0,447,18,31,112,3,53,63,23,45.5,61.5,85,418,205,77,91,26,1
CRS3035RES200mN2529800E3921400,200,1131,583,49,293,21,256,33,33315463.7,37896,577,6,66,31,27,458,1,0,68.5,31,55,66,103.5,411,202,91,83,20,0
CRS3035RES200mN2529800E3921600,200,695,310,37,141,38,146,19,17585440.3,22031,305,5,25,46,130,109,0,63,42,19.5,47,65,54.5,159,149,67,71,19,2
CRS3035RES200mN2529800E3921800,200,1333.5,645,105,278,36,203,75,34573992.4,41304,637,8,167,11,0,467,0,224,61.5,33.5,74,97.5,117,363,295,159,118,14,1
CRS3035RES200mN2529800E3922000,200,1150,487,78,172,31,197,67,26286676.2,35264,481,6,26,69,66,326,0,143,68.5,37,97,102,68,294.5,215,129,98,39,2
CRS3035RES200mN2529800E3922200,200,1044.5,460,59,177,37,166,55,23966527.2,29058,459,1,24,121,16,299,0,118,82,40,77.5,93,73,331,210,61,50,27,0
CRS3035RES200mN2529800E3922400,200,590.5,258,53,102,22,59,40,11108990.8,16172,256,2,6,219,0,33,0,96,34.5,21,56,61.5,31.5,128,123,65,50,20,0
CRS3035RES200mN2529800E3922600,200,840,397,48,172,24,177,44,19321706.3,24620,397,0,0,135,0,262,0,80,54.5,28,57.5,58.5,60.5,269,152,59,64,37,0
CRS3035RES200mN2529800E3922800,200,809,360,61,143,28,112,49,17670376.7,23961,359,1,32,0,117,209,2,125,68.5,33.5,54.5,57.5,71,247,138,59,52,25,3
CRS3035RES200mN2530000E3914200,200,784,317,46,114,44,118,45,16884212.2,21776,315,2,2,51,154,110,0,116,49.5,20,73,92,45.5,162,179,49,83,28,3
CRS3035RES200mN2530000E3914600,200,830.5,431,33,194,13,222,53,21212095.7,29266,430,1,1,0,140,290,0,0,46,20.5,39.5,52.5,53,232,139,87,117,44,0
CRS3035RES200mN2530000E3919400,200,887,477,81,251,22,133,45,24994269.4,33276,476,1,358,29,40,50,0,96,49.5,14.5,37.5,57.5,87,281,160,72,94,34,0
CRS3035RES200mN2530000E3919600,200,538,275,16,117,11,118,9,19022016.9,23434,275,0,38,137,18,82,0,44,31,10,22,21.5,28.5,150,88,60,84,43,0
CRS3035RES200mN2530000E3922000,200,950.5,439,42,172,24,236,55,23628075,30955,431,8,23,168,34,214,0,45,61,26.5,60.5,74,55.5,251,160,102,93,67,0
CRS3035RES200mN2530000E3922200,200,372.5,179,27,95,16,75,16,9877578,12311,154,25,7,75,32,65,0,14,20,7,16,37.5,26.5,65.5,62,53,66,19,0
CRS3035RES200mN2530000E3922600,200,960.5,452,60,199,26,206,78,21767940,29792,451,1,19,1,113,319,0,101,70,30,76.5,76,55,310,176,78,70,16,3
CRS3035RES200mN2530000E3922800,200,651,347,76,198,23,108,42,13203714.6,19955,339,8,249,2,0,95,1,43,38,13.5,49,62.5,74,212,124,41,33,4,0
CRS3035RES200mN2530000E3932000,200,648.5,295,50,130,26,48,33,12837500.2,18021,295,0,15,4,30,245,1,127,55.5,23,40,54,64,190,123,35,38,26,0
CRS3035RES200mN2530200E3914200,200,678,350,23,172,15,203,35,19017236.5,27065,348,2,1,96,118,135,0,22,31.5,14.5,41.5,64.5,35,126,133,69,101,62,0
CRS3035RES200mN2530200E3922000,200,1062,535,61,266,29,148,48,24250774.3,34233,527,8,51,105,197,182,0,81,64,19.5,60,83.5,75,289,147,84,108,131,1
CRS3035RES200mN2530200E3922200,200,512.5,300,49,187,12,88,22,11861624,15485,299,1,18,7,102,173,0,17,34.5,10.5,30.5,26,48,202,91,30,30,10,0
CRS3035RES200mN2530200E3922400,200,1359.5,682,119,334,39,289,74,29866956.1,42182,682,0,81,87,233,281,0,174,79.5,30,83,109,94,373,263,144,117,67,0
CRS3035RES200mN2530200E3922600,200,1349,647,105,306,40,333,62,33902300.3,44908,643,4,211,92,33,311,0,41,67.5,35,78.5,102,132,340,276,134,128,55,1
CRS3035RES200mN2530200E3922800,200,902.5,436,95,212,32,128,67,17009710.6,27214,435,1,44,268,69,55,0,229,46.5,20,56.5,86.5,67,195,155,105,118,52,1
CRS3035RES200mN2530200E3932000,200,616,307,47,132,17,64,39,13333714.3,18824,296,11,14,1,1,291,0,90,54.5,19.5,35,40.5,41.5,223,97,44,37,24,0
CRS3035RES200mN2530200E3932200,200,353.5,170,14,75,11,70,20,8700179.3,12062,143,27,0,0,72,98,0,48,17,11,25,31.5,27,73,73,22,50,24,0
CRS3035RES200mN2530400E3914400,200,448,188,29,87,23,63,24,9567563.4,13982,184,4,6,1,124,57,0,74,22,11,40.5,59,47.5,86,77,40,37,23,5
CRS3035RES200mN2530400E3914600,200,555.5,261,38,102,11,108,43,12261997.3,18896,257,4,3,79,110,69,0,115,30,14,35.5,32,37,104,105,55,96,45,2
CRS3035RES200mN2530400E3919600,200,839.5,406,54,176,25,182,18,28695556,37501,406,0,265,0,0,140,1,9,51,16,44,50,68.5,244,140,75,115,35,1
CRS3035RES200mN2530400E3919800,200,1096.5,548,43,242,23,265,48,36014595.5,44742,548,0,235,146,50,117,0,58,52.5,17,54.5,72,91.5,254,209,103,154,89,0
CRS3035RES200mN2530400E3922000,200,1223.5,596,120,281,38,148,64,25715978.9,36230,595,1,197,5,37,356,1,164,80,31.5,81.5,95,95.5,363,240,111,94,31,1
CRS3035RES200mN2530400E3922400,200,780.5,352,39,145,35,168,37,18417938.5,25635,351,1,1,125,100,125,1,51,36.5,18,51.5,73,61.5,168,132,73,90,70,7
CRS3035RES200mN2530400E3922600,200,568,294,44,146,12,114,33,13067781.1,17625,293,1,39,59,80,115,1,37,47,13.5,33,35.5,39,169,99,42,63,27,0
CRS3035RES200mN2530400E3932000,200,648,285,48,101,22,71,47,13677299.9,17283,264,21,10,4,2,267,2,118,65,29,52.5,45.5,48,231,106,32,31,8,0
CRS3035RES200mN2530600E3919600,200,1257.5,604,45,265,39,265,35,42998506.5,53673,602,2,542,13,8,31,10,27,64,23.5,60,94,98,337,211,128,155,87,0
CRS3035RES200mN2530600E3919800,200,945,436,26,177,36,245,25,34835919.1,43620,434,2,207,128,34,67,0,0,34,23,51.5,75.5,76,174,187,80,167,77,0
CRS3035RES200mN2530600E3922000,200,593,319,55,157,11,160,47,13046109.6,19862,318,1,28,95,0,196,0,95,26,10,25,30.5,42.5,137,110,71,88,52,1
CRS3035RES200mN2530600E3922400,200,976,531,103,298,28,164,57,21726417.6,31775,529,2,216,132,28,155,0,221,44,20.5,46,62.5,66,231,186,127,117,76,0
CRS3035RES200mN2530600E3922600,200,1751.5,773,94,281,57,387,98,43490083.5,57919,772,1,2,13,535,223,0,239,95,48,126,135,117.5,320,351,195,261,92,11
CRS3035RES200mN2530600E3922800,200,1010.5,512,62,232,20,276,48,26451291.2,37016,501,11,134,291,10,75,2,29,38,23.5,45,63.5,79.5,267,171,113,125,84,1
CRS3035RES200mN2530600E3932000,200,446,213,16,94,10,48,25,9935132.3,12228,202,11,1,2,7,203,0,56,44.5,18,21.5,24,41,167,60,32,29,9,0
CRS3035RES200mN2530800E3914000,200,265.5,114,4,46,12,85,8,8855142,11424,76,38,46,30,1,37,0,0,8,5,16.5,24,29,37,46,25,44,29,2
CRS3035RES200mN2530800E3914400,200,375,180,30,73,10,32,36,8995570.6,11786,172,8,27,0,0,153,0,55,20,16,39.5,28,20.5,110,67,33,34,7,0
CRS3035RES200mN2530800E3914600,200,734.5,364,42,148,12,85,56,19882962.9,24777,361,3,26,31,0,307,0,77,38.5,20.5,50.5,53.5,56.5,197,136,58,85,39,0
CRS3035RES200mN2530800E3919600,200,1248,668,85,353,25,233,45,39450530.1,46191,666,2,613,11,0,44,0,30,52.5,29,60,82.5,106,386,242,109,122,59,0
CRS3035RES200mN2530800E3919800,200,493,239,18,106,11,102,19,18000153.8,19797,239,0,84,32,33,90,0,10,19,7,21.5,37,47.5,121,98,51,56,35,0
CRS3035RES200mN2530800E3922000,200,862.5,434,44,213,26,189,34,22866749.1,28404,425,9,57,6,105,266,0,49,44,17,46.5,59,72,256,179,68,84,37,0
CRS3035RES200mN2530800E3922200,200,935.5,472,58,216,20,243,28,24273143.3,31014,466,6,44,35,182,211,0,23,51,22,35,50.5,89,250,163,97,118,60,0
CRS3035RES200mN2530800E3922400,200,1519,925,259,615,37,49,95,26514477.2,44363,922,3,804,25,23,68,5,810,66,35,66,94,80,328,319,186,237,108,0
CRS3035RES200mN2530800E3922600,200,1146,582,74,276,31,232,70,28137331.5,40189,576,6,60,43,243,236,0,160,49.5,36.5,52.5,84.5,80,278,185,129,178,72,1
CRS3035RES200mN2530800E3922800,200,851.5,407,47,190,26,163,35,20365605.5,27022,385,22,93,32,96,186,0,57,50.5,32.5,54,62,69.5,258,139,69,67,50,0
CRS3035RES200mN2531000E3919800,200,1214.5,602,54,269,28,227,65,42235506.4,47548,601,1,390,23,118,71,0,6,56.5,26.5,59,82,99.5,302,230,142,154,62,1
CRS3035RES200mN2531000E3920000,200,871.5,413,30,181,22,191,35,30202101.8,33844,412,1,200,50,75,87,1,32,39,16,40,66.5,84,224,168,89,93,52,0
CRS3035RES200mN2531000E3920200,200,1726,856,168,412,51,253,125,40913069.3,56340,856,0,263,202,271,120,0,334,72.5,46.5,107,143,138.5,371,332,162.5,214,138,1
CRS3035RES200mN2531000E3920400,200,830.5,541,104,363,12,143,35,22772025.5,29853,540,1,282,56,85,118,0,112,19,9,26,46.5,67,258,137,72,117,79,0
CRS3035RES200mN2531000E3921200,200,838.5,419,38,198,23,225,26,26621943.4,30940,404,15,34,50,238,97,0,13,32,14.5,37.5,68,60.5,181,160,86,132,65,2
CRS3035RES200mN2531000E3921400,200,790.5,450,88,272,19,141,29,19336971.9,26857,430,20,225,43,46,135,1,61,39,15,43.5,44,90,252,129,75,85,18,0
CRS3035RES200mN2531000E3921600,200,723.5,408,64,245,14,134,22,16860452.4,21664,396,12,209,44,18,137,0,7,43.5,14,27,34,67,292,119,62,37,17,11
CRS3035RES200mN2531000E3921800,200,305.5,117,22,36,19,32,12,7606746.7,8272,95,22,46,7,1,63,0,45,22,12,21.5,36,27,84,56,24,15,8,0
CRS3035RES200mN2531200E3918400,200,1155.5,608,107,307,28,203,61,31297019.8,43185,608,0,448,0,46,114,0,155,46,17,59,87,92,382,218.5,118,95,40,1
CRS3035RES200mN2531200E3918600,200,1011,563,87,299,19,208,49,29471316.4,40326,562,1,525,0,0,37,1,47,37,19,42.5,52,106,322.5,209,86,95,42,0
CRS3035RES200mN2531200E3919600,200,714.5,308,21,114,32,163,33,27565746.9,35073,307,1,246,24,0,38,0,14,21,15,31,74,71.5,106,155,89,98,54,0
CRS3035RES200mN2531200E3920000,200,1130,560,49,251,24,215,59,37813610.3,46086,560,0,292,164,0,104,0,48,39.5,18.5,52,95,111,257,215,141,128,73,0
CRS3035RES200mN2531200E3920400,200,1301.5,655,82,316,29,250,57,42159936.8,48076,654,1,369,52,101,133,0,60,56,31.5,74,89.5,109.5,347,256,128,153,57,0
CRS3035RES200mN2531200E3921000,200,614.5,348,66,203,15,117,21,16639253.6,22359,343,5,201,41,54,52,0,29,28.5,11,34,31,51,229,93,52,58,27,0
CRS3035RES200mN2531200E3921200,200,707.5,377,73,193,14,129,34,18807349.2,22664,372,5,139,28,61,149,0,61,41,15.5,23.5,44.5,84,245,92,61,77,24,0
CRS3035RES200mN2531200E3921400,200,1286,686,135,361,33,199,73,29712891.7,41828,684,2,162,113,128,283,0,87,77,34.5,63,80.5,110,473,210,94,95,47,2
CRS3035RES200mN2531200E3921600,200,1081,578,101,315,30,202,58,26060071.8,34373,570,8,314,62,25,176,1,37,55,28,35,77,109,383,189,90,80,31,4
CRS3035RES200mN2531200E3921800,200,1456.5,760,82,391,32,366,44,37976863.1,49751,752,8,81,72,140,467,0,54,75,30.5,63,78.5,114.5,436,246,177,142,94,0
CRS3035RES200mN2531400E3918800,200,1604,898,202,502,26,266,110,37843472.2,52460,898,0,838,0,22,38,0,233,79,35.5,104.5,107.5,113.5,535,326,153,118,32,0
CRS3035RES200mN2531400E3919000,200,1603,888,146,477,32,273,73,40418799.8,54325,887,1,808,16,22,42,0,130,54,31,69.5,100.5,152,613,334,130,92,27,0
CRS3035RES200mN2531400E3919600,200,1279.5,597,42,248,43,303,42,45782538.2,56404,596,1,446,65,9,76,1,34,54.5,23.5,66.5,108,106,260,254,134,190,83,0
CRS3035RES200mN2531400E3919800,200,913.5,423,32,170,29,212,37,35016812.7,39114,422,1,182,88,64,87,2,10,35.5,24.5,53,71.5,69,179,187,107,121,64,2
CRS3035RES200mN2531400E3920000,200,1079.5,584,64,297,20,294,49,37134973.6,45743,584,0,64,54,419,45,2,98,26,24,39,77,67.5,212,218,121,164,130,1
CRS3035RES200mN2531400E3920200,200,1003,473,37,199,28,274,34,34168462.2,39705,469,4,140,186,66,80,1,0,42.5,23,54.5,77,83,212,182,105,124,100,0
CRS3035RES200mN2531400E3920400,200,1222.5,545,36,199,34,274,47,45173506.1,48253,542,3,191,107,148,99,0,15,55,31,67.5,116.5,105.5,234,254,118,157,84,0
CRS3035RES200mN2531400E3920600,200,862.5,359,22,107,31,190,34,33351519.4,39612,358,1,189,51,23,95,1,36,40,20,40.5,96,67,121,182,105,128,63,0
CRS3035RES200mN2531400E3921000,200,749,342,26,122,19,104,43,21622288.3,23999,329,13,27,0,53,262,0,58,55,22,60,43,50,261,136,58,50,14,0
CRS3035RES200mN2531400E3921200,200,1332,683,112,348,34,201,75,32124520.5,44892,683,0,14,22,360,287,0,200,60.5,42,80.5,94,108,385,224,121,160,57,0
CRS3035RES200mN2531400E3921400,200,1100.5,535,75,250,29,180,60,26209944.7,34201,535,0,63,50,271,148,3,134,67.5,26.5,70.5,78,100,340,206,92,77,36,7
CRS3035RES200mN2531400E3921600,200,1103.5,563,115,290,38,134,60,24055781.9,33530,556,7,206,12,112,233,0,187,60,24.5,69.5,86,95.5,306,229,97,100,36,0
CRS3035RES200mN2531400E3921800,200,776,421,57,217,15,156,39,20217509.9,27506,420,1,31,50,16,319,5,52,31.5,15,41.5,42.5,74.5,265,136,73,62,35,0
CRS3035RES200mN2531600E3918200,200,797,415,63,198,14,159,53,21239188.3,26975,407,8,288,63,24,39,1,68,46,14.5,36,61.5,58,231,181,80,59,30,0
CRS3035RES200mN2531600E3918600,200,777,409,55,195,13,157,51,19955460.5,26470,405,4,275,7,16,111,0,89,20,15.5,27,74,60.5,195,192,76,87,29,1
CRS3035RES200mN2531600E3919000,200,1078,581,116,289,19,196,68,25391823.4,34479,578,3,484,25,21,50,1,66,55.5,15,50.5,69,80,380,205,93,104,24,2
CRS3035RES200mN2531600E3919800,200,929,454,33,183,22,260,44,32598484,38545,449,5,137,172,88,57,0,11,33,14.5,46,72,55.5,205,185,108,137,72,1
CRS3035RES200mN2531600E3921000,200,1256.5,564,95,213,36,170,74,31505973.5,41611,564,0,0,0,230,334,0,230,70.5,31.5,84,105,107.5,300,266,127,122,43,0
CRS3035RES200mN2531600E3921400,200,1293.5,562,91,224,49,202,56,29579530,38623,562,0,17,0,46,499,0,224,95.5,50,98.5,101.5,92,371,243,112,90,40,0
CRS3035RES200mN2531600E3921600,200,836.5,391,60,168,36,140,52,18805253.6,25288,391,0,41,153,119,78,0,100,45.5,23,47,79,71,241,136,70,65,59,0
CRS3035RES200mN2531800E3918400,200,899.5,490,67,251,12,158,48,24478461.4,30728,488,2,393,27,11,59,0,64,38,16.5,33.5,70,48,229.5,186,114,112,52,0
CRS3035RES200mN2531800E3918800,200,805,423,50,206,12,152,36,23778684.6,30230,419,4,186,8,57,172,0,48,42.5,21,33,55.5,53,205,151,85,109,50,0
CRS3035RES200mN2531800E3919000,200,1001,511,55,234,18,248,42,29957991.2,35468,511,0,344,0,115,51,1,54,44,10.5,50,77,60.5,286,206,94,105,68,0
CRS3035RES200mN2531800E3919800,200,1461.5,661,48,254,43,329,58,50993973.5,61071,658,3,94,235,119,190,23,80,76.5,38.5,77,127,106.5,264,291,138,213,130,0
CRS3035RES200mN2531800E3921200,200,855,342,55,110,35,158,49,20511090.7,26396,342,0,0,0,308,34,0,135,55.5,39.5,80.5,72,54.5,175,137,99,110,30,2
CRS3035RES200mN2531800E3921400,200,865,382,82,158,41,97,51,17084457,29341,382,0,1,0,238,142,1,258,42,20.5,60.5,93,65,137,167,109,124,47,0
CRS3035RES200mN2531800E3921800,200,560,277,102,164,27,33,31,9939997.4,13529,274,3,20,24,0,233,0,177,32,16,41,68,80,173,95,28,23,4,0
CRS3035RES200mN2531800E3932400,200,175.5,48,3,3,10,46,5,4614806.6,5271,0,48,5,1,7,35,0,0,14,10,25.5,28,4,35,42,8,9,0,0
CRS3035RES200mN2532000E3918000,200,1058,547,39,247,15,314,62,31892472.2,41969,538,9,180,235,10,122,0,6,56.5,13,55.5,71.5,61.5,231,205,129,144,91,0
CRS3035RES200mN2532000E3918200,200,973,467,56,195,20,222,59,28063208,34423,458,9,137,141,43,146,0,51,45.5,17.5,51.5,86,83.5,195,215,126,108,45,0
CRS3035RES200mN2532000E3918400,200,1214.5,621,63,289,14,334,59,35847430.7,41385,616,5,430,47,29,115,0,7,59.5,20.5,55.5,90.5,85.5,281,282,142,143,54,1
CRS3035RES200mN2532000E3918600,200,987,478,77,208,25,152,84,23551973,29775,476,2,225,175,17,61,0,9,48,26,61,87,76.5,202.5,188,124,121,47,6
CRS3035RES200mN2532000E3918800,200,833,476,63,257,11,185,28,23757850.6,29517,471,5,402,0,40,34,0,26,38,18.5,33.5,38.5,54.5,278,158,68,94,52,0
CRS3035RES200mN2532000E3919000,200,1541.5,799,123,402,31,322,74,42057323.5,47987,796,3,734,15,1,49,0,39,74.5,39,81,116,120.5,483,356.5,125,105,41,0
CRS3035RES200mN2532200E3918200,200,617,281,20,110,18,163,34,18212473.8,21571,269,12,69,83,55,74,0,8,26,15,45.5,58.5,44,92,157,70,71,38,0
CRS3035RES200mN2532200E3918400,200,730.5,343,20,136,19,194,32,24179438.1,27447,334,9,132,0,77,134,0,1,39.5,17,42.5,64.5,45,138,162,80,97,45,0
CRS3035RES200mN2532200E3918600,200,981,454,47,176,22,196,45,28255597.2,33410,453,1,142,0,28,284,0,55,65,24.5,51,75.5,65,224,227,102,98,49,0
CRS3035RES200mN2532200E3918800,200,913.5,495,49,256,11,189,49,26585937.4,30712,481,14,395,0,4,96,0,25,39.5,14.5,36.5,69,62,254,205,98,101,34,0
CRS3035RES200mN2532200E3919000,200,1364,706,77,344,27,318,84,37888424.5,43599,699,7,589,0,9,107,1,38,63,30,79,115.5,96.5,387,328,119,109,35,2
CRS3035RES200mN2532200E3919200,200,994.5,491,51,226,13,279,58,28462063.4,33694,483,8,187,164,48,92,0,48,45,31,58,84,60.5,184,269,121,88,54,0
CRS3035RES200mN2532400E3918200,200,481,231,14,95,10,147,21,16276352.6,18336,230,1,5,108,23,95,0,0,20,9,29,29.5,45.5,82,98,63,57,48,0
CRS3035RES200mN2532400E3918400,200,843,416,26,188,19,224,39,26740665.4,32860,410,6,21,76,100,219,0,28,45,21,54,51.5,47.5,153,168,89,129,85,0
CRS3035RES200mN2532400E3918600,200,639.5,316,32,144,11,104,38,15608746.6,21232,309,7,88,106,36,86,0,130,30,15,29,55.5,35,134,140,75,78,48,0
CRS3035RES200mN2532400E3918800,200,596.5,329,50,180,10,119,31,15341885.7,18404,320,9,265,1,8,55,0,29,26,11.5,25.5,32.5,61,175,140,65,45,15,0
CRS3035RES200mN2532400E3919000,200,1008.5,518,60,244,11,236,60,28060619.9,33414,512,6,318,0,0,198,2,39,59,25.5,52,67.5,62.5,275,213,115,102,37,0
CRS3035RES200mN2532400E3919200,200,727,343,29,135,18,205,43,22795929.1,24433,339,4,203,27,39,74,0,0,36.5,21,48,53,51.5,162,150,97,83,24,1
CRS3035RES200mN2532600E3918400,200,900.5,420,73,177,37,24,79,18178677.8,27241,420,0,17,327,0,76,0,0,35.5,35.5,83,83,53.5,151,204,83,134,38,0
CRS3035RES200mN2532600E3919200,200,745.5,337,63,141,22,127,50,18998947.3,23734,315,22,134,0,18,184,1,123,32,21,55,79,64.5,166,188,86,44,10,0
CRS3035RES200mN2532600E3919400,200,643.5,316,45,148,16,199,31,17942986,20779,293,23,237,44,5,30,0,6,39.5,11,34,48.5,60.5,195,149,56,34,15,1
CRS3035RES200mN2532800E3918000,200,410.5,141,20,37,22,46,27,8891433,11396,134,7,2,52,53,34,0,53,22,21.5,53,65,22,60,105,25,15,22,0
CRS3035RES200mN2532800E3918200,200,981,432,29,160,26,219,48,29446479.5,34114,431,1,0,40,139,253,0,62,51.5,22.5,61.5,108.5,76.5,207.5,225,84,82,60,2
CRS3035RES200mN2532800E3919400,200,291.5,120,24,46,15,45,19,7117980.3,9395,106,14,40,2,48,30,0,48,15,12,20,31,26.5,62,55,33,25,12,0
CRS3035RES200mN2533000E3919400,200,994.5,476,29,189,20,218,63,27188751.9,35372,476,0,0,345,37,94,0,110,44,30,59,96.5,52,192,219,83,139,80,0
CRS3035RES200mN2533000E3925200,200,362.5,100,27,17,35,2,9,5985028.9,7943,98,2,0,8,0,92,0,58,53,35.5,48,36.5,10.5,110,47,13,7,2,0
CRS3035RES200mN2533000E3925400,200,1072,403,187,150,64,0,63,14892846.9,26098,403,0,0,349,0,47,7,396,99,45,84,129,75,207,221,86,86,33,7
CRS3035RES200mN2533000E3925800,200,454,167,35,52,29,72,24,8464721.1,12319,137,30,19,77,9,62,0,69,17,21,49,57.5,33.5,88,97,39,34,18,0
CRS3035RES200mN2533200E3919800,200,227,92,13,33,10,37,17,6203394.1,8107,83,9,0,8,1,82,1,48,12,8,24.5,19,15.5,41,47,25,19,8,8
CRS3035RES200mN2533200E3925600,200,183,69,14,23,12,35,9,3490972.8,4483,67,2,0,0,2,67,0,27,19,10,25,13,8,50,41,9,8,0,0
CRS3035RES200mN2539000E4019000,200,576.5,253,27,99,21,183,24,14931659.8,18959,252,1,0,207,0,46,0,15,29,22.5,44,42.5,37.5,145,96,60,71,29,0
CRS3035RES200mN2539400E4019000,200,660,295,36,118,23,124,41,17562904,19483,291,4,4,44,45,202,0,111,53.5,24,40,64.5,40,192,122,53,58,13,0
CRS3035RES200mN2539400E4019200,200,477.5,251,27,117,13,134,27,14064055.7,16855,247,4,30,75,59,87,0,5,20.5,6.5,30,29,31.5,113,85,48,81,33,0
CRS3035RES200mN2539600E4019200,200,620.5,330,28,165,11,162,29,18020543.9,20884,329,1,39,86,39,166,0,5,25.5,11,27.5,42.5,54,160,131,62,74,32,1
CRS3035RES200mN2539600E4019400,200,697.5,413,57,244,12,185,35,19598277.6,25947,412,1,31,210,139,33,0,1,38,7,19,43.5,53,173,119,66,98,81,0
CRS3035RES200mN2539600E4019600,200,778,411,42,202,17,155,39,24069452.9,28059,408,3,37,165,54,155,0,56,33,15,42.5,71.5,44,184,147,77,92,72,0
CRS3035RES200mN2539800E4019200,200,403,160,30,59,23,10,30,7648865,10673,160,0,0,0,0,160,0,146,21.5,14.5,46,55,23,78,102,39,19,5,0
CRS3035RES200mN2539800E4019400,200,370,172,18,72,10,33,21,10372242.2,11254,170,2,17,13,0,142,0,70,18,13,21,37,25,125,78,25,19,8,1
CRS3035RES200mN2540000E4019600,200,644.5,302,40,137,23,67,38,15279058.9,18569,302,0,11,78,13,199,1,122,42.5,27.5,56,45.5,50,168,118,56,56,25,0
CRS3035RES200mN2540200E4019400,200,678,324,55,150,21,91,61,16067632.2,20421,313,11,27,56,13,228,0,145,35,28,50.5,66,41.5,160,134,64,67,31,1
CRS3035RES200mN2540200E4020000,200,710,363,25,154,11,167,49,23230597.5,26471,363,0,5,131,0,227,0,70,25,10.5,27.5,60,37,143,136,65,134,72,0
CRS3035RES200mN2540200E4020400,200,657.5,364,29,198,11,218,29,22238595,26048,363,1,92,54,164,44,10,0,36.5,16.5,28.5,35,35,141,99,65,120,81,0
CRS3035RES200mN2540400E4019000,200,517.5,269,23,115,12,140,27,13959883.3,17477,264,5,21,98,22,128,0,19,19,12,29,32,29.5,144,108,58,60,26,0
CRS3035RES200mN2540400E4019200,200,474,226,33,88,12,91,36,11156557.3,14881,221,5,10,108,1,107,0,83,23,12.5,31,42.5,32,116,105,42,43,27,0
CRS3035RES200mN2540400E4019600,200,658,349,47,167,12,158,55,17722648.3,22645,340,9,51,95,132,71,0,83,32,16,24,51,59,148,129,70,76,53,0
CRS3035RES200mN2540600E4020000,200,802.5,349,35,138,35,110,58,19519525.7,23240,349,0,0,0,0,349,0,175,44.5,25,64,91,53,177,184,82,61,21,0
CRS3035RES200mN2540800E4019600,200,448.5,223,29,103,15,100,29,10800301.2,13919,220,3,20,93,13,91,6,71,20.5,11.5,31,42.5,14,126,98,34,55,16,0
CRS3035RES200mN2540800E4019800,200,592,308,38,152,14,126,42,16370457.3,20027,293,15,43,119,35,111,0,75,22,13,30.5,54.5,38,131,130,48,86,39,0
CRS3035RES200mN2540800E4020000,200,470.5,245,22,119,12,109,27,12416738.4,14483,240,5,17,94,12,122,0,29,16,10.5,26.5,36.5,25,137,91,44,61,23,0
CRS3035RES200mN2541000E3784000,200,649.5,347,115,184,15,60,45,11052087.4,19983,329,18,0,179,2,166,0,253,36,24,36,41,66.5,137,120,82,78,29,0
CRS3035RES200mN2541200E4020600,200,635,285,38,101,19,149,55,15082000.9,19940,280,5,2,167,0,116,0,87,31.5,19.5,34,77.5,35.5,132,121,60,62,62,0
CRS3035RES200mN2541400E3784400,200,291.5,128,17,44,12,31,22,5591807.2,9583,51,77,31,1,0,96,0,50,13,9,19,34.5,26,44,62,36,40,8,0
CRS3035RES200mN2541600E3784600,200,535,252,65,119,20,69,43,9804415.2,16603,225,27,15,1,1,235,0,136,46,14,44.5,52.5,47,139,87,50,42,13,0
CRS3035RES200mN2541600E3784800,200,371.5,156,23,56,20,90,23,7316806,12739,90,66,0,109,0,46,1,27,17,9,33,45,33.5,82,65,43,23,21,0
CRS3035RES200mN2541600E4020600,200,796,406,20,180,17,259,40,22029136.4,30842,406,0,0,57,179,170,0,54,26.5,15.5,31,65,51,126,128,82,195,76,0
CRS3035RES200mN2541600E4020800,200,339.5,180,26,94,10,76,23,8447911.6,12954,179,1,0,136,0,44,0,68,17,9,21.5,27,18,63,51,38,44,51,0
CRS3035RES200mN2542000E3782800,200,586,340,57,203,10,114,19,13641650.6,23305,283,57,85,88,20,147,0,57,31,10,23,29,75,165,105,46,70,30,2
CRS3035RES200mN2542200E3785000,200,296.5,137,30,60,11,29,32,5165641.5,9039,135,2,2,45,0,90,0,90,23.5,8,21,36,25,70,60,31,16,6,0
CRS3035RES200mN2542600E3784200,200,444,229,49,125,15,92,31,9272696.8,16471,209,20,43,113,8,65,0,60,30.5,13,32.5,44,39,110,87,33,39,16,0
CRS3035RES200mN2542600E3784600,200,296.5,168,33,104,11,72,19,5901337.5,11241,140,28,25,10,58,75,0,54,18,8,16,23,35.5,70,55,21,30,19,1
CRS3035RES200mN2542800E3782800,200,996.5,658,117,452,15,199,50,24412906.5,43855,652,6,25,83,284,266,0,86,29,15.5,32,52.5,116.5,275,141,81,161,93,0
CRS3035RES200mN2542800E3785200,200,521.5,204,50,63,24,6,47,8474139.5,13881,70,134,0,0,39,165,0,93,28,21.5,43.5,72.5,51,93,129,51,24,8,0
CRS3035RES200mN2543000E3782600,200,829.5,524,65,322,10,204,38,23605366.5,40339,517,7,92,116,116,200,0,25,12,8,16.5,42.5,85.5,172,128,101,155,109,0
CRS3035RES200mN2543000E3783200,200,502.5,314,126,206,11,34,36,8723634.7,16372,313,1,123,0,69,122,0,117,36,11,24.5,25,83,157,68,37,48,11,2
CRS3035RES200mN2543200E3782800,200,591,312,72,157,15,104,39,15051902.4,23876,292,20,178,36,0,93,5,57,21,10,30,42.5,81.5,149,102,61,65,28,1
CRS3035RES200mN2543400E3783200,200,661.5,419,135,286,12,104,32,14018395,25407,411,8,322,4,11,82,0,80,24.5,8,16.5,39,91.5,214,116,71,67,14,0
CRS3035RES200mN2543400E3783600,200,620.5,340,111,195,18,71,48,12535407.1,21989,331,9,223,1,9,107,0,111,20.5,15.5,35.5,57.5,81.5,170,131,50,45,14,0
CRS3035RES200mN2543600E3782400,200,1443.5,873,113,523,23,477,69,33433210.2,63234,873,0,0,65,592,216,0,88,61,18.5,59,72,76,312,210,159,316,160,0
CRS3035RES200mN2543600E3783200,200,491.5,264,60,137,12,78,24,12654492,20180,256,8,152,18,0,94,0,76,22,10,22,29.5,55,136,83,57,61,16,0
CRS3035RES200mN2543600E3783600,200,448,253,65,159,12,84,21,11043806.2,17587,246,7,191,13,5,44,0,33,17,4,30,29,56.5,110,96,52,36,17,0.5
CRS3035RES200mN2543800E3783200,200,379.5,217,42,129,10,81,18,9062923.6,14052,190,27,97,8,33,79,0,43,11,6.5,18,29,40,91,72,39,49,24,0
CRS3035RES200mN2544200E3783000,200,494.5,264,46,147,15,129,32,10527482.3,19251,247,17,35,60,65,104,0,65,18.5,7,27,44,47,121,107,54,44,25,0
CRS3035RES200mN2544400E3783800,200,610,353,35,201,14,86,32,14468174.7,21823,324,29,33,22,1,297,0,65,34,15,31,36,56,228,106,44,43,17,0
CRS3035RES200mN2544600E3781000,200,397.5,184,41,70,11,9,34,7045629,13983,172,12,0,0,92,92,0,172,28,14,31.5,36,20,84,68,34,69,13,0
CRS3035RES200mN2547000E3784600,200,254,97,24,30,10,40,18,4912732.8,8428,55,42,0,0,54,43,0,55,19,8,23.5,29,24.5,43,50,27,29,1,0
CRS3035RES200mN2554200E3555400,200,295.5,153,42,80,10,42,27,6088491.4,12554,101,52,62,7,49,35,0,92,7,1,23,38.5,23,47,70,41,36,9,0
CRS3035RES200mN2555400E3556400,200,286,132,36,65,14,8,27,4628515.2,9828,122,10,0,16,1,115,0,116,18,11,29.5,34,21.5,46,54,31,35,6,0
CRS3035RES200mN2555400E3910600,200,243.5,102,19,41,11,36,17,4697364.3,7159,54,48,23,4,4,71,0,54,12,7,22,31,20.5,44,46,28,21,12,0
CRS3035RES200mN2555600E3910000,200,160,40,19,8,15,0,9,2113519.5,3301,40,0,0,0,0,40,0,40,11,8,19,28,15,33,14,14,10,0,8
CRS3035RES200mN2555600E3910800,200,407,190,36,75,13,40,35,8151904.3,14594,158,32,9,14,64,103,0,130,29,13,24,34.5,26.5,79,68,47,68,18,0
CRS3035RES200mN2555800E3786400,200,554,311,78,180,13,92,48,10995761.8,23432,256,55,205,9,56,40,1,95,18,10,35,54,66,106,119,75,52,19,0
CRS3035RES200mN2555800E3910600,200,145.5,53,19,15,10,2,9,2432822.9,4057,51,2,0,16,0,37,0,51,8,4,15,27.5,8,18,36,7,10,12,0
CRS3035RES200mN2563600E3642800,200,617.5,414,116,297,10,88,36,12097555.4,22399,411,3,139,25,182,67,1,122,17.5,7,29,37,66,150,90,47,79,88,7
CRS3035RES200mN2564800E3642800,200,480,282,67,177,15,57,39,9083112.4,19061,259,23,100,12,47,123,0,81,23,19,25,33,62,99,88,58,56,16,1
CRS3035RES200mN2571000E4030000,200,510,214,30,73,19,62,32,12671142.9,14268,200,14,27,17,30,140,0,109,45,17.5,46,50,19.5,138,101,41,35,17,0
CRS3035RES200mN2571000E4030200,200,466,211,50,93,19,110,28,11831292.5,14091,207,4,11,102,31,66,1,31,28,18,35,42.5,33.5,123,77,34,55,18,2
CRS3035RES200mN2571200E4027800,200,422.5,187,61,81,16,32,34,7861369.9,12069,177,10,6,4,101,76,0,147,26,15.5,37,50,13,75,88,53,54,11,0
CRS3035RES200mN2571200E4028800,200,409,151,34,41,21,33,27,9672590.2,10990,137,14,2,11,1,137,0,99,20,11,42,70,26,85,89,36,24,6,0
CRS3035RES200mN2571400E4030000,200,499,262,52,138,14,92,21,13547843.2,17215,262,0,4,66,13,179,0,28,27,7,25,34,40,143,98,35,63,27,0
CRS3035RES200mN2571400E4030200,200,512.5,233,32,93,16,100,32,15046285.9,15734,231,2,4,18,83,128,0,32,30.5,20.5,41,40.5,28,149,97,49,40,16,1
CRS3035RES200mN2571600E4027800,200,329.5,157,37,74,10,68,18,9508681.8,10171,156,1,6,80,24,47,0,29,11,8,29.5,35,11,66,87,36,40,6,0
CRS3035RES200mN2571600E4028000,200,379.5,202,76,117,13,33,21,7674764.6,11166,194,8,12,10,35,145,0,119,23,8,30,23.5,22,70,74,46,57,26,0
CRS3035RES200mN2571600E4028400,200,407,219,39,114,12,104,21,13896105.3,13511,215,4,4,62,16,136,1,12,13.5,12.5,17.5,34,28.5,104,95,39,48,15,0
CRS3035RES200mN2571600E4030000,200,673,323,63,160,21,97,43,17272924,20532,322,1,55,93,50,124,1,107,47.5,22,50,71.5,39,161,140,52,56,32,2
CRS3035RES200mN2571600E4030400,200,467.5,209,44,91,20,75,28,12136217.5,13941,196,13,21,102,11,75,0,30,36.5,20,41,32,33,132,79,24,43,27,0
CRS3035RES200mN2571600E4030600,200,276,104,23,39,17,19,9,6051141.2,7037,104,0,0,1,0,103,0,65,30,14,21,29,19,70,51,19,15,8,0
CRS3035RES200mN2571800E4030600,200,494,245,65,122,17,63,23,11610664.9,15172,236,9,20,36,138,51,0,68,29,16,27,33,38,107,103,46,68,27,0
CRS3035RES200mN2571800E4030800,200,464,235,30,113,10,105,18,15760986.9,15984,229,6,2,8,5,220,0,27,37,14,14.5,37.5,31,145,82,37,44,22,0
CRS3035RES200mN2577000E3952600,200,550,254,57,124,20,64,44,11165838.7,19171,235,19,57,11,151,34,1,140,31,24,36.5,65.5,62,113,123,46,33,16,0
CRS3035RES200mN2577200E3952600,200,383,209,45,115,10,76,35,8503000.3,15895,191,18,86,21,26,76,0,56,16,10,23.5,32.5,40,63,89,40,48,21,0
CRS3035RES200mN2577800E3952200,200,170,82,13,38,10,38,7,4497401.6,8109,71,11,40,3,4,35,0,10,4,3,8.5,19.5,16,27,30,16,29,17,0
CRS3035RES200mN2577800E3952400,200,296.5,152,23,84,12,33,15,6144037.9,11299,152,0,71,44,0,37,0,38,13,8,19.5,27,35,63,54,25,30,22,0
CRS3035RES200mN2579800E3813400,200,288,158,61,98,10,39,15,4515193.7,9623,114,44,108,7,0,41,2,0,11,4.5,16,29.5,24,46,65,36,49,7,0
CRS3035RES200mN2580200E4021000,200,347.5,174,51,102,18,0,25,6311240.9,9463,174,0,0,0,45,129,0,174,12,8.5,31.5,53.5,21,85,93,26,14,3,0
CRS3035RES200mN2590800E4050400,200,560.5,305,47,161,14,76,46,13449811.6,17573,289,16,6,37,37,225,0,146,23.5,10.5,36.5,58,63,135,103,52,60,19,0
CRS3035RES200mN2590800E4050600,200,288.5,128,12,51,12,66,10,7715270.8,8685,113,15,19,42,3,64,0,3,19,11,20,23.5,20,80,53,26,20,16,0
CRS3035RES200mN2593400E4058200,200,539,271,42,128,15,61,41,12755962.3,19261,271,0,17,19,178,56,1,144,21.5,12,30.5,49,31,102,102,72,83,36,0
CRS3035RES200mN2608000E3750000,200,213.5,102,37,52,11,8,22,3123796.9,7532,89,13,0,9,19,74,0,92,17,8,15,18.5,17,32,22,34,33,17,0
CRS3035RES200mN2626200E3460200,200,784,442,141,261,21,86,101,13062418.6,28264,436,6,2,140,239,61,0,302,36,22.5,53.5,83,53,115,145,89,126,61,0
CRS3035RES200mN2626400E3460200,200,628,295,95,135,29,24,62,9953313.9,21579,292,3,0,87,127,81,0,253,30,22,45,81.5,41.5,94,98,68,95,53,0
CRS3035RES200mN2626600E3460800,200,282,135,32,57,12,35,32,4957313.4,10022,95,40,0,100,0,35,0,94,15,8,21.5,27.5,16,49,41,31,43,30,0
CRS3035RES200mN2626800E3460400,200,365,135,33,32,20,43,32,6411000.8,11267,77,58,0,81,0,54,0,57,19,14.5,26,53,33.5,72,86,22,28,11,0
CRS3035RES200mN2646000E3895600,200,247,76,23,15,21,3,11,3982278.9,6343,19,57,0,1,0,75,0,73,17,14,32,34,19,38,51,19,14,9,0
CRS3035RES200mN2668400E3687000,200,351,154,38,59,16,41,28,6748858.2,12883,103,51,45,8,8,93,0,84,14,10,34.5,43.5,30,79,62,29,39,10,0
CRS3035RES200mN2685800E3448800,200,360.5,183,69,88,10,30,40,5828348.4,11993,144,39,13,129,3,38,0,142,17,14,35,33,23.5,73,72,37,41,15,0
CRS3035RES200mN2689400E4020400,200,496.5,274,70,157,13,73,44,10127954.9,17936,270,4,92,88,15,79,0,143,32.5,17,39,41.5,42.5,125,68,36,58,37,0
CRS3035RES200mN2689400E4020800,200,380.5,169,38,68,15,38,25,8181369,11810,151,18,15,60,0,94,0,63,22.5,8.5,31.5,47,23,84,80,30,36,14,4
CRS3035RES200mN2690000E4019000,200,190,79,21,29,10,0,16,2936271.8,5639,79,0,1,9,0,69,0,78,13,10,13,22,15,41,34,13,21,8,0
CRS3035RES200mN2690400E4020400,200,374.5,176,42,69,13,55,39,7006138.2,12796,133,43,21,84,22,49,0,109,25.5,13.5,31,43,16.5,68,65,52,43,17,0
CRS3035RES200mN2702000E3945600,200,548,341,87,213,10,99,26,13382380.7,19339,330,11,249,3,18,71,0,22,23.5,7.5,16.5,26.5,88,197,88,45,38,18,0
CRS3035RES200mN2702600E3946800,200,668.5,400,49,238,12,160,52,15575065.5,24485,388,12,56,38,179,127,0,54,27.5,15.5,27,42,67.5,203,107,66,76,37,0
CRS3035RES200mN2703400E3946600,200,424,216,48,109,17,45,45,8589873.7,14128,198,18,22,1,26,167,0,111,21,15,38,40,46,114,74,36,25,15,0
CRS3035RES200mN2703800E3946600,200,653,310,25,141,19,183,33,15022933.2,22388,264,46,3,1,220,85,1,23,33,15,50.5,55.5,53,142,129,46,91,38,0
CRS3035RES200mN2704000E3946400,200,502,242,33,103,13,99,32,10950417.1,16637,229,13,18,66,38,120,0,49,28.5,11.5,26.5,36,55.5,118,79,64,59,24,0
CRS3035RES200mN2704000E3946600,200,410,183,12,69,12,54,27,9247271.2,13583,158,25,0,0,0,183,0,14,22,17,28,34,36,92,87,35,48,11,0
CRS3035RES200mN2704200E3946600,200,463.5,215,34,90,15,79,34,10109625.9,14787,197,18,22,3,81,108,1,65,21,19.5,35.5,38,42.5,93,89,52,49,24,0
CRS3035RES200mN2704600E3946600,200,410,192,26,78,12,68,29,8723642,12688,163,29,2,60,4,126,0,54,20.5,14,28,37,43.5,108,71,30,42,16,0
CRS3035RES200mN2704800E3946600,200,581.5,233,28,84,30,35,39,11206434.6,17224,182,51,0,0,0,232,1,142,26,10,42,74.5,66,113,119,54,58,12,7
CRS3035RES200mN2705600E3946400,200,617,294,19,130,10,151,33,14660502,19825,286,8,0,0,0,294,0,21,31,18.5,53.5,45,54,155,137,56,53,14,0
CRS3035RES200mN2720000E3496200,200,374,147,61,46,18,15,28,5964737.4,10618,115,32,0,100,17,30,0,115,29,10,32.5,27.5,32,83,63,42,50,5,0
CRS3035RES200mN2729000E4084800,200,315.5,146,21,73,14,41,10,7670649.6,10275,127,19,39,29,3,75,0,56,16,14,23.5,22,33,71,68,25,32,11,0
CRS3035RES200mN2729600E4084600,200,535.5,267,45,130,13,51,44,11374254.6,20230,264,3,125,12,13,117,0,58,27,19.5,35.5,48,61,181.5,94,33,24,12,0
CRS3035RES200mN2732800E4083200,200,189,60,13,11,14,10,8,3474422.2,6073,41,19,5,2,3,50,0,45,12.5,9,22,32.5,11,47,33,11,10,1,0
CRS3035RES200mN2737600E3619600,200,519,286,69,171,13,68,32,8867567.2,16294,286,0,0,19,167,100,0,0,24,23,31,32.5,51.5,134,80,57,55,31,0
CRS3035RES200mN2738000E3619600,200,423.5,223,39,117,13,28,35,7724460.7,13080,213,10,2,108,1,112,0,0,19,15.5,19.5,36.5,56,115,76,36,40,9,1
CRS3035RES200mN2738200E3619600,200,860,422,134,214,30,1,53,14622336.4,24728,422,0,0,329,0,93,0,0,43,28,49.5,82,114.5,202,149,82,80,30,0
CRS3035RES200mN2739600E3629400,200,293.5,100,14,20,15,23,29,5909020.3,8325,48,52,0,3,6,91,0,69,21,9.5,46,47.5,19.5,60,68,6,12,4,0
CRS3035RES200mN2740800E3619400,200,454,222,22,115,19,119,12,14310769,17799,138,84,141,11,27,42,1,0,17,5,14,46,63,87,95,51,48,28,0
CRS3035RES200mN2741200E3621600,200,513.5,223,38,87,18,58,42,9604227.3,15995,177,46,26,5,1,191,0,142,37,30,42.5,54,37,116,103,31,46,17,0
CRS3035RES200mN2741400E3617000,200,434.5,211,55,102,15,48,35,7499034.9,13772,193,18,6,66,108,31,0,128,22,18,36,44,35.5,84,83,33,61,18,0
CRS3035RES200mN2741400E3619200,200,303,152,8,76,14,82,8,10299360.9,15842,102,50,79,9,26,38,0,0,5,6,13,27,34,40,52,34,60,32,0
CRS3035RES200mN2741400E3620400,200,544,263,27,130,22,152,17,15665431.5,20163,160,103,159,9,62,33,0,6,21,16.5,39.5,44,47,107,119,56,67,27,0
CRS3035RES200mN2741400E4120200,200,141.5,52,8,20,10,0,9,2727234.4,5243,8,44,3,5,0,44,0,44,7.5,6.5,18,20.5,12,25,30,13,9,0,0
CRS3035RES200mN2741400E4120600,200,488,218,78,86,20,43,34,7802592.2,14338,214,4,82,25,2,109,0,79,33.5,10,39.5,36.5,43,89.5,98,54,59,25,0
CRS3035RES200mN2741400E4120800,200,602,277,121,137,35,58,29,8873727,15279,243,34,229,1,4,36,7,38,29,19,41.5,70,42.5,132,117,69,59,16,7
CRS3035RES200mN2741600E3620400,200,320.5,175,18,99,10,97,10,9589142,14455,117,58,87,31,0,56,1,0,8,7,13,19,27.5,88,56,24,60,18,0
CRS3035RES200mN2741600E3620600,200,461.5,245,23,119,11,147,18,13239123.3,19038,152,93,113,19,81,31,1,0,20.5,6,25.5,24.5,34,112,81,52,70,35,1
CRS3035RES200mN2741800E3617200,200,602.5,333,100,179,13,47,47,11129748.4,20086,302,31,0,37,101,195,0,176,23.5,11.5,27.5,46,56,176,118,60,66,18,0
CRS3035RES200mN2741800E3617400,200,548,256,123,134,24,22,40,7958654.4,16404,223,33,10,3,209,34,0,231,44.5,17.5,46,57,31,99,113,52,64,17,7
CRS3035RES200mN2741800E4120200,200,508,200,51,66,25,76,32,8916544.2,15644,189,11,111,11,23,55,0,30,27,21,45.5,58.5,31,90,93,50,68,20,4
CRS3035RES200mN2741800E4120400,200,611.5,270,83,115,35,91,34,10483770.9,18249,261,9,18,130,54,68,0,112,54,22,54.5,53.5,46.5,125,103,53,67,33,0
CRS3035RES200mN2741800E4120800,200,488.5,194,83,71,26,41,28,7335628.2,12116,174,20,139,4,0,50,1,54,38,20,49.5,46,43,117,91,39,43,2,0
CRS3035RES200mN2743400E3450400,200,291.5,131,30,60,11,30,17,6128121,9272,108,23,29,2,3,96,1,71,16,10,34.5,24,23,75,54,28,22,5,0
CRS3035RES200mN2743800E3450200,200,155.5,74,20,32,10,12,15,3055662.9,5105,56,18,11,0,0,63,0,43,8,5,9,19.5,13,44,29,11,12,5,0
CRS3035RES200mN2743800E3450600,200,702,367,46,175,12,115,75,14207343.6,23105,354,13,8,147,6,205,1,99,45,17,49,58.5,74,263.5,99,53,28,15,0
CRS3035RES200mN2744400E3619600,200,322.5,151,31,67,11,49,27,6230049.4,11253,100,51,4,1,40,106,0,64,6,7.5,25.5,34,34.5,65,60,48,28,13,1
CRS3035RES200mN2744800E3619600,200,478.5,275,53,165,14,89,41,8703152.9,16819,275,0,0,155,0,120,0,155,21.5,10,27,31,35,123,118,44,50,18,1
CRS3035RES200mN2745000E3446800,200,361,204,26,120,10,100,17,10241050.8,13016,144,60,94,13,13,84,0,11,19,8,14.5,21,33.5,92,78,32,38,25,0
CRS3035RES200mN2745000E3447800,200,719.5,356,46,142,16,116,58,16498092.3,22991,351,5,0,0,0,354,2,131,60,14.5,48.5,48.5,61,289,118,30,47,3,0
CRS3035RES200mN2745000E3448000,200,352,150,24,52,13,54,14,8366620,9962,140,10,0,0,0,149,1,58,26.5,13,39.5,30,27,143,59,7,7,0,0
CRS3035RES200mN2745000E3448600,200,785.5,419,70,221,15,86,31,19256145.1,24962,412,7,11,3,7,398,0,70,68.5,20.5,45,43,82.5,343,136,23,21,3,0
CRS3035RES200mN2745000E3449600,200,306.5,143,25,60,10,20,30,6432409.1,9198,143,0,0,0,0,143,0,72,29,11.5,32,23.5,19.5,119,39,15,17,1,0
CRS3035RES200mN2745000E3449800,200,941.5,578,71,352,14,260,54,21081759.6,34206,578,0,0,309,0,268,1,94,54.5,15.5,40,37.5,84,390,139,57,75,49,0
CRS3035RES200mN2745000E3451000,200,719,306,94,128,30,37,70,11620702.9,20622,306,0,0,0,99,207,0,246,57,41.5,72,72.5,45,187,139,65,28,11,1
CRS3035RES200mN2745200E3446200,200,311,134,12,62,10,91,8,9044025.1,11324,46,88,77,15,2,40,0,30,14,9,25,36.5,22.5,37,77,34,15,41,0
CRS3035RES200mN2745200E3451000,200,578,300,49,150,15,65,41,11809443.4,18568,300,0,0,0,0,300,0,168,40.5,17,45,45,41.5,233,105,26,21,4,0
CRS3035RES200mN2745400E3446800,200,421,188,26,81,18,93,22,11275582.6,14749,125,63,38,13,1,136,0,56,22.5,12,34.5,46,31,83,96,44,38,14,0
CRS3035RES200mN2745600E3446800,200,361,184,51,102,14,47,26,7326154.4,11378,158,26,25,97,12,50,0,93,17.5,7,21,35.5,45,85,80,25,32,13,0
CRS3035RES200mN2745600E3447200,200,503.5,289,29,160,11,126,12,14575931.6,20445,265,24,18,65,21,185,0,0,27,9.5,15,27.5,39.5,189,89,37,46,24,0
CRS3035RES200mN2745800E3446200,200,614,243,85,87,33,34,59,9353568.1,17049,242,1,1,47,155,40,0,195,38,29.5,61,76.5,43,131,105,57,50,23,0
CRS3035RES200mN2745800E3446400,200,245.5,118,30,56,10,14,22,4472672.1,7411,88,30,51,19,0,48,0,88,18,4,17,17.5,18,72,37,32,14,15,1
CRS3035RES200mN2745800E3446800,200,385,171,24,72,17,100,18,10333079.3,13852,103,68,68,31,8,64,0,41,18.5,12.5,29,34,29,85,95,43,28,11,0
CRS3035RES200mN2745800E3448600,200,505.5,288,65,166,14,107,16,14262979.9,20681,288,0,209,38,0,38,3,0,11,12,22,31.5,71,164,93,55,34,12,0
CRS3035RES200mN2745800E3451200,200,294,121,26,36,14,0,11,6045089.8,10050,121,0,0,55,0,66,0,55,21,11,20.5,16.5,24,69,52,37,34,9,0
CRS3035RES200mN2745800E3451400,200,1137.5,492,191,198,54,11,99,17188154.5,32335,491,1,0,323,119,50,0,442,90.5,54,83,90,93,253,204,116,121,24,9
CRS3035RES200mN2746000E3446000,200,282,116,22,49,11,57,12,6665094.2,8831,63,53,68,12,0,36,0,25,19,13,31,25.5,25.5,65,56,18,23,6,0
CRS3035RES200mN2746000E3447000,200,826,479,72,279,14,163,42,21661244.9,29400,417,62,195,32,65,187,0,31,32,14,37,65,57,314,159,59,61,28,0
CRS3035RES200mN2746000E3448000,200,420.5,229,19,112,11,126,11,14390290.3,21113,212,17,63,10,41,115,0,0,11,3,17.5,28,24,84,67,39,98,49,0
CRS3035RES200mN2746200E3447000,200,629,340,35,179,15,112,32,16234738.7,23222,294,46,87,9,4,240,0,63,30,15.5,37.5,45,48,195,116,60,65,17,0
CRS3035RES200mN2746200E3447200,200,486.5,262,23,137,10,134,16,14454603.3,16941,212,50,107,58,24,73,0,2,39,13.5,19.5,21.5,28,202,73,41,35,14,0
CRS3035RES200mN2746200E3448000,200,560,278,33,137,13,121,28,17324995.6,23735,261,17,158,12,21,87,0,21,24.5,13,24.5,47.5,65.5,133,97,55,77,23,0
CRS3035RES200mN2746200E3448200,200,603.5,318,37,165,14,164,24,19318906.5,28215,311,7,150,28,78,62,0,0,23.5,12,20.5,38.5,69,135,94,56,86,69,0
CRS3035RES200mN2746200E3448400,200,620,310,37,164,27,146,18,19849581,28368,309,1,174,57,23,55,1,0,19,8,35.5,62.5,75,133,120,62,75,30,0
CRS3035RES200mN2746400E3446000,200,258.5,124,5,53,11,69,2,7870457.7,10508,54,70,17,9,35,63,0,0,11,8.5,13,19.5,25.5,64,39,28,40,10,0
CRS3035RES200mN2746400E3447800,200,561,285,16,134,16,142,15,18036045.1,23421,252,33,36,94,40,114,1,0,19.5,8,32.5,37.5,41.5,124,95,61,99,43,0
CRS3035RES200mN2746400E3448600,200,431.5,206,19,91,17,94,11,13069165.1,17082,202,4,150,9,0,47,0,0,21.5,6,25,33,31,123,90,48,41,13,0
CRS3035RES200mN2746400E3449000,200,508,283,58,165,10,83,17,13570489.5,18436,283,0,204,22,11,46,0,6,27,8.5,26,25,63.5,185,88,41,25,18,1
CRS3035RES200mN2746600E3446800,200,564.5,275,37,126,15,88,40,13478635.6,20740,207,68,47,29,155,44,0,154,26,21,24.5,54.5,44.5,102,129,70,68,24,1
CRS3035RES200mN2746600E3447000,200,583,323,28,175,12,138,25,17119395,21072,260,63,61,55,2,204,1,10,26,13.5,23.5,31.5,61.5,186,94,58,61,28,0
CRS3035RES200mN2746600E3447400,200,375,172,8,62,13,124,15,12978819.6,16255,112,60,61,47,3,55,6,0,16,6,20.5,28.5,31,73,70,52,54,24,0
CRS3035RES200mN2746600E3448000,200,557,285,26,143,18,187,24,18178383.8,25654,253,32,128,50,55,52,0,0,14,11,25,43,46,119,96,69,88,45,1
CRS3035RES200mN2746600E3448400,200,627.5,343,51,184,15,125,24,18018262.8,25025,327,16,138,96,41,65,3,34,33.5,12.5,22.5,40,44,208,111,64,62,30,0
CRS3035RES200mN2746600E3449600,200,689,438,99,292,15,97,35,16001361.3,21768,420,18,269,1,0,168,0,43,27,16.5,25.5,38,69,259,105,43,47,59,0
CRS3035RES200mN2746600E3451200,200,352,177,14,93,14,109,16,10135202.2,13759,105,72,84,33,3,57,0,20,8,8,23,44,19,55,93,48,33,21,0
CRS3035RES200mN2746800E3446200,200,286,118,10,38,16,85,9,8461915.4,11128,40,78,28,24,6,60,0,3,8,11,13,27,35,42,66,31,43,10,0
CRS3035RES200mN2746800E3447600,200,479,237,33,103,10,117,19,15624076.5,21668,216,21,61,38,70,67,1,0,21,10,14,37,41,93,86,59,80,38,0
CRS3035RES200mN2746800E3447800,200,333,172,18,94,11,86,2,11108334.7,16742,111,61,73,5,0,94,0,0,12,3,12,26,38,78,60,29,57,18,0
CRS3035RES200mN2746800E3449600,200,678.5,421,87,266,11,116,28,17277963.6,23029,397,24,192,19,0,210,0,47,26,17,21.5,33,88,251,117,58,48,18,1
CRS3035RES200mN2746800E3451400,200,387.5,172,18,70,15,105,18,10986817.8,14180,86,86,120,14,6,32,0,1,20,12,30,39.5,30,71,100,35,38,12,0
CRS3035RES200mN2746800E3451600,200,233.5,95,12,43,14,45,6,6893778.6,7933,51,44,57,4,1,33,0,13,12.5,8.5,20.5,27,23,51,45,28,11,7,0
CRS3035RES200mN2747000E3448800,200,352.5,191,25,103,10,71,13,10149482.7,13218,160,31,68,4,7,112,0,5,18,8.5,18,21,24,124,72,26,35,6,0
CRS3035RES200mN2747000E3451000,200,537.5,295,40,151,10,180,34,12366015.8,18891,256,39,69,53,2,171,0,23,26,7,25.5,45,32,179,92,55,46,30,0
CRS3035RES200mN2747000E3451600,200,517.5,251,44,113,20,71,43,11336906.6,17368,216,35,35,6,40,170,0,129,20.5,14,32,46.5,51.5,108,98,57,63,27,0
CRS3035RES200mN2747200E3448000,200,294.5,155,18,81,10,50,15,8007067.1,10424,132,23,43,19,3,89,1,7,9,6,17.5,25,40,89,60,27,16,5,0
CRS3035RES200mN2747200E3451000,200,283.5,153,38,86,11,30,28,5403069.1,9547,140,13,7,84,1,61,0,103,14.5,14,22,15,17,62,55,31,35,18,0
CRS3035RES200mN2747200E3451400,200,446.5,224,46,104,15,37,48,8498525.4,13785,197,27,19,83,11,111,0,130,29.5,11,28.5,43,45.5,116,81,42,36,14,0
CRS3035RES200mN2747400E3448000,200,618,336,25,170,14,171,24,17820399.2,24472,283,53,63,102,40,131,0,0,31.5,10,32.5,35.5,46.5,176,102,51,90,43,0
CRS3035RES200mN2747400E3448400,200,405,149,7,40,18,102,9,13336089.1,14415,58,91,80,31,5,33,0,0,25,12,28.5,51,34.5,68,93,37,40,15,1
CRS3035RES200mN2747400E3448600,200,338.5,155,8,63,11,96,6,11355010.7,12540,90,65,86,20,7,42,0,0,13,8,28.5,17.5,27.5,82,67,39,40,16,0
CRS3035RES200mN2747600E3448000,200,485,257,29,125,11,133,21,12920044.5,17700,208,49,68,52,6,131,0,34,21,6,22.5,32.5,46,144,91,53,41,28,0
CRS3035RES200mN2747600E3448200,200,572.5,299,35,146,13,156,20,15858834.5,20662,230,69,80,159,1,59,0,0,29,13,25,32.5,47,173,102,52,60,39,0
CRS3035RES200mN2747600E3449000,200,394,177,12,69,10,123,12,11577804.9,14743,98,79,75,51,20,31,0,0,19,10.5,14.5,29,40,84,70,46,61,20,0
CRS3035RES200mN2747600E3451000,200,453.5,232,47,126,17,69,28,10986921.3,15144,180,52,38,3,3,188,0,47,35.5,10.5,29,26.5,56,131,68,49,34,14,0
CRS3035RES200mN2747800E3448000,200,406,215,13,136,19,102,4,13927620.1,15940,155,60,74,16,2,123,0,0,22,8,30,38,19,88,61,23,36,81,0
CRS3035RES200mN2747800E3448200,200,375.5,175,11,71,13,111,15,11803729.3,14362,99,76,88,16,32,39,0,8,13,9,22.5,34,35,87,72,28,47,28,0
CRS3035RES200mN2747800E3448600,200,477,260,39,138,15,130,19,13132931.3,17315,220,40,117,44,17,82,0,5,29.5,9,21.5,21,48,176,87,29,46,10,0
CRS3035RES200mN2748000E3448400,200,396,202,12,100,11,135,16,11862747.3,16784,137,65,68,93,3,38,0,0,17,4.5,27,33,25.5,99,65,47,52,26,0
CRS3035RES200mN2748000E3448600,200,324,160,13,76,12,62,13,9531332.6,12642,117,43,62,6,47,45,0,29,16,8,12.5,21.5,42,100,56,30,26,10,2
CRS3035RES200mN2748000E3451200,200,440,205,10,91,17,137,22,11897324.2,16362,157,48,25,41,33,106,0,15,11,9,36.5,47.5,28,62,96,51,69,30,0
CRS3035RES200mN2748000E3451800,200,258.5,112,32,49,16,43,19,4408417.6,7875,100,12,8,4,40,60,0,64,18,8,29.5,23.5,22.5,56,45,23,20,13,0
CRS3035RES200mN2748000E3452800,200,367.5,169,32,72,11,66,37,6681058.8,10152,168,1,3,0,1,165,0,79,32,13,34.5,38.5,24.5,126,66,18,10,5,0
CRS3035RES200mN2748200E3448600,200,388.5,202,25,103,13,94,9,11570745.5,15558,145,57,56,24,24,98,0,14,11,6.5,23.5,32,42.5,97,75,30,45,26,0
CRS3035RES200mN2748200E3448800,200,431.5,211,24,103,18,98,14,11880662.1,15355,175,36,28,73,24,86,0,7,17.5,5,29,43,39,140,81,35,27,15,0
CRS3035RES200mN2748200E3451600,200,335,155,13,66,11,78,22,7955999.7,11084,114,41,54,5,4,91,1,26,22.5,4,17,36.5,26,89,79,29,25,7,0
CRS3035RES200mN2748200E3452000,200,272,136,55,68,13,2,28,4011037.8,8455,135,1,1,64,33,38,0,134,18.5,7.5,21,29.5,20.5,54,65,26,20,10,0
CRS3035RES200mN2748200E3452400,200,421.5,176,26,62,17,54,33,9344431.1,12055,153,23,0,0,0,176,0,44,36,18,32.5,43.5,34.5,144,73,19,18,3,0
CRS3035RES200mN2748200E3452600,200,216.5,100,18,47,10,22,15,3942446.2,6308,100,0,0,0,0,100,0,59,25,4,17.5,20,16,69,46,9,9,1,0
CRS3035RES200mN2748400E3448400,200,299.5,125,10,51,16,85,7,9662086,11797,63,62,61,22,3,38,1,0,7.5,7,24,38,36,54,63,28,24,18,0
CRS3035RES200mN2748400E3448800,200,269,119,10,46,11,76,8,8612447,11012,48,71,52,23,5,39,0,0,13,2,16,28,30,47,61,25,38,9,0
CRS3035RES200mN2748400E3451000,200,359.5,219,64,147,13,34,20,7400645.2,11164,198,21,10,107,0,102,0,2,11.5,3.5,16,33,41.5,103,73,36,31,11,0
CRS3035RES200mN2748400E3451800,200,731,267,89,92,52,60,51,12623825.7,19590,217,50,16,203,3,45,0,195,50,30.5,80,104.5,46,127,149,68,61,15,0
CRS3035RES200mN2748400E3452000,200,2027.5,867,399,388,109,38,152,28560085.5,52356,864,3,0,385,378,103,1,814,170,91,182.5,209,128,394,386,211,193,62,1
CRS3035RES200mN2748400E3452400,200,655.5,339,51,177,18,136,55,12938463.6,20776,325,14,0,0,0,339,0,118,46,18,48.5,50.5,57.5,211,112,61,36,15,0
CRS3035RES200mN2748400E3452800,200,469,195,21,74,22,75,26,10269223.6,13736,107,88,1,8,16,170,0,36,18,19,44.5,57,42.5,106,114,37,23,8,0
CRS3035RES200mN2748600E3448600,200,294,114,7,37,17,76,7,9546070.4,11717,44,70,30,21,4,59,0,0,14,9.5,19.5,31,40,50,69,30,27,4,0
CRS3035RES200mN2748800E3448600,200,347.5,130,8,35,19,97,9,11602715.9,13570,52,78,46,20,15,49,0,0,15,5.5,31,49,29,53,79,29,42,14,1
CRS3035RES200mN2748800E3451200,200,197,75,10,21,12,10,9,3880608.1,5837,36,39,6,0,39,30,0,33,2,2,22,32,23,29,45,13,17,12,0
CRS3035RES200mN2748800E3451600,200,291,132,16,58,10,72,11,6778269.9,9243,74,58,33,32,3,63,1,41,17,5,13,27.5,24.5,70,59,40,25,10,0
CRS3035RES200mN2752000E3441000,200,198.5,60,10,3,13,25,13,4575031.6,6078,0,60,0,0,9,51,0,27,16,13,27,20.5,13,40,35,21,13,0,0
CRS3035RES200mN2758200E3669200,200,304.5,102,47,27,27,12,25,4205500.6,7580,88,14,0,70,1,31,0,73,27,13,47,41,14.5,61,52,18,24,7,0
CRS3035RES200mN2758800E3669400,200,327,161,61,79,13,27,31,4991607.7,8971,148,13,2,112,0,47,0,86,17.5,12,30.5,26,17,75,57,27,46,19,0
CRS3035RES200mN2760400E3400600,200,377,189,19,91,13,120,15,9866000.8,14822,94,95,46,72,11,60,0,7,13,7,21,32,24,47,84,55,63,31,0
CRS3035RES200mN2760600E3400200,200,198,99,9,53,10,73,5,4955745.5,7686,53,46,6,47,1,45,0,0,8,4,7.5,17.5,15,37,37,28,34,10,0
CRS3035RES200mN2760800E3400400,200,432.5,210,49,102,13,46,47,7439456.3,14760,167,43,1,130,3,76,0,155,20,14,33.5,49.5,31.5,61,79,43,68,33,0
CRS3035RES200mN2761000E3400600,200,378.5,187,24,81,14,95,26,8530648.8,14562,132,55,33,105,15,34,0,15,8,6.5,25,39,24,67,70,51,57,31,0
CRS3035RES200mN2761600E3400400,200,437.5,163,26,46,18,53,23,8786404.9,13006,55,108,6,48,7,102,0,101,23.5,14,37.5,64.5,33,87,94,35,35,14,0
CRS3035RES200mN2761600E3527400,200,544,283,54,148,15,113,48,11244882.9,19432,252,31,40,161,36,46,0,84,25,12.5,31,58.5,53,148,106,25,52,25,8
CRS3035RES200mN2761600E3527600,200,495.5,237,15,113,14,107,18,13584595.8,18401,148,89,116,3,23,95,0,16,29,10.5,25.5,40,55.5,127,88,58,46,15,1
CRS3035RES200mN2761800E3527800,200,575,325,43,173,10,134,35,14787549.2,24823,271,54,63,2,101,159,0,98,25.5,14,22,30,50.5,141,89,63,87,52,1
CRS3035RES200mN2762000E3528600,200,305.5,159,18,74,10,83,19,8178911.5,13265,124,35,58,22,7,72,0,11,3,2.5,11.5,34.5,48,60,62,35,42,7,0
CRS3035RES200mN2762200E3528400,200,321,174,30,106,13,82,6,9164952.3,14424,132,42,90,6,47,31,0,0,11,7.5,13.5,25,51,61,48,31,37,36,0
CRS3035RES200mN2762200E3528800,200,309.5,146,4,59,14,98,9,9755660.3,14614,83,63,73,2,0,71,0,0,10,3,18,29.5,23,43,56,35,62,30,0
CRS3035RES200mN2762400E3528200,200,304.5,174,47,109,11,52,10,8188040.2,13478,138,36,126,2,13,32,1,0,10,3,9.5,25.5,59.5,83,49,19,40,6,0
CRS3035RES200mN2762400E3528600,200,464.5,195,23,74,21,127,18,14278445.2,21926,83,112,121,4,21,49,0,3,12,7.5,30.5,59,58.5,60,93,65,52,27,0
CRS3035RES200mN2762400E3528800,200,400,170,14,53,15,126,12,12565243.9,19955,69,101,121,16,1,32,0,0,7,5,22,38,48,55,63,68,63,30,1
CRS3035RES200mN2762600E3528200,200,371.5,180,14,80,10,113,12,11313962.4,19260,147,33,104,10,18,48,0,15,14,9,26,24.5,26,73,58,44,60,37,0
CRS3035RES200mN2762600E3528400,200,391,180,12,84,21,104,10,12230623.1,18860,130,50,118,0,19,42,1,0,10,7.5,12,39.5,58,62,66,40,49,47,0
CRS3035RES200mN2762600E3528600,200,288,134,11,57,13,101,7,9358876.9,16726,79,55,76,0,11,47,0,0,6,1,17.5,27,25.5,31,42,33,67,38,0
CRS3035RES200mN2763000E3529600,200,826,321,166,132,53,4,92,11225641.7,19644,315,6,3,240,0,78,0,293,54.5,46,101,110,68.5,162,136,58,50,16,24
CRS3035RES200mN2763200E3529400,200,344.5,167,17,81,13,79,20,8335671.5,12939,95,72,86,21,2,58,0,32,9,7,22,32.5,46,67,71,41,32,17,0
CRS3035RES200mN2763200E3529600,200,799,398,150,208,29,12,72,11999968.7,24457,382,16,23,199,7,169,0,362,48,32.5,62,66,55.5,200,142,89,73,24,7
CRS3035RES200mN2763600E3529000,200,511,282,58,141,10,88,69,10634951.9,18753,233,49,65,81,98,38,0,136,20.5,9,35.5,50.5,49.5,124,122,45,42,13,0
CRS3035RES200mN2763600E3529200,200,342.5,142,22,48,15,67,18,7703890.4,11103,67,75,81,7,3,51,0,57,10,11,29.5,40,30,73,69,33,33,14,0
CRS3035RES200mN2777200E4123200,200,455,200,36,77,15,94,28,8882313.2,15239,194,6,58,62,0,80,0,47,19,5,28.5,48.5,45,90,98,49,52,19,1
CRS3035RES200mN2777400E4123600,200,464,271,55,166,12,35,32,9411135.8,16766,267,4,145,48,9,69,0,72,26.5,11,22,21.5,36,101,76,39,57,74,0
CRS3035RES200mN2777600E4123000,200,464.5,236,41,108,10,79,43,9572778.2,17477,229,7,177,10,1,48,0,42,34.5,9.5,23.5,32.5,52.5,135,77,47,43,10,0
CRS3035RES200mN2777600E4123400,200,401.5,198,30,95,10,47,24,8059278.2,13455,191,7,73,0,42,83,0,37,37,9.5,20.5,25.5,39,115,64,47,35,9,0
CRS3035RES200mN2777600E4123600,200,489,213,42,80,19,45,36,9897531.9,16447,207,6,65,39,0,109,0,79,38,16,31.5,46.5,53,122,86,47,37,11,1
CRS3035RES200mN2777600E4124400,200,537.5,253,60,112,14,21,41,9734882.7,18158,247,6,35,0,0,218,0,215,21,21,27.5,43.5,50,96,125.5,59,59,28,7
CRS3035RES200mN2787000E3716400,200,566,363,65,241,10,111,29,13449380.2,22213,352,11,155,65,86,57,0,47,27,9,22,18.5,65.5,163,124,63,52,22,0
CRS3035RES200mN2787200E3715800,200,699.5,426,61,268,11,204,43,15876648,27606,411,15,37,164,170,55,0,0,23.5,7,36.5,48,53.5,165,139,72,111,43,1
CRS3035RES200mN2787600E3715800,200,343.5,172,19,75,12,98,17,9528195.4,14501,119,53,72,0,49,51,0,27,5.5,5,22.5,21.5,38,49,78,45,50,29,0
CRS3035RES200mN2787600E3717600,200,425.5,231,20,130,10,74,22,10949644.6,15283,197,34,31,3,1,196,0,47,14,10.5,27.5,36.5,30,103,82,53,44,24,1
CRS3035RES200mN2787600E3718000,200,350,179,39,93,10,17,35,6025274.7,10204,178,1,1,0,0,178,0,119,15,11.5,26.5,38,29,86,74,32,29,9,0
CRS3035RES200mN2787800E3718400,200,309,100,35,19,22,27,17,5244316.1,7562,40,60,20,7,0,73,0,73,35.5,14,31.5,29,15,57,53,36,28,9,1
CRS3035RES200mN2788200E3716000,200,358.5,180,20,92,10,95,15,10319851.4,14068,99,81,133,13,3,31,0,24,16,14.5,31.5,25.5,23,92,72,35,39,10,0
CRS3035RES200mN2788200E3716200,200,630,295,32,125,25,97,40,16410313.4,24400,245,50,86,137,29,42,1,120,29,16,44,68,49,126,124,63,79,32,0
CRS3035RES200mN2788600E3716200,200,248.5,124,12,62,10,58,9,7230082.9,10426,78,46,69,4,0,51,0,0,10,6,10.5,26,28,54,48,26,26,14,0
CRS3035RES200mN2788800E3716600,200,549.5,284,42,144,13,50,46,11065829.2,17373,276,8,16,18,0,250,0,96,44,15,43.5,39,53,193,92,30,31,9,0
CRS3035RES200mN2788800E3716800,200,360.5,174,48,86,15,16,31,5844172.9,10739,163,11,26,116,1,31,0,130,22,9.5,33.5,31.5,29,72,63,39,44,17,0
CRS3035RES200mN2789400E3718600,200,486.5,255,43,129,13,43,38,9412706.3,14415,255,0,0,0,0,255,0,113,59,22.5,25,20,60,224,47,22,7,0,0
CRS3035RES200mN2791200E3779000,200,281,144,30,74,12,50,22,6314115.5,12071,113,31,50,28,11,55,0,44,11,3,17,21,28,53,46,27,38,35,2
CRS3035RES200mN2791200E3779800,200,534.5,289,62,164,18,120,39,9188508.2,19227,289,0,0,195,48,45,1,90,28,16,31.5,46,34,88,82,47,76,86,0
CRS3035RES200mN2810800E3592400,200,395,166,68,61,18,22,44,5857169.7,11240,134,32,34,10,46,75,1,120,30.5,15,41,40.5,36,80,71,41,23,14,3
CRS3035RES200mN2810800E3592800,200,488,258,61,125,12,49,47,8180746.3,17001,245,13,5,38,166,49,0,160,25,10,35,38,44,90,107,57,59,23,0
CRS3035RES200mN2812000E3592200,200,564.5,302,78,193,24,36,30,9445636.5,17744,294,8,7,1,218,76,0,219,33,17,40.5,49,33,95,73,46,58,111,9
CRS3035RES200mN2812200E3591200,200,377.5,115,21,22,26,22,23,6914121.4,9879,51,64,13,8,2,92,0,88,21,20,50.5,58,35,70,75,29,13,6,0
CRS3035RES200mN2812400E3592800,200,788,266,153,71,52,6,77,10613052.9,18949,245,21,3,3,226,34,0,259,65,38,109.5,101.5,60,142,122,66,63,14,7
CRS3035RES200mN2812600E3591200,200,324.5,141,18,54,10,67,20,7163191.1,11364,67,74,76,5,2,58,0,54,10,13,25,25.5,45,50,77,26,37,16,0
CRS3035RES200mN2812600E3591400,200,398,185,50,79,13,50,47,7642005.4,13772,128,57,57,2,0,126,0,122,22,15,41.5,38.5,31,69,88,43,37,11,2
CRS3035RES200mN2813200E3591800,200,410.5,204,34,108,14,77,22,9351861.3,16676,150,54,77,10,14,103,0,36,18.5,10,32,43,37,105,73,30,48,14,0
CRS3035RES200mN2813400E3591200,200,435,234,40,130,12,115,22,11242435.7,18590,168,66,175,20,7,32,0,4,9.5,13,32,35,50.5,102,88,38,43,24,0
CRS3035RES200mN2813400E3591600,200,413.5,237,73,145,11,59,19,7944490,14959,190,47,135,21,1,80,0,38,26.5,13,21.5,22.5,65,127,53,30,49,6,0
CRS3035RES200mN2813400E3592200,200,435.5,173,40,54,20,89,33,9605749.2,15928,73,100,115,23,1,34,0,48,23,17.5,41.5,52.5,44,81,70,45,45,13,3
CRS3035RES200mN2813600E3592000,200,361,167,30,67,15,51,41,8226077.7,14311,135,32,40,16,16,95,0,84,18,13,21,28,52,66,69,30,43,21,0
CRS3035RES200mN2813600E4132000,200,545,237,57,102,23,103,31,10201367.4,18214,208,29,161,8,1,62,5,19,34,10.5,47.5,67.5,40.5,136,115,47,27,20,0
CRS3035RES200mN2813600E4132200,200,430,207,33,97,13,100,35,8518700.4,15849,168,39,148,6,3,50,0,9,27,15,25,45,40,90,85,42,42,18,1
CRS3035RES200mN2813800E3591800,200,240,116,11,63,14,57,7,7174521.2,12079,85,31,41,3,10,62,0,0,9,2,8.5,34.5,24,45,49,13,30,25,0
CRS3035RES200mN2813800E3592200,200,609.5,295,90,146,15,80,53,11635672.9,22244,261,34,34,158,26,76,1,179,29,18,45.5,63.5,60.5,106,113,61,68,44,1
CRS3035RES200mN2814000E3590000,200,229,98,27,35,12,19,26,3932482.3,7283,71,27,17,8,2,71,0,71,9,6,25,30,17,45,49,19,17,10,2
CRS3035RES200mN2814000E3591200,200,453,246,69,145,13,36,39,8009487,16461,240,6,42,0,138,64,2,124,36,16,33.5,38.5,44,112,68,41,36,26,2
CRS3035RES200mN2814200E3591600,200,452,276,104,169,10,30,41,7959366.9,16294,266,10,128,7,80,59,2,98,18,5.5,20,35.5,83,130,79,51,24,6,0
CRS3035RES200mN2814200E3592200,200,305.5,141,9,62,10,105,11,9717322.9,16027,53,88,84,9,16,32,0,0,10,6,16.5,28,31,46,54,44,40,30,0
CRS3035RES200mN2814400E3350000,200,272.5,129,37,55,10,37,35,4736021.4,9936,89,40,10,72,7,40,0,84,11.5,12,12,34.5,25.5,31,73,31,21,21,0
CRS3035RES200mN2814400E3590000,200,268.5,120,19,47,10,30,16,5012873,8810,39,81,3,14,10,93,0,87,8,5,23,25.5,22,35,56,44,36,14,0
CRS3035RES200mN2814800E3591000,200,324,148,30,66,12,69,20,8177693.8,13068,71,77,96,5,1,46,0,42,11,13.5,22.5,27,38,53,74,40,31,13,1
CRS3035RES200mN2814800E3592200,200,469,278,31,176,10,55,32,10386021.6,19403,248,30,36,2,102,138,0,125,12,9,35,34,30,74,68,36,72,99,0
CRS3035RES200mN2814800E3592400,200,360,160,13,68,13,80,18,9720486.7,15931,71,89,91,37,2,30,0,24,8,12,20,45,37,48,73,38,51,26,2
CRS3035RES200mN2815000E3591000,200,488,274,56,153,10,97,38,9693371.2,18921,221,53,71,58,89,55,1,54,22,10,24.5,35,50.5,106,76,44,74,46,0
CRS3035RES200mN2815800E3592400,200,461,236,78,122,12,35,56,7547949,16117,211,25,2,74,128,32,0,179,35,15.5,37.5,43.5,43.5,92,84,48,47,15,0
CRS3035RES200mN2816000E3880400,200,332,163,30,77,10,41,30,6593688.5,12162,126,37,46,32,0,85,0,81,15,13,24,29,34,62,72,33,36,14,0
CRS3035RES200mN2816000E3880800,200,670,248,114,92,45,0,78,9044931.2,20478,248,0,33,0,110,105,0,248,44,25.5,83,104.5,57,112,123,61,35,10,15
CRS3035RES200mN2816800E3881600,200,404,157,69,47,22,6,59,5659933.6,11825,150,7,5,1,94,57,0,150,39,26.5,44,46.5,29,80,58,44,31,6,0
CRS3035RES200mN2828600E4151400,200,284.5,118,9,35,10,57,8,7173915.8,10109,71,47,15,6,0,97,0,0,14,7,16,19.5,30,79,61,38,16,4,0
CRS3035RES200mN2828800E4151200,200,560,296,37,146,10,43,34,12462302,16943,279,17,0,0,0,296,0,47,45.5,11.5,42,25,42,217,83,29,34,31,0
CRS3035RES200mN2828800E4154200,200,367,242,115,172,10,26,5,5792165,8618,240,2,13,27,24,178,0,98,8,5,15,14,49,64,79,40,64,29,0
CRS3035RES200mN2828800E4154400,200,562,293,44,136,12,66,29,12651315.9,22074,285,8,9,80,126,78,0,152,31,14,18,33,36,110,82,79,107,52,0
CRS3035RES200mN2828800E4154800,200,875.5,335,79,115,50,67,59,15191361.7,23472,335,0,0,268,0,67,0,228,54,27,64.5,97,84,164,146,107,90,35,7
CRS3035RES200mN2830000E4151000,200,544,238,47,85,17,65,34,9430963.9,15751,238,0,0,0,0,238,0,152,63.5,21,41,40.5,32,180,79,25,44,18,0
CRS3035RES200mN2830000E4155800,200,636,332,68,153,10,69,48,12839218.5,21264,322,10,170,61,39,62,0,131,25,18,34.5,37.5,55,160,124,68,74,40,0
CRS3035RES200mN2830200E4151000,200,530.5,232,77,91,19,21,44,8211073.9,14346,229,3,2,58,86,86,0,146,37,14.5,54.5,49.5,40,138,88,49,54,6,0
CRS3035RES200mN2830200E4155200,200,671.5,354,42,170,10,152,26,15935616,23634,350,4,31,129,132,62,0,0,24,14,37.5,42,44,172,144,92,72,30,0
CRS3035RES200mN2830400E4151200,200,849,353,104,117,34,60,63,14239473.1,22097,352,1,0,210,67,76,0,164,53,25.5,71,93.5,52,198,142,74,102,38,0
CRS3035RES200mN2830400E4151400,200,436,221,72,123,19,10,20,7000330.3,11739,219,2,2,2,0,198,19,56,31,19.5,38,30.5,77,146,57,13,17,7,0
CRS3035RES200mN2830400E4155800,200,622.5,360,61,203,15,93,33,14164078.4,22380,353,7,212,89,17,42,0,30,30,14.5,33,29,47,226,111,48,58,26,0
CRS3035RES200mN2830600E4151800,200,318,125,42,41,14,47,21,5866786.3,9630,109,16,34,32,14,45,0,40,18,15,20.5,34.5,28,63,68,30,37,4,0
CRS3035RES200mN2830600E4155200,200,552,268,24,106,11,83,29,14372237.6,20593,262,6,124,73,30,41,0,8,27,10.5,29.5,35.5,44.5,159,111,63,50,22,0
CRS3035RES200mN2830600E4155800,200,933,442,118,213,38,61,58,17499898.3,29283,437,5,91,234,8,109,0,267,49.5,35,63.5,91.5,81.5,223,177,71,92,49,0
CRS3035RES200mN2830800E4151800,200,443.5,196,44,88,24,80,19,8630957.8,13642,184,12,67,1,72,56,0,3,28,12.5,29.5,48,35.5,112,82,50,38,8,0
CRS3035RES200mN2830800E4155000,200,623.5,336,44,172,12,101,25,15396337.5,22256,329,7,64,9,108,155,0,33,27.5,14,36,35,46,233,111,46,54,21,0
CRS3035RES200mN2830800E4155200,200,922,559,84,317,10,194,57,21701736.9,34095,550,9,181,38,146,193,1,49,31,14,40,40.5,77.5,353,153,91,96,26,0
CRS3035RES200mN2832000E4153400,200,565,233,82,92,25,51,27,10548952,17008,231,2,76,2,109,44,2,141,38,21,42,52.5,52.5,146,124,41,36,5,7
CRS3035RES200mN2832400E4153800,200,778,453,110,264,13,97,41,17193261.4,29036,450,3,215,94,68,76,0,64,26.5,15,29.5,53,68,278,177,64,50,17,0
CRS3035RES200mN2832600E4154000,200,795,406,93,210,17,89,48,17734369.1,28771,399,7,255,50,0,95,6,102,42,16,41.5,65,82.5,241,154,84,49,15,5
CRS3035RES200mN2832800E4154000,200,895.5,478,132,267,25,102,47,19039650.9,28258,477,1,172,0,43,262,1,104,37.5,22.5,59,67.5,92,282,182,74,64,12,3
CRS3035RES200mN2834000E4151600,200,307.5,119,18,38,15,65,11,6561013.6,9023,93,26,16,15,36,52,0,18,15,11,18.5,29,31,75,55,28,38,7,0
CRS3035RES200mN2834200E4151200,200,1232,406,193,100,104,32,106,17409378.2,29082,395,11,0,1,337,62,6,349,75.5,37.5,141,196,100,240,243,97,87,13,2
CRS3035RES200mN2834200E4154600,200,772,412,49,200,10,160,38,19568591.7,27202,406,6,14,2,0,396,0,31,50,11,39.5,46,64.5,307,128,61,58,7,0
CRS3035RES200mN2834200E4157800,200,371.5,172,20,71,10,76,17,10813193.8,14398,156,16,0,0,61,111,0,25,13,11,28,30.5,28,74,77,36,54,20,0
CRS3035RES200mN2834400E4151200,200,258.5,128,22,63,11,56,10,6248998.9,9741,106,22,33,5,40,49,1,0,9,4.5,12,18,36,29,52,42,44,12,0
CRS3035RES200mN2834400E4154000,200,420,187,27,65,11,75,20,9364219.9,13407,169,18,133,7,2,45,0,16,32,11.5,23.5,31,33,115,80,39,39,16,0
CRS3035RES200mN2834400E4154600,200,847.5,408,69,190,28,55,49,16734535.8,25755,406,2,2,0,143,263,0,179,54,17,61,69,77.5,257,163,77,57,14,1
CRS3035RES200mN2834600E4151200,200,584.5,267,28,110,17,177,30,13269341.1,19886,241,26,0,156,1,110,0,0,29,18.5,40,50,35,121,121,78,67,25,0
CRS3035RES200mN2834600E4151800,200,378.5,144,29,54,23,53,12,7338719.3,11322,107,37,0,64,1,79,0,19,28,13,34,41.5,33,95,62,22,38,12,0
CRS3035RES200mN2834600E4154000,200,612.5,286,49,122,18,98,32,12844109.5,19760,261,25,129,3,70,84,0,49,36,19,38,43.5,62,181,110,57,54,12,0
CRS3035RES200mN2834800E4151200,200,381.5,165,25,62,16,52,21,8587617.2,11737,153,12,0,0,12,153,0,86,32,12,19.5,44,20,91,80,38,34,11,0
CRS3035RES200mN2834800E4155000,200,552,287,65,159,20,93,35,12035786.6,18549,282,5,128,2,89,66,2,67,19.5,16.5,41.5,47.5,45,144,103,60,55,19,1
CRS3035RES200mN2834800E4155200,200,469,224,48,104,18,94,26,10380842.7,15057,194,30,113,0,51,60,0,15,25.5,11,37.5,34.5,31.5,112,109,50,47,11,0
CRS3035RES200mN2835000E4155400,200,696,353,86,180,18,99,30,14555757.4,22867,317,36,262,3,13,75,0,158,39,23.5,41.5,52,42,150,145,91,81,30,1
CRS3035RES200mN2835000E4155600,200,766,347,80,146,25,44,72,13675122.9,23266,342,5,210,0,15,122,0,246,36,29.5,64.5,82.5,43.5,173,162,87,70,18,0
CRS3035RES200mN2835200E4155400,200,516.5,248,35,102,11,125,22,12531768.7,18279,223,25,106,58,0,84,0,2,34,15,33,24.5,38,157,86,53,58,18,0
CRS3035RES200mN2835400E4155000,200,782,425,69,220,20,91,45,17095786.3,26729,416,9,214,7,28,176,0,79,45,16,40,47.5,51.5,251,136,75,92,28,0
CRS3035RES200mN2835400E4155600,200,405,161,8,51,19,113,16,10650009.9,14242,143,18,0,47,3,111,0,0,25,15.5,23,45.5,33,86,80,38,35,24,0
CRS3035RES200mN2835600E4155000,200,441.5,218,40,103,12,104,20,10071097.2,15534,194,24,163,6,8,41,0,9,21.5,13,43,28,29,110,102,46,31,17,1
CRS3035RES200mN2835600E4155200,200,483.5,223,23,87,15,110,35,11512637.3,17096,180,43,136,31,16,40,0,20,18,10.5,32,45.5,32.5,95,101,69,62,16,2
CRS3035RES200mN2835600E4155400,200,556,219,35,71,26,77,22,11795623.8,17092,189,30,52,96,25,46,0,60,37,21.5,45,47.5,56,132,119,32,45,21,0
CRS3035RES200mN2835800E4155400,200,546,249,46,96,17,91,42,11167552.2,16601,225,24,115,56,6,72,0,38,25.5,14.5,35,47,38,139,96,47,77,27,0
CRS3035RES200mN2835800E4157800,200,240.5,82,25,15,14,0,17,3875469.9,5993,81,1,1,0,0,81,0,81,14,5,20,30.5,31,33,52,29,19,7,0
CRS3035RES200mN2841000E3490200,200,254.5,103,17,36,15,26,19,4583301.2,8159,38,65,0,0,46,57,0,74,8,6,22.5,34,25,27,48,33,33,17,1
CRS3035RES200mN2844000E3453200,200,358,183,46,94,10,7,38,6467909.6,11965,176,7,1,60,0,122,0,125,23.5,17,33.5,19,29,98,79,32,16,11,0
CRS3035RES200mN2844000E3454800,200,471,220,35,92,15,53,33,9239697.5,15066,214,6,0,0,140,80,0,132,39,16,30.5,32.5,44,97,85,57,53,17,0
CRS3035RES200mN2844200E3454800,200,469.5,188,25,60,19,33,27,11129176.1,14628,157,31,24,23,0,141,0,73,14,13,32,63.5,46,87,124,48,32,9,1
CRS3035RES200mN2844400E3454000,200,375.5,157,24,58,13,86,20,9405064.8,12675,73,84,51,29,11,66,0,34,17,13,32.5,41.5,31.5,62,64,46,41,24,3
CRS3035RES200mN2844400E3455000,200,550,269,24,120,14,139,34,13264878.7,18973,214,55,32,18,30,189,0,49,33.5,9.5,26,44,48,181,101,26,48,26,7
CRS3035RES200mN2844400E3456000,200,265,111,9,37,10,69,10,8138083,10220,41,70,39,30,10,32,0,2,15,7.5,25,24.5,13,58,55,23,23,21,0
CRS3035RES200mN2844600E3455000,200,694.5,373,51,192,11,130,33,17065850.9,24757,335,38,47,8,33,285,0,95,42,18,35,35.5,51.5,239,143.5,59,47,24,0
CRS3035RES200mN2844800E3453600,200,284,130,34,64,10,14,19,5007975,8621,121,9,1,0,1,128,0,102,26.5,14,27,28.5,16,97,50,15,7,3,0
CRS3035RES200mN2845400E3455800,200,872,511,80,303,15,161,57,20732925.5,30406,498,13,39,70,0,402,0,101,39,16,33,73,84,285,176,74,65,27,0
CRS3035RES200mN2845600E3455600,200,403.5,237,39,146,11,83,17,10382193.6,14868,223,14,52,67,33,84,1,9,22,5.5,17.5,21.5,46,149,71,26,34,11,0
CRS3035RES200mN2845800E3455800,200,638.5,334,51,158,15,101,39,15925370.5,21891,324,10,78,72,0,183,1,44,46,13,38.5,40,53,249,92,53,44,10,0
CRS3035RES200mN2846000E3456200,200,502.5,277,42,145,10,125,22,13868130.5,19707,253,24,57,23,89,108,0,26,14,10.5,21,28.5,53.5,127,93,55,65,35,0
CRS3035RES200mN2846200E3456200,200,292,127,22,52,11,38,18,8136539.6,10224,104,23,32,0,8,87,0,47,7,7,16.5,41.5,43,54,75,30,16,2,0
CRS3035RES200mN2846400E3456200,200,279.5,112,6,30,13,63,8,9927100.3,12264,60,52,46,26,1,39,0,3,14,6,21,28.5,22,70,46,37,24,11,0
CRS3035RES200mN2846600E3456400,200,331.5,138,11,56,22,72,9,10879286.7,13326,81,57,49,36,14,39,0,0,7,4,23,35.5,48,59,62,46,31,15,1
CRS3035RES200mN2846600E3456600,200,311.5,126,9,37,16,85,5,10211176,12949,47,79,48,29,11,38,0,0,7,9,18.5,38,30,45,54,28,58,24,0
CRS3035RES200mN2846800E3456400,200,255,107,7,38,12,58,6,8599155.9,10072,64,43,33,13,2,59,0,0,12,5,13,20,31,58,50,25,30,11,0
CRS3035RES200mN2847000E4037400,200,604.5,340,53,198,19,93,60,11786093.6,21799,340,0,0,0,136,204,0,124,31,17.5,47.5,46,63.5,144,109,58,68,20,0
CRS3035RES200mN2847000E4041200,200,605.5,350,71,202,11,52,50,11218680.4,21654,344,6,19,64,3,264,0,141,35,19,22.5,34,55,154,106,75,88,17,0
CRS3035RES200mN2847200E4041400,200,395,145,74,39,22,0,40,5146896.2,10163,145,0,0,114,0,31,0,145,26,11,38,59,34,77,83,30,30,7,0
CRS3035RES200mN2848200E4039800,200,290.5,158,33,84,10,46,15,7757995.7,12814,142,16,55,19,1,83,0,23,6.5,7,12.5,24.5,40,84,50,38,18,9,1
CRS3035RES200mN2849200E4037800,200,283,113,25,37,16,42,25,6072383,9795,85,28,31,1,19,62,0,58,9.5,7,20.5,37.5,38.5,39,67,27,28,7,2
CRS3035RES200mN2849600E3445600,200,256.5,113,20,45,11,32,20,4968561.8,9030,89,24,1,1,28,83,0,69,25,7.5,21,23,16,58,55,25,21,5,0
CRS3035RES200mN2849800E4040400,200,457.5,210,69,95,19,25,41,7837603.3,14949,207,3,34,2,113,61,0,113,20,13,42,51,32.5,83,85,44,40,40,7
CRS3035RES200mN2850000E3690200,200,356.5,140,38,40,18,13,22,6054782.3,10118,99,41,3,96,4,37,0,127,25,8,27,36.5,26,71,61,42,46,13,1
CRS3035RES200mN2850200E4039200,200,358.5,201,47,120,12,94,18,10015946.5,16984,180,21,146,7,5,42,1,6,15,8,17,30.5,53,97,62,25,33,18,0
CRS3035RES200mN2850200E4041600,200,539.5,288,60,151,11,80,44,11397913.4,19884,232,56,110,21,91,66,0,143,22,5.5,26,49,46,103,126,74,58,30,0
CRS3035RES200mN2850200E4043200,200,195.5,76,11,26,10,30,16,3979906.8,6749,26,50,4,13,0,59,0,18,11.5,9,16,29.5,18.5,38,46,13,5,7,2
CRS3035RES200mN2850400E4041000,200,299,148,18,67,10,39,23,5908473.4,10021,133,15,1,29,0,117,1,67,17,10,22.5,30.5,18,82,43,28,36,12,0
CRS3035RES200mN2850600E3691200,200,427,215,30,106,10,45,27,8590308.2,14396,174,41,5,0,0,210,0,134,18.5,15,35,32.5,28.5,120,80.5,52,31,14,0
CRS3035RES200mN2850600E3691400,200,430.5,188,25,79,23,51,23,9660934.7,14278,145,43,14,2,0,172,0,57,23,17,31,57,34.5,104,71,26,53,14,0
CRS3035RES200mN2850600E3691600,200,228,103,14,44,11,44,13,6220825.3,7796,59,44,62,0,4,37,0,2,5,10.5,12.5,27,23,47,50,30,15,8,0
CRS3035RES200mN2850600E4042800,200,276,123,18,45,13,22,32,5375054,9371,109,14,41,19,8,54,1,52,11.5,6,20.5,38,28,60,56,21,31,4,0
CRS3035RES200mN2850800E4039600,200,204.5,93,25,38,10,29,13,4162435.2,7249,58,35,42,11,6,33,1,26,11,9,15.5,17,15,59,43,23,7,5,0
CRS3035RES200mN2850800E4042400,200,231.5,103,22,42,11,34,15,4683293.2,8769,87,16,15,6,39,43,0,34,12,8.5,13.5,25,15.5,66,36,20,29,6,0
CRS3035RES200mN2851400E3691200,200,237,127,36,73,10,18,19,4243075.2,7098,107,20,10,44,26,47,0,98,7,6,14,26,10,39,56,28,31,20,0
CRS3035RES200mN2851600E3691400,200,247,87,10,16,12,34,10,5359252.8,7903,0,87,11,7,4,65,0,48,7.5,6,24.5,27,26,35,52,45,14,10,0
CRS3035RES200mN2852400E3779200,200,340,156,29,61,11,36,33,7215082.2,10223,140,16,31,2,64,59,0,64,28.5,6,19,32,44.5,74,70,25,27,14,0
CRS3035RES200mN2852400E3779800,200,301.5,132,24,57,15,48,19,6433564.9,8514,120,12,45,37,8,41,1,18,22,9,29,27,23.5,65,62,27,24,11,2
CRS3035RES200mN2852400E4163200,200,310.5,150,36,67,10,64,18,5893530.7,11672,106,44,63,1,42,44,0,52,15,9,14.5,31,19,60,48,39,64,11,0
CRS3035RES200mN2852600E3779400,200,253.5,102,12,33,12,46,19,5762128,7557,102,0,0,39,0,63,0,28,20.5,15,23,23,21,55,60,18,12,6,0
CRS3035RES200mN2852600E4163200,200,207,84,21,27,12,32,9,3888907.2,7749,60,24,47,4,1,32,0,20,10,8,9,21,13,34,39,39,17,17,0
CRS3035RES200mN2852600E4163400,200,337,147,35,54,14,45,24,6740317.7,13039,123,24,84,19,2,42,0,16,21.5,10,27,26.5,25,77,60,43,29,18,0
CRS3035RES200mN2852600E4163800,200,332.5,135,36,49,15,50,19,5973783.9,11203,120,15,67,19,17,32,0,0,13,10.5,31.5,42.5,26,71,64,31,37,6,0
CRS3035RES200mN2852800E4163200,200,332.5,146,30,60,20,72,11,6250442.4,11016,110,36,80,23,12,31,0,0,13.5,5,27,22,28,70,57,43,51,16,0
CRS3035RES200mN2854800E3776200,200,288.5,112,16,28,13,34,29,5912326.2,8193,83,29,5,9,12,86,0,65,26,9,31.5,33,26,73,40,24,21,5,0
CRS3035RES200mN2859000E3766000,200,216.5,65,15,11,14,17,6,4208818.2,4661,48,17,0,0,0,65,0,48,20,8.5,22,22,15,60,47,16,4,2,0
CRS3035RES200mN2859000E3766200,200,506.5,205,30,63,14,79,39,10400206.9,10613,187,18,0,0,0,205,0,21,48.5,29,55,37,37,167,94,22,13,4,0
CRS3035RES200mN2859000E3766400,200,749,290,118,123,41,12,63,11491106.4,13567,276,14,6,11,0,273,0,223,70.5,38,83,103,44.5,195,138,52,21,3,1
CRS3035RES200mN2859200E3766200,200,475,198,29,87,30,54,33,9070397.1,10516,198,0,0,0,0,198,0,74,62,27.5,54,29,30.5,168,74,15,15,0,0
CRS3035RES200mN2859200E3766400,200,272,115,16,44,13,66,19,5849295.9,6313,95,20,26,7,12,70,0,0,30.5,10,16,18,22.5,90,40,22,18,5,0
CRS3035RES200mN2859600E3766200,200,452,185,59,68,26,40,44,7241765.1,9438,178,7,78,8,0,99,0,82,39,19,41.5,44.5,29,109,88,52,23,5,2
CRS3035RES200mN2859800E3766000,200,945.5,300,93,65,68,8,74,14637302.5,22863,299,1,10,0,233,57,0,285,63.5,39,99.5,140,76.5,153,184,88,78,24,0
CRS3035RES200mN2859800E3766800,200,893,366,111,144,45,5,71,13954660.5,21183,361,5,2,208,82,74,0,279,46.5,24,81,103.5,58,185,171,106,92,26,0
CRS3035RES200mN2860000E3766000,200,382.5,191,46,94,14,58,29,6926419,9734,185,6,31,17,78,65,0,77,27,10.5,27.5,17.5,30,89,76,56,37,11,1
CRS3035RES200mN2860000E3766800,200,339.5,112,27,38,25,41,9,6135000.2,8888,70,42,13,24,7,68,0,55,18.5,8,28,47,30,55,77,37,23,9,7
CRS3035RES200mN2860000E3767000,200,237.5,88,44,32,17,4,19,3324037.5,5041,88,0,0,53,0,35,0,81,15,4,23,36.5,14,44,36,32,25,7,1
CRS3035RES200mN2860000E3767200,200,1520,564,136,207,82,192,96,26330746.1,32002,564,0,0,109,0,455,0,259,119.5,64,159,191,110.5,413,276,107,59,10,11
CRS3035RES200mN2860000E3767400,200,296.5,118,13,45,15,90,9,6621658.7,7367,102,16,1,5,5,107,0,0,43,13,20.5,15,23,120,38,12,8,4,0
CRS3035RES200mN2860200E3766000,200,294.5,133,33,59,11,66,24,5742654.7,6824,111,22,39,11,5,78,0,0,30,10.5,23,18,26,86,62,16,17,6,0
CRS3035RES200mN2860200E3766200,200,302,121,19,34,10,44,17,6313585.5,7944,93,28,51,9,6,55,0,0,22,8.5,27,23,22.5,91,48,36,18,6,0
CRS3035RES200mN2860200E3766800,200,228,92,21,30,12,40,11,4616531.6,6307,52,40,19,9,8,56,0,50,3,5,14,36,10,36,47,43,23,11,0
CRS3035RES200mN2860200E3767000,200,573,228,42,81,34,118,39,11045816.8,14734,190,38,1,174,2,51,0,47,46,20,48.5,46.5,47,129,101,55,48,32,0
CRS3035RES200mN2860200E3767200,200,717,282,63,99,35,91,51,12728935.5,16725,268,14,19,100,1,162,0,105,58,29,61,78,42,205,123,55,46,20,0
CRS3035RES200mN2860200E3767400,200,370,150,28,57,20,15,42,6573082.5,9220,141,9,4,4,4,138,0,114,30.5,14.5,38.5,42.5,31,89,80,24,18,2,0
CRS3035RES200mN2860400E3766000,200,391.5,165,46,76,19,22,22,6369383.9,7725,159,6,32,0,97,36,0,44,35.5,12,32,41.5,35.5,111,70,31,17,6,0
CRS3035RES200mN2860400E3766200,200,495,251,44,128,15,93,31,10081298.4,12798,233,18,83,1,10,157,0,0,40,14.5,29,39,29.5,168,90,44,35,6,0
CRS3035RES200mN2860400E3766400,200,367,171,48,78,15,44,24,6565104.2,7465,154,17,107,11,9,44,0,0,37.5,8.5,27,17,27,133,69,31,14,3,0
CRS3035RES200mN2860400E3767200,200,368.5,150,23,51,17,93,19,8085316.5,9305,92,58,39,9,11,91,0,18,28,18.5,29.5,25,24.5,116,70,30,23,4,0
CRS3035RES200mN2860600E3766600,200,318,156,18,82,10,80,13,7557563.9,9225,133,23,50,1,1,104,0,0,22,10,20.5,22,26.5,99,62,23,17,16,0
CRS3035RES200mN2860800E3767600,200,378.5,171,14,65,12,76,22,9219115.7,10444,122,49,26,10,3,132,0,0,32,10,16.5,31,26,111,58,32,49,13,0
CRS3035RES200mN2860800E3767800,200,295.5,131,7,44,11,105,12,8301809.2,9897,66,65,31,4,3,93,0,0,13,7,17.5,30.5,14.5,54,66,26,46,21,0
CRS3035RES200mN2862000E3774800,200,697.5,217,57,46,51,33,57,11787590.9,16744,183,34,0,0,132,85,0,128,45.5,28,85,102.5,41.5,130,140,83,31,3,8
CRS3035RES200mN2862200E3774800,200,842.5,265,48,55,56,81,63,15920080.6,20076,160,105,0,1,198,66,0,178,46.5,38,94,122,64,168,164,77,59,8,2
CRS3035RES200mN2862400E3774400,200,365,142,25,41,14,59,27,7437587.8,9010,120,22,16,35,0,91,0,51,31,20.5,28,33.5,25,86,85,30,19,7,0
CRS3035RES200mN2862400E3774800,200,368,146,22,51,15,43,36,7358818.9,9271,128,18,0,0,0,146,0,61,28,7.5,44,48.5,24,106,70,24,16,0,0
CRS3035RES200mN2862600E3774400,200,290.5,112,5,36,13,86,14,7065611.4,7531,74,38,0,0,0,112,0,0,25,10,26,24.5,26,83,67,22,7,0,0
CRS3035RES200mN2862600E3774600,200,225,65,9,7,17,61,10,5303896.5,5532,13,52,0,0,0,65,0,0,8,4,17,31,27,36,54,35,7,3,3
CRS3035RES200mN2862600E3774800,200,375.5,132,15,32,19,74,24,8379465.6,9478,80,52,0,0,0,132,0,39,25.5,13.5,27,45.5,43,70,98,33,12,6,2
CRS3035RES200mN2862800E3774400,200,316.5,152,30,84,14,73,4,7036167.8,7479,119,33,0,0,0,152,0,62,31,13,22,20.5,40,135,39,13,2,1,0
CRS3035RES200mN2862800E3774600,200,228.5,59,0,2,14,58,3,6804918.9,6599,0,59,0,0,0,59,0,0,14,8,22,35.5,25,32,69,17,6,0,0
CRS3035RES200mN2863000E3774600,200,181,44,1,1,14,43,2,4830856.7,5632,0,44,0,0,0,44,0,0,5,2,4,29,29,27,44,31,10,0,0
CRS3035RES200mN2863200E3751200,200,285,99,4,18,12,79,9,8088744.2,8414,16,83,29,6,1,63,0,13,17,11,22.5,28.5,24,58,75,27,20,2,0
CRS3035RES200mN2863400E3751600,200,270,97,2,19,12,94,11,7973188.3,8688,9,88,3,1,5,88,0,0,13,10,25.5,31,16.5,50,71,38,11,4,0
CRS3035RES200mN2865000E3758800,200,1079.5,410,98,132,63,45,95,17940914.5,22746,410,0,0,0,0,410,0,335,150.5,59,120.5,82.5,52,363,143,50,42,16,1
CRS3035RES200mN2865200E3758600,200,123,31,2,2,10,30,4,3093709.8,2593,0,31,0,0,0,31,0,0,6,5,11,23,11,25,26,11,3,2,0
CRS3035RES200mN2865200E3758800,200,939,362,123,160,62,2,50,14589940.6,18699,362,0,0,0,205,157,0,325,101,29,94,95.5,93.5,234,169,58,49,5,11
CRS3035RES200mN2865400E3758000,200,473.5,187,40,58,23,36,31,9483759.5,12755,163,24,0,0,45,142,0,129,39,25,34,46.5,32,114,97,57,25,4,0
CRS3035RES200mN2865400E3758400,200,368,156,13,60,11,123,12,9404034.9,10697,83,73,0,0,0,156,0,0,15.5,4,14.5,37,46,91,89,40,30,1,0
CRS3035RES200mN2865400E3758600,200,1275.5,538,49,213,45,334,80,27065893.3,30763,515,23,0,0,0,538,0,117,150.5,68,114,87.5,49.5,517,200,52,22,5,10
CRS3035RES200mN2865400E3758800,200,597,213,62,62,35,23,52,10031817.7,14355,211,2,0,0,161,52,0,180,47,28.5,57.5,83,46,152,105,52,21,5,0
CRS3035RES200mN2865600E3758200,200,454.5,196,8,74,15,123,20,11311398.9,11908,150,46,0,4,0,192,0,30,34,13,36,39.5,35,126,96,55,17,2,1
CRS3035RES200mN2865600E3758400,200,203.5,61,2,6,10,60,7,5489892.7,5972,0,61,1,14,7,39,0,0,10,4,10,23.5,30,34,47,26,14,5,0
CRS3035RES200mN2865600E3758600,200,602.5,271,21,112,18,233,31,13561759.3,15350,254,17,0,4,1,266,0,0,76,38,38.5,28.5,29.5,265,84,34,7,2,0
CRS3035RES200mN2865600E3758800,200,438.5,138,30,30,30,32,27,8258294.4,9914,57,81,0,0,66,71,1,102,45,17,45.5,48,27,99,79,49,22,5,2
CRS3035RES200mN2865800E3763000,200,920,409,40,153,32,271,47,21610870.7,29375,383,26,1,200,148,60,0,75,66,36.5,47,52.5,53,210,160,105,126,64,0
CRS3035RES200mN2866000E3762000,200,2852,1066,259,345,170,535,164,51264892.8,68556,1066,0,0,948,0,118,0,355,204.5,109.5,259.5,309.5,188,564,558,270,272,117,0
CRS3035RES200mN2866200E3762000,200,133,34,5,3,13,30,1,2663960.9,2617,0,34,1,0,1,32,0,0,6,1,12,23,16,24,31,17,3,0,0
CRS3035RES200mN2866200E3762200,200,148,51,8,10,10,34,4,3235238,3886,33,18,2,7,7,35,0,0,6,1,6,15,11,27,35,14,22,11,0
CRS3035RES200mN2866400E3762600,200,284,75,8,9,24,59,8,6560221.2,6491,6,69,27,6,7,34,1,0,14,8,41,43.5,19.5,54,61,18,14,9,2
CRS3035RES200mN2866600E3757200,200,233,82,13,23,15,35,17,5263404.8,6029,55,27,9,21,4,47,1,24,24.5,7.5,20,24,20,62,57,12,3,3,0
CRS3035RES200mN2866600E3757800,200,295,114,15,34,13,41,22,6824844.9,8574,76,38,13,11,11,79,0,71,15,9,22,41,25,55,57,34,24,13,0
CRS3035RES200mN2866600E3762600,200,1005.5,362,79,115,62,70,63,18452925.2,23985,331,31,8,2,185,167,0,208,64.5,32,117.5,111.5,74,212,212,90,67,16,9
CRS3035RES200mN2866800E3762400,200,473.5,202,40,93,20,66,30,9272125.4,12095,171,31,16,1,119,65,1,53,25,12,34,41.5,42,95,100,64,40,13,7
CRS3035RES200mN2867000E3758600,200,635,262,23,77,22,197,59,14786917.2,17486,223,39,6,173,16,67,0,3,43,26,60.5,48,51.5,145,110,72,52,27,0
CRS3035RES200mN2867200E3494600,200,394,209,35,103,10,61,32,7777587.7,15110,152,57,59,63,2,85,0,76,16,11.5,21,31.5,40,85,82,38,44,25,0
CRS3035RES200mN2867200E3758400,200,280,103,26,32,18,30,15,5003177.8,6812,62,41,6,17,4,76,0,68,16,9,27.5,38,21,60.5,52,26,17,12,1
CRS3035RES200mN2867400E3757600,200,232.5,85,18,35,17,13,8,4606727.4,5504,67,18,7,6,9,59,4,59,23,7,17,23.5,18,56,46,25,12,5,0
CRS3035RES200mN2867600E3758200,200,277,98,6,22,11,48,11,6755531.5,7615,27,71,10,11,17,60,0,42,13,10,22.5,31.5,19,61,54,31,25,10,0
CRS3035RES200mN2867600E3758600,200,285,91,6,12,13,78,3,8605079.6,8220,12,79,6,19,11,55,0,0,12,9,30,24,27,49,72,36,23,3,0
CRS3035RES200mN2867800E3758200,200,270,107,15,30,11,50,18,6551475.8,7596,58,49,30,16,6,55,0,44,27,18.5,14,21.5,18,67,46,19,32,7,0
CRS3035RES200mN2868200E3777400,200,261.5,80,3,3,10,77,6,7875865,8648,0,80,1,0,1,77,1,0,8,5,19,41.5,26,29,78,42,11,2,0
CRS3035RES200mN2868400E3777200,200,321,129,6,36,13,91,12,8971528.9,10578,52,77,0,0,0,129,0,0,12,6.5,23,33.5,25,60,68,59,27,7,0
CRS3035RES200mN2868600E3777000,200,316,139,14,56,13,59,16,6876411.8,9058,111,28,0,2,1,136,0,53,25,18,24.5,22.5,22,103,62,14,22,3,0
CRS3035RES200mN2868600E3777200,200,574,293,27,143,11,115,36,12966775.6,16386,279,14,1,0,3,289,0,75,55,22.5,35,35.5,47,234,84,26,29,6,0
CRS3035RES200mN2868600E3777600,200,467,175,29,38,19,26,49,9019170.1,14220,137,38,3,92,14,66,0,146,33,20,29,58,33,78,91,53,59,13,0
CRS3035RES200mN2869200E3763200,200,306,99,9,17,20,62,17,7043219.9,7981,24,75,6,3,7,83,0,27,16,12,31,40,29,56,84,22,11,5,0
CRS3035RES200mN2869200E3763400,200,559,218,31,60,25,25,74,11716225.3,15423,195,23,1,178,7,32,0,193,33.5,21.5,49.5,57.5,48,118,115,71,35,10,0
CRS3035RES200mN2869600E3763800,200,200.5,62,4,4,10,60,3,6547397.7,7123,0,62,3,3,19,37,0,0,6,5,16,27.5,16,31,49,22,17,11,0
CRS3035RES200mN2870000E3760000,200,374,123,22,32,32,48,21,7553923.6,8633,55,68,23,17,11,72,0,50,32,15,44.5,40.5,29,87,68,21,30,7,0
CRS3035RES200mN2870200E3760400,200,258.5,97,19,33,11,18,23,4811634,5595,87,10,31,12,2,52,0,49,22.5,9,31,31,16,78,52,11,6,2,0
CRS3035RES200mN2870200E3760600,200,435.5,217,29,97,11,79,36,10992550.5,12020,181,36,86,22,2,107,0,33,32,10,29.5,34,33,139,88,30,22,18,0
CRS3035RES200mN2870200E3760800,200,641.5,286,47,129,28,97,40,14271080.9,17266,282,4,14,24,0,248,0,118,58.5,24,40.5,48.5,44,205,132,47,28,12,2
CRS3035RES200mN2870400E3760200,200,284,93,10,21,15,23,16,6351731.7,6696,68,25,8,7,8,70,0,65,24,19,34.5,33.5,16,67,59,15,10,5,1
CRS3035RES200mN2870400E3760600,200,588,302,66,155,13,71,36,11125261,12624,284,18,118,50,61,66,7,57,49,12.5,32,31,50,212.5,115,42,34,10,0
CRS3035RES200mN2870600E3758600,200,504.5,269,47,153,12,64,33,10339833.5,13248,252,17,13,135,46,75,0,137,36,10.5,38,30.5,32.5,125,104,59,48,21,0
CRS3035RES200mN2870600E3760600,200,474.5,215,37,93,19,61,30,10391575.4,11399,194,21,104,27,10,74,0,43,48,18.5,36.5,32,34.5,172,75,26,21,11,0
CRS3035RES200mN2870800E3759200,200,415.5,197,34,92,15,74,19,9673085,10950,149,48,44,16,13,120,4,29,27,11,27,35.5,43,113,73,35,29,22,0
CRS3035RES200mN2870800E3760000,200,245,99,8,37,11,60,9,6676835.6,7752,39,60,31,24,11,33,0,0,14,3,19,20,11,55,56,27,20,20,0
CRS3035RES200mN2870800E3760200,200,430.5,170,35,57,13,49,30,9270356.5,10898,158,12,11,5,0,154,0,88,40,26.5,35,39,25,123,89,24,19,9,1
CRS3035RES200mN2870800E3760800,200,437,214,18,99,12,79,30,11729727.2,13425,196,18,40,88,15,71,0,41,27.5,17,26.5,37.5,26.5,140,85,34,22,21,0
CRS3035RES200mN2871000E4031000,200,195.5,70,11,18,13,35,9,3672230,6192,10,60,2,23,11,34,0,34,11,5,21.5,32,12,25,34,17,18,20,0
CRS3035RES200mN2871600E4031000,200,345,109,34,20,23,20,28,5340406.3,8917,51,58,0,0,11,97,1,89,21,19,33,52,27,76,60,16,37,4,0
CRS3035RES200mN2872000E3764200,200,631,258,38,102,31,130,31,12707755.7,14800,258,0,0,0,0,258,0,90,65,28,49,58,28,241,107,29,18,8,0
CRS3035RES200mN2872000E3764400,200,801.5,319,72,104,35,55,70,14219016.3,20235,305,14,13,188,1,117,0,248,55.5,35,74.5,83.5,57,183,146,74,65,28,0
CRS3035RES200mN2872200E3764000,200,399.5,145,30,46,25,23,27,7107827.8,8913,145,0,0,0,0,145,0,117,39.5,24,38,47,20,123,65,18,20,5,0
CRS3035RES200mN2872200E3764200,200,581,188,46,47,48,34,31,10056532.9,13185,156,32,29,0,2,157,0,150,37.5,20,49.5,80,39,102,116,63,55,12,7
CRS3035RES200mN2876000E3752000,200,577,245,23,88,20,185,13,17895661.3,18363,91,154,29,138,15,63,0,5,24,11,35.5,50,47.5,121,129,65,67,27,0
CRS3035RES200mN2876000E3752400,200,1165,509,20,168,24,286,41,37662212.4,34889,498,11,0,0,1,508,0,0,111,37.5,85.5,59.5,66.5,415,227,65,70,28,0
CRS3035RES200mN2876000E3754000,200,425,190,9,68,10,152,13,13813414.2,13602,138,52,4,52,85,48,1,0,20,9,21.5,33,30.5,94,82,51,49,35,0
CRS3035RES200mN2876000E3754200,200,597,243,21,68,16,107,50,15153509.2,16983,223,20,0,157,0,86,0,116,39.5,18,51,58.5,33,129,117,81,40,28,2
CRS3035RES200mN2876000E3754600,200,272.5,110,15,32,12,67,13,7089078.4,8376,110,0,0,77,0,33,0,26,15.5,10,17,27.5,16,41,67.5,31,29,18,0
CRS3035RES200mN2876200E3752400,200,1145.5,406,78,114,63,5,88,21363999.9,25681,406,0,0,15,289,102,0,390,104,48.5,143,117,60,280,211,106,62,14,0
CRS3035RES200mN2876200E3754000,200,606.5,276,21,115,19,138,29,16748506.1,17575,200,76,65,64,22,125,0,62,36,11,35,48.5,57,167,113,73,52,13,1
CRS3035RES200mN2876200E3754600,200,1494.5,575,79,195,82,202,67,32193662.3,40771,575,0,0,284,0,291,0,284,122.5,46.5,132,150,76,382,251.5,137,124,61,12
CRS3035RES200mN2876200E3754800,200,547.5,245,44,102,23,29,53,10784369.1,13510,245,0,0,192,0,53,0,187,27,19,55.5,51,28,108,108,60,63,28,0
CRS3035RES200mN2876200E3770600,200,511,217,35,81,23,50,50,10518071.5,13726,189,28,12,119,13,73,0,145,34.5,19,50.5,41,28,114,87,66,57,14,0
CRS3035RES200mN2876400E3762600,200,703,290,45,105,33,82,41,14959724.7,17694,271,19,45,4,56,185,0,156,56.5,31,58.5,60.5,47.5,207,123,59,40,19,1
CRS3035RES200mN2876400E3762800,200,372.5,156,19,62,15,58,20,8490361.1,9674,119,37,31,47,3,75,0,61,30,9,26,19.5,25,86,55,59,43,13,7
CRS3035RES200mN2876600E3754200,200,623.5,241,17,64,23,121,26,19023086.2,16470,215,26,4,7,2,228,0,44,59,21,45,46.5,41,174,130,54,42,11,0
CRS3035RES200mN2876600E3754400,200,560.5,203,39,65,31,83,20,14035308.3,14095,174,29,1,76,0,126,0,82,45,27,52.5,53,44,122,116,49,39,13,0
CRS3035RES200mN2876600E3762600,200,359,158,35,63,10,60,18,7590236.2,8862,129,29,60,8,1,89,0,38,27,16,19,25,30,89,72,36,28,17,0
CRS3035RES200mN2876600E3770600,200,463,177,24,51,25,40,32,9749815.7,10607,173,4,2,27,19,129,0,58,52.5,12.5,51.5,35.5,30,176,70,20,14,1,0
CRS3035RES200mN2876600E3770800,200,458.5,199,25,64,10,123,23,11616046.6,14051,185,14,10,2,146,41,0,0,28,9,38,29.5,31,132,71,49,53,18,0
CRS3035RES200mN2876800E3770800,200,358.5,182,24,84,11,89,32,8072158.3,10420,181,1,54,1,75,52,0,0,30,12.5,18,19,26,123,55,33,32,9,1
CRS3035RES200mN2877000E3755200,200,304.5,117,11,32,15,65,3,9943256.7,9840,52,65,14,19,46,38,0,0,19,9,15.5,20,25,67,50,38,42,19,0
CRS3035RES200mN2877000E3755600,200,249,93,7,29,11,73,6,9355459.5,9558,31,62,31,8,13,41,0,0,18,5,20.5,20.5,22,44,57,25,30,7,0
CRS3035RES200mN2877000E3755800,200,432.5,192,25,75,11,92,20,12522797.4,12193,141,51,60,29,16,87,0,0,29,19,27.5,26.5,38.5,120,92,36,33,11,0
CRS3035RES200mN2877400E3755800,200,475.5,221,12,87,11,131,13,16469600.4,15337,179,42,46,7,9,159,0,0,26,12,20,33,38.5,150,85,40,46,25,0
CRS3035RES200mN2877600E3755200,200,608,274,15,108,14,193,24,22605586,21042,226,48,5,92,5,172,0,0,42,12.5,41,41.5,31,134,123,66,78,39,0
CRS3035RES200mN2877600E3755400,200,605.5,262,23,96,16,179,35,16805471.6,16600,262,0,10,148,55,49,0,3,43,17.5,52,53,35,152,105,47,58,43,0
CRS3035RES200mN2877600E3755800,200,390,153,12,57,19,90,13,13076842.2,12049,92,61,45,23,15,70,0,27,19,8,34,46.5,37.5,76,92,33,28,16,0
CRS3035RES200mN2877800E3755400,200,905.5,358,42,104,29,176,70,21897953.8,23192,358,0,16,279,0,63,0,140,53,39,69.5,88.5,65.5,188,180,110,72,40,0
CRS3035RES200mN2878000E3755400,200,655.5,297,23,111,13,150,45,19237725.9,20655,282,15,9,28,147,110,3,97,44,23.5,50.5,46,48.5,155,116,68,69,35,0
CRS3035RES200mN2878400E3755400,200,341.5,152,10,57,10,66,15,12469140.5,12461,131,21,15,9,88,40,0,50,15,11,19,24.5,25,62,70,36,52,27,0
CRS3035RES200mN2878400E3763200,200,753,354,38,151,15,229,38,19143781.4,21599,337,17,37,180,47,90,0,0,64,26,33,46,50,227,127,86,59,35,0
CRS3035RES200mN2878400E3763400,200,600,257,17,89,21,139,14,17517451.7,17600,245,12,13,3,61,180,0,1,40,17,50.5,34,26.5,153,118,75,69,17,0
CRS3035RES200mN2878600E3763200,200,942.5,474,76,231,24,238,46,21098915.2,26087,462,12,102,107,39,226,0,68,56,33,46,54,47.5,274,177,114,100,40,1
CRS3035RES200mN2878600E3763400,200,767,350,59,144,20,155,36,19026241.7,21475,337,13,82,13,28,227,0,68,59.5,31.5,47.5,48.5,41,214,142,63,95,25,0
CRS3035RES200mN2878800E3755200,200,1009.5,469,14,186,16,353,25,41424496.1,40150,429,40,7,408,9,45,0,0,50.5,35,55,68,56,198,163,105,141,137,1
CRS3035RES200mN2878800E3763000,200,263,108,16,41,13,40,13,6547320.3,8603,81,27,27,20,22,39,0,58,16,14,15.5,27.5,12,48,46,32,34,18,0
CRS3035RES200mN2878800E3763200,200,1063.5,398,105,107,64,21,93,18551615.9,25543,381,17,27,246,1,124,0,368,60,45.5,109,118,58,166,207,114,123,62,1
CRS3035RES200mN2878800E3763400,200,654.5,299,37,118,19,194,43,16247321.3,18941,297,2,56,180,0,63,0,0,41,19,44.5,55.5,32.5,186,152,38,45,41,0
CRS3035RES200mN2879000E3763200,200,397.5,163,21,55,14,64,26,9461760,10953,148,15,22,8,6,127,0,46,38,13.5,37.5,33.5,17,114,63,48,25,8,0
CRS3035RES200mN2879000E3763600,200,659,326,87,168,20,95,44,12992543,15830,321,5,208,7,44,66,1,80,39,13.5,37,52.5,49,148,180,67,57,16,0
CRS3035RES200mN2879000E3768400,200,1486.5,492,105,121,88,0,106,26559061.8,34666,488,4,0,0,327,163,2,482,107,62,133,179,142.5,287,278,167,98,27,6
CRS3035RES200mN2879200E3763400,200,347.5,154,30,58,13,20,32,7010966.9,9384,148,6,36,4,29,85,0,120,29.5,14.5,29.5,30.5,17.5,83,68,39,24,12,0
CRS3035RES200mN2879200E3763600,200,681,292,64,128,26,84,35,13510972.1,15922,285,7,141,0,49,102,0,93,52,20.5,56,63.5,41,141,157,76,50,22,2
CRS3035RES200mN2879200E3763800,200,1219.5,470,108,147,52,2,95,22169587.9,32121,470,0,0,75,348,47,0,385,75,40.5,92,127,88,229,243,133,157,35,0
CRS3035RES200mN2879400E3763400,200,1243.5,485,60,149,48,264,63,29837340.6,30392,474,11,26,79,31,349,0,100,114,46,85,107,72,347.5,233,125,79,28,7
CRS3035RES200mN2879400E3763600,200,1085.5,457,106,182,49,135,70,22060423.8,25490,446,11,44,115,0,298,0,126,81,39,87,102.5,82,260,215,105,80,34,0
CRS3035RES200mN2879400E3763800,200,367,125,30,37,21,4,29,6157982.9,7319,125,0,0,70,18,37,0,115,20,15,22.5,54,33.5,65,77,43,27,8,2
CRS3035RES200mN2879400E3768800,200,236,77,6,17,15,60,8,6354739.1,7270,13,64,11,19,14,33,0,0,10,8,18,25,27,39,42,35,18,14,0
CRS3035RES200mN2879600E3763200,200,1255,542,73,216,47,249,73,28463473.5,30085,530,12,32,84,1,425,0,148,132.5,64,95.5,75,59,472,203,80,55,17,2
CRS3035RES200mN2879600E3763400,200,1036,400,106,148,60,27,69,18529348.7,22560,391,9,131,1,30,238,0,324,76,34,94,112.5,68.5,246,200,117,65,16,7
CRS3035RES200mN2879800E3752400,200,275,105,13,34,12,63,11,6762274.6,6984,100,5,3,38,0,64,0,39,20,17.5,20.5,25,19,89,47,20,13,3,1
CRS3035RES200mN2880000E3768400,200,852,284,82,67,52,0,66,14003073,17075,284,0,0,232,0,52,0,284,53,35,57,102,66,169,148,107,91,24,0
CRS3035RES200mN2880000E3778400,200,347,173,15,86,10,103,18,8553898.1,10276,118,55,15,11,35,112,0,0,15,7.5,21.5,19,40,91,67,42,35,9,0
CRS3035RES200mN2880600E3757800,200,285,117,13,31,10,70,11,8556953,8424,97,20,11,48,4,54,0,0,19,7.5,25,19.5,15,65,67,30,27,10,0
CRS3035RES200mN2880600E3778600,200,319,110,15,21,12,64,15,7955754.6,9363,43,67,15,16,22,57,0,44,10,6.5,31,45.5,24,41,79,41,33,8,0
CRS3035RES200mN2880800E3757000,200,511.5,239,13,98,13,152,22,19190701.9,16876,223,16,37,59,34,109,0,0,29.5,10.5,17.5,44.5,44.5,105,110,40,63,47,0
CRS3035RES200mN2880800E3757600,200,303.5,143,6,70,11,93,6,12344811,11627,92,51,85,8,6,44,0,0,11,4,16.5,25,23,60,52,28,39,45,0
CRS3035RES200mN2880800E3768200,200,558,248,22,91,17,119,29,15374746.7,17576,216,32,9,41,55,143,0,83,31,18,31,37,34,124,92,73,95,22,1
CRS3035RES200mN2880800E3768400,200,382,165,17,55,12,107,19,10741354.1,11569,129,36,31,33,15,85,1,0,23,16,17.5,27.5,21,86,73,48,50,19,1
CRS3035RES200mN2880800E3778400,200,287,127,20,53,12,70,21,6854485.6,8520,79,48,9,33,47,38,0,0,19.5,11,19.5,24.5,27,67,68.5,18,16,16,0
CRS3035RES200mN2881000E3754800,200,376,151,4,50,12,48,13,17799166.6,13659,121,30,11,8,21,111,0,0,11,10,35,35,41,44,91,56,37,16,0
CRS3035RES200mN2881000E3757000,200,887,425,50,181,17,181,52,28262721.4,25984,413,12,40,175,115,85,10,92,50,20,47,58,75,241.5,170.5,88,84,53,0
CRS3035RES200mN2881000E3758600,200,952,413,49,158,34,125,68,22244139.3,28015,404,9,9,5,271,126,2,218,54,34.5,69,78,72.5,188,178,111,112,55,0
CRS3035RES200mN2881000E3760000,200,838,370,69,159,35,142,41,17061933.2,21090,367,3,0,251,2,116,1,136,64,23.5,62,58,46.5,219,160,86,94,25,0
CRS3035RES200mN2881000E3760200,200,1298,543,141,243,60,175,74,24009572,29580,538,5,1,307,144,91,0,235,85,39,106,127,69,272,253,147,138,55,7
CRS3035RES200mN2881000E3767000,200,1154,426,51,121,57,3,58,24815424.4,29790,426,0,0,0,385,41,0,0,72.5,34.5,76.5,128.5,94,253,213,125,135,22,0
CRS3035RES200mN2881000E3767400,200,435.5,152,24,38,22,0,39,8115786.1,9785,150,2,0,0,0,152,0,152,24.5,10.5,49,69.5,25,80,100,53,21,3,0
CRS3035RES200mN2881000E3768200,200,586,281,33,125,19,141,30,14731634.7,18042,264,17,26,131,50,74,0,30,29.5,17,41.5,41,37,125,94,57,88,56,0
CRS3035RES200mN2881000E3769000,200,352,144,15,43,15,39,36,9127430.7,10341,107,37,25,7,76,35,1,99,11,4,25,42.5,27.5,57,80,41,44,18,2
CRS3035RES200mN2881000E3769200,200,316.5,118,15,31,14,56,25,8510446.8,9459,74,44,40,8,2,68,0,55,17,10,20,39,34.5,56,69,29,31,11,0
CRS3035RES200mN2881000E3771200,200,378.5,185,8,73,10,120,31,13551407,13159,139,46,91,41,2,51,0,0,18,15,25.5,24.5,22.5,66,92,36,58,21,0
CRS3035RES200mN2881200E3754400,200,274,115,9,41,10,92,7,12760864.6,11611,50,65,29,32,12,42,0,3,2,0,8,35,30,27,59,44,36,33,0
CRS3035RES200mN2881200E3756200,200,408,171,14,58,18,66,29,14189177.3,13239,148,23,21,37,42,71,0,83,14.5,3,32,45,37,56.5,86,51,56,27,0
CRS3035RES200mN2881200E3756400,200,440.5,189,11,63,11,122,16,16938067,14567,164,25,12,61,6,110,0,15,19,10,32.5,45,23,73,104,59,44,31,0
CRS3035RES200mN2881200E3758600,200,528,191,23,46,19,56,25,13376688,14748,132,59,27,11,13,140,0,130,35,18,45,50.5,47.5,101,108,64,42,17,0
CRS3035RES200mN2881200E3760000,200,515.5,223,60,91,22,106,35,10159480.2,11010,200,23,10,36,7,170,0,67,29,17,46,41,42.5,104,123,48,38,27,0
CRS3035RES200mN2881200E3760600,200,978.5,400,95,147,48,37,72,18115769.8,22855,333,67,31,292,35,42,0,337,49.5,30,64,95,59,187,193,137,120,43,1
CRS3035RES200mN2881200E3761200,200,680.5,242,41,53,31,27,53,13804422.6,14794,207,35,23,101,12,106,0,94,46,20.5,55.5,59.5,64,160,135,71,49,19,1
CRS3035RES200mN2881200E3761600,200,303,93,20,21,19,26,15,6123085.2,6793,60,33,18,6,6,63,0,60,16,7,25.5,35,20.5,65,62,27,24,5,16
CRS3035RES200mN2881200E3767200,200,304,116,18,43,15,78,10,6643047.2,6913,114,2,0,2,0,114,0,29,38,16,24,23,18,103,48,27,5,2,0
CRS3035RES200mN2881200E3767400,200,975,407,89,152,47,220,41,20320589.8,23483,407,0,0,354,0,53,0,49,42,24,64.5,96,79.5,245,186,111,96,31,0
CRS3035RES200mN2881200E3768000,200,1399.5,556,89,200,67,113,111,28917964.4,31631,552,4,92,308,0,156,0,64,114.5,41.5,109.5,154,91,330,276,136,99,44,4
CRS3035RES200mN2881200E3768200,200,695.5,336,32,137,10,137,43,18716082.3,20652,303,33,60,57,50,169,0,76,45,18,36.5,44,44,172,133,76,85,42,0
CRS3035RES200mN2881400E3754800,200,530.5,263,19,124,12,113,25,18316485.3,18104,255,8,2,3,102,156,0,74,19,13,33,37.5,29,98,91,75,74,61,0
CRS3035RES200mN2881400E3755200,200,435,169,5,45,14,120,19,19512205.8,14657,133,36,27,79,6,57,0,0,14,12.5,32.5,46,37,63,98,47,57,28,0
CRS3035RES200mN2881400E3757000,200,801,368,41,144,27,87,49,23117506.1,26194,368,0,0,41,241,86,0,155,40.5,11.5,40.5,47,65.5,158,127,99,155,56,1
CRS3035RES200mN2881400E3757200,200,1185,568,44,242,39,208,51,36957746.7,35366,566,2,8,127,119,305,9,173,69.5,33.5,55.5,83,61.5,338,211,101,141,91,0
CRS3035RES200mN2881400E3757400,200,233,82,6,21,12,21,12,5888332,5764,62,20,36,3,0,43,0,51,15,9,23.5,30,16.5,55,50,19,12,3,0
CRS3035RES200mN2881400E3757800,200,300,105,4,22,15,80,4,13302206.6,10948,42,63,18,22,28,37,0,0,9.5,0,25.5,47,22,41,72,31,39,13,0
CRS3035RES200mN2881400E3760000,200,608,208,46,48,38,53,51,11738013.2,14015,169,39,21,106,4,77,0,21,37.5,22,55,76.5,44,107,114,70,61,21,0
CRS3035RES200mN2881400E3760400,200,481.5,160,46,46,37,20,32,8159405.9,9082,159,1,1,128,0,30,1,132,39,21,43,57.5,34,85,110,41,37,14,0
CRS3035RES200mN2881400E3761000,200,474.5,258,67,152,11,4,31,8318816.9,12047,244,14,81,76,0,100,1,253,24.5,10,20.5,26,21.5,107,128,66,58,13,0
CRS3035RES200mN2881400E3761600,200,1157,506,117,214,47,54,90,21752932.6,29174,494,12,8,445,22,31,0,407,65.5,35,69.5,94,75,239,234,162,114,51,18
CRS3035RES200mN2881400E3767400,200,340.5,135,21,48,18,40,21,8555267,9957,103,32,31,8,4,92,0,76,18,8,19,31.5,36,60,79,31,44,14,0
CRS3035RES200mN2881400E3767800,200,765.5,312,39,100,31,183,56,17946246.9,19633,312,0,0,194,0,118,0,46,42,27,59,82,47.5,171,136,90,76,34,1
CRS3035RES200mN2881400E3768200,200,275,115,6,42,10,53,17,8555371.3,8052,106,9,19,13,29,54,0,6,16.5,4.5,16.5,24,22.5,59,58,27,38,9,0
CRS3035RES200mN2881400E3769000,200,244.5,81,8,13,12,70,7,7587346.3,7616,41,40,24,6,11,40,0,0,6,8,14.5,29,26,36,68,32,18,7,0
CRS3035RES200mN2881400E3769400,200,410.5,186,13,72,12,119,19,13435047.6,13041,154,32,27,17,103,39,0,0,18,9,19.5,26,35,79,79,45,76,24,0
CRS3035RES200mN2881400E3769800,200,300,144,23,65,12,48,23,7441921.3,7104,120,24,84,16,3,40,1,26,12,10.5,14,17.5,25,77,62,39,32,11,0
CRS3035RES200mN2881400E3770200,200,224,87,8,31,11,42,10,6671451.4,6070,54,33,24,9,22,31,1,29,11,6,17,29,13,48,50,21,23,6,0
CRS3035RES200mN2881400E3772800,200,449,220,23,91,11,121,33,11807790.7,16360,214,6,3,8,163,46,0,0,30.5,13,26.5,34,28,100,78,42,68,29,0
CRS3035RES200mN2881400E3779800,200,738,231,55,44,52,39,55,13093920.1,16288,155,76,2,2,71,156,0,191,45,39,90.5,99,45.5,147,154,70,40,8,0
CRS3035RES200mN2881600E3755200,200,508.5,237,49,98,14,35,51,12706938.2,14250,231,6,5,121,28,83,0,152,20.5,12,30,48,51,97,90,62,73,25,0
CRS3035RES200mN2881600E3755400,200,587.5,226,10,57,11,178,21,22774646.4,17536,193,33,8,157,21,39,1,0,39,13,45.5,52.5,46.5,105,138,74,50,24,0
CRS3035RES200mN2881600E3756000,200,346.5,132,6,41,17,60,18,12374641.9,11106,91,41,22,76,4,30,0,55,17,15,34,28.5,31,58,66,41,36,20,0
CRS3035RES200mN2881600E3756200,200,542.5,234,32,98,25,69,27,15303380.9,14958,198,36,28,146,4,56,0,140,27,13,40.5,61.5,41.5,92,114,64,64,23,2
CRS3035RES200mN2881600E3757200,200,690.5,311,22,113,14,178,22,24869105.8,21980,290,21,10,160,45,96,0,53,40,19,36.5,39,53,188,140,72,76,27,0
CRS3035RES200mN2881600E3758400,200,526,212,24,68,18,45,34,12158505.1,12587,183,29,16,136,0,60,0,0,36,13.5,37,43.5,48,122,103,56,48,18,1
CRS3035RES200mN2881600E3767000,200,224,103,29,58,11,29,6,4914956.7,5439,71,32,29,0,2,72,0,69,11,3,12.5,21.5,15,43,58,26,18,9,7
CRS3035RES200mN2881600E3779200,200,482.5,250,35,127,12,100,33,11181576.9,13870,217,33,25,11,25,189,0,34,30.5,12,20,44.5,39.5,133,103,36,49,15,0
CRS3035RES200mN2881600E3779400,200,549.5,294,34,159,14,96,31,12747615,14796,270,24,20,8,34,231,1,0,43.5,18.5,30.5,20.5,40.5,207,99,36,29,25,0
CRS3035RES200mN2881600E3779600,200,286,93,18,15,15,48,11,6697720.9,7177,31,62,19,20,22,32,0,27,15,11,21.5,23.5,33,58,73,24,21,6,0
CRS3035RES200mN2881600E3779800,200,320.5,107,20,26,23,10,25,5594181.6,7175,97,10,7,0,3,97,0,97,20.5,18.5,38,33,25.5,73,56,29,24,3,0
CRS3035RES200mN2881800E3754600,200,804,417,31,195,15,199,46,26738056.6,26880,409,8,3,105,1,308,0,99,40,18.5,33.5,50.5,53.5,168,161,95,110,73,1
CRS3035RES200mN2881800E3755000,200,431.5,213,18,104,13,139,15,13637262.7,14381,187,26,4,168,4,37,0,0,24,11,32.5,24.5,33.5,100,87,47,48,24,0
CRS3035RES200mN2881800E3755600,200,627.5,302,26,137,13,181,35,20589445,18744,296,6,19,139,49,95,0,26,34.5,18,39.5,43,48.5,152,137,67,63,25,0
CRS3035RES200mN2881800E3755800,200,473.5,219,44,82,13,23,60,10752914.1,13274,202,17,13,164,0,42,0,188,16,10.5,29.5,59.5,30,78,102,77,49,21,1
CRS3035RES200mN2881800E3756400,200,570,231,16,73,23,104,39,16917376.2,17321,189,42,26,16,79,110,0,87,25.5,11,43,55,48.5,117,114,64,71,21,0
CRS3035RES200mN2881800E3757400,200,729.5,356,47,168,16,117,33,20460868.1,19748,339,17,44,115,126,71,0,72,36,27,37.5,47,51,217,120,80,78,36,0
CRS3035RES200mN2881800E3760000,200,1021,427,76,162,48,146,65,21227776.6,24693,414,13,1,235,1,190,0,229,76,32,68,89.5,75.5,275,199,102,74,30,0
CRS3035RES200mN2881800E3760600,200,358,179,23,100,11,63,13,9291262.6,7954,163,16,47,2,0,130,0,75,32,8.5,22.5,15.5,39.5,142,55,27,16,0,0
CRS3035RES200mN2881800E3761000,200,735.5,327,66,146,31,85,35,15740067.2,18568,323,4,49,100,1,177,0,139,45,23,53,62.5,54,196,157,74,52,19,0
CRS3035RES200mN2881800E3761400,200,632.5,250,42,76,32,76,34,14502684.3,15685,207,43,26,160,13,51,0,0,45.5,20,44,48,40,148,132,70,53,31,1
CRS3035RES200mN2881800E3767400,200,201,67,6,15,12,4,18,4262438.6,4904,60,7,5,1,1,59,1,59,19,11,15,20.5,20.5,42,38,27,7,1,0
CRS3035RES200mN2881800E3767800,200,316,141,15,56,11,71,17,9120906.7,9352,104,37,59,13,1,68,0,0,16,8,27.5,28.5,23,96,57,30,18,12,0
CRS3035RES200mN2881800E3768000,200,698,341,37,166,21,149,34,18619007.3,20734,323,18,53,105,79,104,0,100,59,13.5,32.5,44.5,40.5,186,133,72,74,40,3
CRS3035RES200mN2881800E3769800,200,523,263,26,120,11,72,46,12964175.7,15115,248,15,67,52,74,69,1,104,15,15.5,27,55.5,37,96,106,52,70,49,0
CRS3035RES200mN2881800E3770000,200,430,190,18,74,15,109,25,13346820.3,12421,149,41,45,81,21,43,0,0,22.5,12,25.5,48.5,23.5,101,95,30,52,20,0
CRS3035RES200mN2881800E3770400,200,581,251,47,94,24,78,44,13463989.6,14949,203,48,41,156,24,30,0,133,27,12,48,52.5,38.5,103,132,75,72,21,0
CRS3035RES200mN2881800E3770800,200,693,315,29,118,13,192,45,19622882.8,19735,289,26,29,155,90,41,0,18,36,16,38.5,53.5,52,150,158,80,69,40,0
CRS3035RES200mN2881800E3779400,200,340,150,32,69,12,30,22,6544009.1,8232,137,13,40,25,35,49,1,38,25,13,19.5,31.5,31,112,52,30,14,4,8
CRS3035RES200mN2882000E3736800,200,835.5,350,40,125,34,9,88,17468041.8,24003,264,86,0,0,80,270,0,341,37.5,22.5,68.5,92,78,158,199,94,78,5,3
CRS3035RES200mN2882000E3755800,200,1669.5,701,178,262,74,23,162,30561088,39840,692,9,2,425,3,270,1,671,90.5,46,124.5,182.5,91,300,321,251,196,67,0
CRS3035RES200mN2882000E3757200,200,576,244,22,82,18,184,21,18881000.7,17794,186,58,51,137,2,54,0,0,16,11,23.5,59.5,63,117,103,79,73,31,0
CRS3035RES200mN2882000E3757400,200,596.5,258,25,102,21,125,27,17307543.2,15807,227,31,62,73,26,97,0,16,29,19.5,28,51,61,135,141,55,60,16,1
CRS3035RES200mN2882000E3759800,200,754.5,248,48,47,43,44,46,15249543,19267,240,8,2,2,68,176,0,137,38.5,35,71.5,87,65.5,133,161,98,55,10,0
CRS3035RES200mN2882000E3761000,200,1110.5,465,65,164,43,168,59,26307955,30253,444,21,65,89,2,309,0,70,65.5,31,81,88.5,88.5,258,222,143,93,39,1
CRS3035RES200mN2882000E3761200,200,324.5,134,22,46,11,67,15,7551746.3,8453,119,15,11,83,3,37,0,34,9,9,13,31.5,33,72,64,59,23,11,0
CRS3035RES200mN2882000E3761600,200,314.5,119,9,25,11,94,13,9214768.8,9760,47,72,45,19,7,48,0,0,20,9,14,23,33.5,57,66,49,31,12,0
CRS3035RES200mN2882000E3762400,200,376.5,152,34,46,14,49,20,8098000.3,9391,137,15,21,27,0,104,0,68,16,7,14.5,34,28,66,79,68,54,10,0
CRS3035RES200mN2882000E3763000,200,373,128,30,34,22,0,20,6731240.6,8940,128,0,0,0,0,128,0,128,27,15,32.5,35,36.5,74,73,47,19,6,8
CRS3035RES200mN2882000E3763200,200,710.5,269,62,96,39,78,33,14629682.9,17225,243,26,90,8,6,162,3,111,40,27,49,81,58.5,146,152,67,58,24,8
CRS3035RES200mN2882000E3763400,200,481.5,200,39,68,19,87,23,11198740.9,11770,131,69,117,29,3,50,1,0,29,10,30,51,34.5,120,103,52,35,17,0
CRS3035RES200mN2882000E3763600,200,843.5,351,60,131,38,113,53,17503866.5,22609,309,42,54,35,157,104,1,154,49,27,69.5,76,55,191,177,85,92,22,0
CRS3035RES200mN2882000E3763800,200,622,212,44,58,39,49,40,11878367.1,14374,160,52,33,144,5,30,0,156,37,15.5,68,65,48.5,116,101,78,66,19,8
CRS3035RES200mN2882200E3736200,200,489.5,200,4,51,10,178,18,16703819.2,18344,112,88,0,0,134,66,0,0,21,10.5,24,46.5,43.5,62,109,75,81,17,0
CRS3035RES200mN2882200E3737200,200,907.5,337,19,87,39,190,71,24797378.2,26466,337,0,0,0,22,315,0,93,49,33.5,93.5,97.5,68,205,183,106,63,6,3
CRS3035RES200mN2882200E3737600,200,280.5,96,4,15,17,39,13,8876385.8,8490,62,34,0,0,18,78,0,49,12,7,19.5,36,28,54,65,32,23,4,0
CRS3035RES200mN2882200E3748200,200,716,324,26,116,19,157,58,19595347.5,21305,324,0,0,0,178,146,0,126,34,24.5,53.5,64,48,162,134,86,75,35,0
CRS3035RES200mN2882200E3748400,200,595.5,285,16,116,15,23,38,15588453.3,17607,283,2,0,0,224,61,0,0,29,16,45.5,56.5,27.5,149,117,54,84,17,0
CRS3035RES200mN2882200E3748800,200,1105.5,517,15,189,16,366,53,36197625.2,38260,516,1,0,0,417,100,0,0,44,29,54,75.5,68,197,207,138,207,86,0
CRS3035RES200mN2882200E3749200,200,781,346,19,131,16,69,32,22129049.6,19612,346,0,0,0,0,346,0,106,82.5,32,53.5,55,37,341,128,39,11,0,2
CRS3035RES200mN2882200E3757000,200,1597,675,159,273,67,34,135,28860621.7,38650,671,4,1,367,22,285,0,619,111,51,134,143.5,99.5,342,293,208,151,63,1
CRS3035RES200mN2882200E3761000,200,1467,673,145,288,52,184,123,31340428.8,40647,662,11,111,299,143,120,0,343,84,39.5,89.5,128,138,308,272,184,161,63,0
CRS3035RES200mN2882200E3761200,200,329,156,25,70,12,100,7,9332881.5,9686,113,43,62,41,7,46,0,0,11,8.5,17.5,28,17,73,76,31,43,24,0
CRS3035RES200mN2882200E3761600,200,647.5,204,35,38,41,50,37,13934617.8,14170,188,16,6,10,1,187,0,90,49,20,77.5,79,55,141,150,49,19,6,2
CRS3035RES200mN2882200E3762400,200,469.5,181,31,54,19,111,20,11343207.5,11741,179,2,1,36,3,141,0,0,24,14.5,25.5,39.5,30,103,97,62,54,20,0
CRS3035RES200mN2882200E3762600,200,468,164,32,36,30,48,30,10058201.3,11808,141,23,21,6,87,50,0,0,29,16,41.5,65.5,24,90,101,39,48,14,0
CRS3035RES200mN2882200E3762800,200,2011.5,757,227,261,118,59,160,32636313.9,49675,742,15,11,356,354,35,1,678,109,62,171.5,246.5,150.5,348,368,226,238,89,3
CRS3035RES200mN2882200E3763400,200,1524,707,179,315,57,109,128,27393036.5,34976,698,9,586,1,15,103,2,528,101,50.5,102.5,141,72,354,345,166,146,46,0
CRS3035RES200mN2882200E3769200,200,448,219,23,94,13,91,29,12674107.7,15543,175,44,97,38,5,79,0,12,23.5,9,21.5,29,37,133,87,48,46,14,0
CRS3035RES200mN2882200E3774800,200,635,233,71,73,41,41,50,10631579.4,15153,233,0,0,186,0,47,0,186,40,21,51.5,77,45.5,143,112,67,51,12,15
CRS3035RES200mN2882400E3730400,200,534,228,21,82,19,98,37,12292683.5,15835,180,48,0,0,63,165,0,90,39.5,13,43,43.5,49,126,102,56,47,15,0
CRS3035RES200mN2882400E3737000,200,260.5,113,1,36,10,96,7,8642684.5,9090,69,44,0,0,43,70,0,0,8,4.5,10,21,29,35,53,59,37,4,0
CRS3035RES200mN2882400E3737200,200,472,183,10,57,23,74,29,11741247.4,13776,162,21,0,0,21,162,0,78,37.5,12,42.5,37.5,44.5,96,99,59,41,3,0
CRS3035RES200mN2882400E3737400,200,334,104,2,11,12,70,17,10688483.5,9667,30,74,0,0,61,43,0,28,16,14,25.5,42.5,29,54,68,66,17,1,1
CRS3035RES200mN2882400E3739200,200,328.5,121,22,38,21,0,29,5804579.9,7757,121,0,0,0,60,61,0,121,21,13,25,45,26.5,84,71,14,23,5,1
CRS3035RES200mN2882400E3755000,200,348.5,143,11,43,11,58,28,10663162.8,10731,126,17,9,9,22,103,0,64,22,8,22.5,40,25,59,68,43,34,27,0
CRS3035RES200mN2882400E3755400,200,597,267,21,96,15,96,47,17455359.2,18229,246,21,90,93,37,47,0,137,21,10,32,62.5,46.5,121,124,78,70,32,0
CRS3035RES200mN2882400E3757200,200,1241.5,422,107,129,88,1,75,21815136.9,27023,422,0,0,156,0,266,0,421,92,52,97.5,140,88,262,235,131,106,30,8
CRS3035RES200mN2882400E3757600,200,762,379,47,164,16,163,36,20879686.8,21117,360,19,158,79,86,56,0,28,53,18,34.5,36.5,47,277,129,66,63,38,0
CRS3035RES200mN2882400E3761200,200,551,227,20,76,23,98,20,15013800.6,15487,169,58,40,7,10,170,0,9,34,17,36,31,48,162,111,50,46,16,0
CRS3035RES200mN2882400E3762200,200,591.5,228,51,70,25,122,20,12574119.5,15076,192,36,30,49,4,144,1,45,25,22.5,40,48,55,134,116,62,65,24,0
CRS3035RES200mN2882400E3762400,200,936.5,327,63,73,51,138,43,20134926.6,20468,294,33,20,6,2,299,0,96,51,32,86.5,92,63,238,202,101,54,17,0
CRS3035RES200mN2882400E3763400,200,625,297,56,130,18,112,42,13935654.7,16706,261,36,195,4,0,94,4,41,40,17.5,38,44,47.5,163,139,61,60,15,0
CRS3035RES200mN2882400E3774200,200,691.5,203,59,42,55,35,32,11865569.1,15426,182,21,5,136,11,51,0,133,37.5,20,65,81,60,168,113,76,53,10,8
CRS3035RES200mN2882400E3774800,200,232,65,15,10,19,0,9,3900796.6,4340,65,0,0,0,0,65,0,65,24,20,30,19,9,62,35,11,9,5,8
CRS3035RES200mN2882600E3730600,200,776.5,270,59,66,42,48,56,15193271.6,20509,220,50,0,0,49,221,0,221,45,24,70,90.5,79,149,146,101,62,10,0
CRS3035RES200mN2882600E3737000,200,418,159,11,43,16,107,21,12580541.5,13512,80,79,0,0,102,57,0,37,26,9,31.5,48.5,30,74,90,72,33,4,0
CRS3035RES200mN2882600E3737600,200,467,155,27,31,23,4,34,9385695.1,12655,84,71,0,0,71,84,0,67,34.5,20,34,58.5,45,115,77,51,29,3,0
CRS3035RES200mN2882600E3737800,200,360.5,135,10,27,12,64,24,9805850,12383,78,57,0,0,57,78,0,0,24,12,35.5,38,13,75,59,55,46,3,0
CRS3035RES200mN2882600E3739000,200,692,279,13,74,15,174,36,20976571.5,21316,279,0,0,0,152,127,0,33,56,25,62,58.5,37.5,196,140,51,57,9,0
CRS3035RES200mN2882600E3739600,200,436.5,205,12,89,14,125,27,12463535.3,12805,204,1,0,0,0,205,0,39,37,11.5,30,27,30,128,105,47,17,4,0
CRS3035RES200mN2882600E3739800,200,259.5,103,9,30,10,26,19,6125169.8,7178,82,21,2,0,19,82,0,69,22,13,21.5,26,15,52,56,20,33,1,0
CRS3035RES200mN2882600E3755200,200,612,297,30,126,10,140,47,18089543.2,20116,291,6,44,44,123,86,0,96,31,5.5,33.5,47,51,106,133,70,93,42,0
CRS3035RES200mN2882600E3755800,200,736.5,291,44,94,34,38,57,17125972.4,18980,247,44,6,186,50,49,0,247,50.5,26,76,69.5,44.5,139,155,81,60,35,0
CRS3035RES200mN2882600E3757000,200,204.5,66,7,13,11,19,12,4704446.7,4670,46,20,2,2,0,62,0,44,9,8.5,11,27,26,36,59,18,8,2,0
CRS3035RES200mN2882600E3757200,200,640.5,264,42,92,27,42,60,14329592.5,18624,249,15,10,49,171,34,0,215,27,30.5,46.5,67.5,49,114,127,86,75,18,0
CRS3035RES200mN2882600E3759000,200,706.5,302,43,112,21,104,34,19360935.1,17381,290,12,125,7,0,169,1,51,53,17,51.5,58,56,240,139,59,26,7,0
CRS3035RES200mN2882600E3759200,200,363.5,153,4,46,11,110,15,12601621.2,11758,90,63,33,18,26,75,1,0,28,9,16.5,22,31,106,66,36,39,10,0
CRS3035RES200mN2882600E3761200,200,642.5,331,67,170,20,140,26,15622292.1,16464,305,26,17,216,2,96,0,17,37,12.5,30,33,49,212,116,53,69,31,0
CRS3035RES200mN2882600E3761400,200,292,115,28,34,10,73,4,7591247.2,8800,47,68,46,21,5,42,1,0,13,6.5,10.5,17,30,58,62,51,33,11,0
CRS3035RES200mN2882600E3762200,200,1144.5,586,183,312,32,194,53,22405093.6,24560,582,4,24,0,374,187,1,205,71.5,26,51.5,88,117,362,238.5,107,62,21,0
CRS3035RES200mN2882600E3763400,200,505.5,232,32,94,15,109,23,12866580.3,13635,173,59,185,3,2,42,0,1,23,9,24.5,31.5,42.5,147,88,54,55,31,0
CRS3035RES200mN2882600E3763600,200,514.5,245,43,111,13,128,26,13640701.5,14596,203,42,186,3,15,40,1,1,26.5,15.5,44.5,21,31,141,97,63,49,26,0
CRS3035RES200mN2882600E3769800,200,645,325,25,133,11,160,39,21582905.1,20021,303,22,159,16,24,126,0,14,22,12.5,34,35,51.5,168,128,76,77,40,1
CRS3035RES200mN2882600E3774600,200,284.5,90,24,16,18,29,15,5377136.3,7071,58,32,11,12,8,59,0,50,13,10,27.5,33,24,52,60,23,30,12,0
CRS3035RES200mN2882800E3730000,200,897.5,289,65,78,63,4,69,15661625.2,20858,287,2,0,0,233,56,0,283,64,36,107,122,80.5,191,141,86,58,12,0
CRS3035RES200mN2882800E3730200,200,275,117,28,43,11,67,16,6100651.8,8018,117,0,0,0,16,101,0,26,12.5,6,18.5,27.5,18.5,64,61,29,26,12,0
CRS3035RES200mN2882800E3736200,200,446,183,36,69,24,36,37,9843977,13978,147,36,0,2,34,147,0,145,16,13.5,42.5,46,46,69,104,60,42,7,0
CRS3035RES200mN2882800E3736800,200,292,111,5,26,15,82,8,9808942.6,9636,51,60,0,0,60,51,0,0,13,7,28.5,25.5,24,71,56,41,24,2,0
CRS3035RES200mN2882800E3737400,200,279,98,10,30,15,32,13,7608148.4,8772,67,31,0,0,31,67,0,66,21.5,9.5,27.5,20.5,27,69,45,34,24,1,0
CRS3035RES200mN2882800E3737600,200,728,260,37,71,36,9,65,14535671.6,18889,219,41,4,0,38,218,0,249,50.5,28.5,70.5,90.5,59,153,169,54,48,5,0
CRS3035RES200mN2882800E3739000,200,561,195,5,33,25,137,28,15656483.5,16666,195,0,23,0,0,172,0,43,28,21,33,81.5,49.5,82,136,66,59,5,0
CRS3035RES200mN2882800E3739200,200,282.5,110,3,26,11,42,16,8245283.8,8384,92,18,0,0,14,96,0,47,25,14,18,23.5,25,85,56,17,15,4,0
CRS3035RES200mN2882800E3739600,200,440,167,9,50,21,50,26,12273754.7,12581,125,42,0,0,2,165,0,109,33,14,41.5,46,35.5,88,113,43,22,4,0
CRS3035RES200mN2882800E3755000,200,809.5,384,26,185,25,177,32,23965120.9,23672,358,26,67,98,59,160,0,90,46.5,13,42.5,75,48.5,192,176,83,70,63,0
CRS3035RES200mN2882800E3755200,200,636,276,32,107,24,39,44,15729997.3,18058,249,27,43,56,91,86,0,219,28,13.5,49,61.5,42,105,140,73,85,31,8
CRS3035RES200mN2882800E3755800,200,437.5,194,30,91,23,31,26,10765543.8,11539,179,15,6,11,98,79,0,147,25,22,39.5,37.5,24.5,69,80,38,56,46,0
CRS3035RES200mN2882800E3757000,200,280,108,8,29,12,89,10,8750273.3,7060,98,10,0,10,0,98,0,0,31,9,25.5,22.5,12,108,51,13,7,1,0
CRS3035RES200mN2882800E3759000,200,635.5,278,32,107,23,126,31,18758313.7,16916,256,22,106,5,7,159,1,22,44,23,50.5,46.5,44.5,193,148,46,23,10,7
CRS3035RES200mN2882800E3761000,200,483,232,22,100,16,118,30,12800656.5,13250,199,33,67,51,9,104,1,21,30,14.5,26,27.5,36,157,109,40,31,12,0
CRS3035RES200mN2882800E3761200,200,652,294,52,117,19,158,25,16175821.5,17493,242,52,35,189,6,64,0,14,33,17.5,40.5,42.5,47.5,190,122,73,52,34,0
CRS3035RES200mN2882800E3762000,200,1094.5,435,103,135,48,231,47,24041625.3,28053,422,13,14,2,220,198,1,0,73,32.5,70.5,90.5,71,283,223,123,83,45,0
CRS3035RES200mN2882800E3762200,200,1189,395,106,102,77,83,60,21349716.3,24791,363,32,37,1,0,357,0,203,89.5,54,121.5,133,97,259,257,99,57,15,7
CRS3035RES200mN2882800E3762400,200,561.5,188,47,43,25,64,31,11352435.7,12680,162,26,21,2,0,165,0,71,39,20.5,44,57.5,43.5,135,130,45,39,5,3
CRS3035RES200mN2882800E3770000,200,404,176,6,61,13,83,19,13072316,13019,145,31,22,80,12,62,0,58,15,8.5,25.5,41,27,89,90,38,49,21,0
CRS3035RES200mN2883000E3755000,200,507,251,30,124,17,109,28,15178704.6,15075,228,23,66,3,35,147,0,38,22,14.5,28,41,48.5,137,107,52,39,18,0
CRS3035RES200mN2883000E3757600,200,477.5,189,38,64,23,9,42,9395387.9,11624,183,6,21,2,0,165,1,164,28,18,34.5,53.5,45.5,103,109,49,31,5,1
CRS3035RES200mN2883000E3760000,200,473.5,189,24,54,20,98,24,12298178.8,13336,111,78,47,18,57,67,0,44,33,13,24,34,46.5,106,106,43,55,13,0
CRS3035RES200mN2883000E3760600,200,576.5,230,30,68,23,12,37,11616463.5,13940,219,11,10,2,2,216,0,138,52.5,26.5,46.5,47,29,147,110,62,33,16,7
CRS3035RES200mN2883000E3766400,200,571,285,22,128,10,155,22,17491367.5,15670,266,19,58,74,31,122,0,8,34.5,25,30,30.5,26,195,128,42,47,13,0
CRS3035RES200mN2883000E3766600,200,1436.5,619,63,220,48,73,120,33507179.2,39422,610,9,20,1,496,102,0,468,86,42,94,120.5,105,349,309,147,142,42,0
CRS3035RES200mN2883000E3766800,200,711,326,23,124,17,194,32,21509303.3,20115,288,38,57,138,33,97,1,0,52,18,37,46,34,208,139,76,74,27,0
CRS3035RES200mN2883000E3767000,200,492.5,198,14,59,11,110,17,15507939.5,13772,145,53,54,30,2,112,0,0,37,17.5,34,33,43,133,103,38,39,15,0
CRS3035RES200mN2883000E3767600,200,487.5,209,36,79,15,92,25,11023535.3,12782,179,30,52,60,1,96,0,0,32,13,30,45.5,34,108,95,60,55,15,0
CRS3035RES200mN2883200E3757600,200,403,178,21,67,14,111,10,10062675.5,10234,165,13,5,137,3,32,1,0,27,10,18.5,22.5,27,125,63,48,45,17,0
CRS3035RES200mN2883200E3758000,200,363,162,25,65,12,86,14,11235908.9,10606,91,71,108,7,6,41,0,0,21,7,15,29,33,89,67,47,38,17,0
CRS3035RES200mN2883200E3760200,200,441.5,155,24,33,19,42,30,9766625.7,11030,105,50,21,10,5,119,0,98,26,14.5,41,43.5,37,90,96.5,60,26,7,0
CRS3035RES200mN2883200E3760400,200,276,105,11,25,16,43,20,6721864.1,7433,98,7,9,26,1,69,0,48,15,9,18,21,22,80,50,34,22,5,0
CRS3035RES200mN2883200E3766400,200,410.5,173,19,53,11,94,11,12805062.5,11782,115,58,130,8,2,32,1,0,15,5,22.5,25.5,52.5,85,96,51,43,14,1
CRS3035RES200mN2883200E3771000,200,463,163,32,46,25,13,36,8760341.1,10915,161,2,1,21,0,141,0,141,34.5,17,42.5,48.5,50.5,82,100,53,29,5,1
CRS3035RES200mN2883200E3771800,200,327.5,164,22,79,10,112,16,9316093,10870,130,34,66,43,3,52,0,0,15,6,13,19.5,27,78,68,40,34,27,0
CRS3035RES200mN2883200E3772800,200,823.5,280,69,71,55,42,57,15636913.6,21274,272,8,5,1,143,131,0,228,44,35.5,86.5,99.5,62,185,127,102,71,10,1
CRS3035RES200mN2883400E3755400,200,1306,564,39,173,35,160,89,37815309.4,38640,546,18,0,1,358,205,0,299,88,34.5,80,115.5,96,311,266,172,104,39,0
CRS3035RES200mN2883400E3757000,200,594,225,37,76,31,1,45,11379517,14828,224,1,1,0,0,224,0,224,35,27,62,68,36,112,113,82,48,10,1
CRS3035RES200mN2883400E3757600,200,1122,433,91,138,53,33,104,21177092.8,25626,407,26,15,355,4,59,0,379,72.5,38,122.5,115.5,73.5,222,215,114,103,43,3
CRS3035RES200mN2883400E3758600,200,998.5,412,52,142,41,66,51,23267927.7,27649,412,0,0,72,288,52,0,330,51,20,72.5,91,60,185,195,145,124,48,7
CRS3035RES200mN2883400E3758800,200,523,254,55,111,12,71,39,12220849.5,16371,226,28,8,95,99,52,0,140,17,4.5,22,56.5,49,95,104,90,67,18,0
CRS3035RES200mN2883400E3760400,200,1663.5,633,119,228,81,124,89,33710000.2,39154,633,0,0,0,127,506,0,357,100,50,125.5,205.5,123.5,418,357,171,84,12,17
CRS3035RES200mN2883400E3767000,200,277,126,13,49,12,83,16,9307154.2,10738,68,58,60,26,6,33,1,0,8.5,5,9.5,19,33,56,63,35,26,22,0
CRS3035RES200mN2883400E3767200,200,409.5,155,10,50,20,92,10,12855167.3,10685,117,38,36,16,5,98,0,0,38.5,13,31,41,23,117,82,20,34,10,0
CRS3035RES200mN2883400E3767400,200,398,160,13,50,16,121,17,13003588.7,11422,87,73,59,49,8,44,0,0,18,12,21,29,33,95,78,62,30,20,0
CRS3035RES200mN2883400E3771000,200,817.5,352,34,110,20,274,56,20302729.7,21525,345,7,2,268,5,77,0,0,45.5,23,56,81,51,176,188,97,69,31,0
CRS3035RES200mN2883400E3771400,200,567.5,262,31,110,20,97,36,13703958.9,16780,215,47,46,68,99,48,1,127,22,15,44.5,41,32,114,135,72,61,31,0
CRS3035RES200mN2883400E3771800,200,1091.5,409,95,125,52,70,80,21483544.1,23766,391,18,94,42,1,271,1,246,91,36.5,100.5,103.5,83,271,234,83,72,16,1
CRS3035RES200mN2883400E3772000,200,723,251,53,76,45,78,27,15851735.3,16212,174,77,113,33,1,103,1,77,44.5,16,52,87.5,76,162,151,80,39,15,0
CRS3035RES200mN2883400E3772400,200,352.5,180,45,100,14,43,10,8530305,10417,112,68,35,4,110,31,0,97,9,6,22.5,27,24,54,69,34,76,31,0
CRS3035RES200mN2883400E3774600,200,266,82,7,12,18,62,9,7555247.2,8554,3,79,16,15,18,33,0,13,8,11,19,32,25,48,67,31,19,6,0
CRS3035RES200mN2883600E3755000,200,852.5,414,25,181,24,223,41,29577835.1,25425,384,30,24,34,25,330,1,24,43.5,15.5,57,55.5,49,263,176,82,79,32,0
CRS3035RES200mN2883600E3755200,200,493.5,237,16,89,10,118,24,16225612,15125,219,18,71,1,23,142,0,40,27,8,29,20.5,39,122,100,62,64,22,0
CRS3035RES200mN2883600E3755600,200,1077,464,61,188,43,99,77,25347117.9,29224,457,7,7,56,313,86,2,308,48,22,85.5,114.5,83,207,229,141,103,43,1
CRS3035RES200mN2883600E3757600,200,401.5,181,29,73,17,44,24,8913416.6,11453,179,2,2,14,117,48,0,117,25,13.5,25,35,21,94,75,65,34,14,0
CRS3035RES200mN2883600E3757800,200,570.5,233,42,86,28,59,29,13592199.4,13674,219,14,18,145,2,68,0,146,38,18,35,39,31.5,137,111,68,64,29,0
CRS3035RES200mN2883600E3758600,200,861,342,71,113,35,20,65,16507119.3,21861,339,3,43,112,0,187,0,294,46,22,57.5,83.5,87,191,155,127,68,23,1
CRS3035RES200mN2883600E3758800,200,1151.5,540,143,246,34,95,94,23443855.2,28166,508,32,81,316,0,143,0,377,57,28.5,91,102,65,288,223,168,93,36,0
CRS3035RES200mN2883600E3760800,200,803.5,321,41,95,30,139,30,21953522.8,21073,277,44,32,12,7,270,0,69,57,20,57.5,71.5,51.5,214,175,75,62,20,0
CRS3035RES200mN2883600E3768400,200,175.5,63,4,13,10,51,5,6479472.7,5642,28,35,20,3,0,40,0,0,3.5,5,11,27,15,21,53,17,19,4,0
CRS3035RES200mN2883600E3771200,200,421.5,173,51,62,14,57,37,7671523.9,11144,136,37,7,28,100,36,2,100,16.5,16,25,40,35,69,92,45,67,16,0
CRS3035RES200mN2883600E3771400,200,427,173,31,56,15,83,24,10211376,11167,131,42,48,78,7,40,0,30,29,14,23,27.5,40.5,99,92,46,39,17,0
CRS3035RES200mN2883600E3774000,200,572,181,38,32,31,44,32,11640788.5,14918,116,65,21,8,85,48,19,125,32,20.5,47.5,59,48,102,133,55,59,14,2
CRS3035RES200mN2883600E3774200,200,271,89,9,18,20,53,9,7046058.1,8038,26,63,14,24,15,36,0,28,17.5,2,28,31,22.5,40,64,29,28,9,0
CRS3035RES200mN2883600E3774800,200,285.5,99,10,15,10,70,19,7865527.1,9048,32,67,11,17,36,35,0,23,18,9,21.5,30,25,55,59,44,18,6,0
CRS3035RES200mN2883800E3755200,200,822,388,16,160,13,227,35,28969119.5,25947,348,40,66,0,129,193,0,69,50,22,43.5,64,50.5,223,167,98,78,26,0
CRS3035RES200mN2883800E3755400,200,1294.5,579,43,211,34,301,75,39930768.4,39372,579,0,18,366,42,153,0,136,65,22.5,104,102.5,78.5,255,263,135,144,122,3
CRS3035RES200mN2883800E3755600,200,491,253,22,121,11,108,32,15398888.9,15729,224,29,34,27,100,91,1,57,13.5,4.5,26,31,45,122,98,70,48,33,0
CRS3035RES200mN2883800E3757200,200,1128,519,64,219,40,46,102,22969694.4,31327,519,0,12,404,0,103,0,447,65.5,44,71.5,89.5,57.5,227,219,151,148,55,0
CRS3035RES200mN2883800E3758000,200,631,303,41,143,20,133,32,16467404.5,16709,294,9,15,102,75,106,5,37,48,18,38,42.5,46.5,232,105,36,48,16,1
CRS3035RES200mN2883800E3760600,200,857.5,346,70,123,45,55,61,16999886.5,26108,334,12,6,258,40,42,0,281,32,20,73.5,102,68,112,181,113,103,53,0
CRS3035RES200mN2883800E3760800,200,589,286,27,125,15,167,22,17518248.3,17200,245,41,39,19,174,54,0,0,29,14,28.5,37.5,40,152,107,87,79,14,1
CRS3035RES200mN2883800E3766400,200,436.5,190,10,67,12,144,16,15614759.8,15308,101,89,110,15,9,56,0,0,11,8.5,26,34.5,38.5,81,97,62,54,24,0
CRS3035RES200mN2883800E3768000,200,586.5,244,14,91,23,66,23,18118109.9,17448,244,0,0,0,0,244,0,37,41.5,23,43.5,55.5,56,168,139,36,19,5,0
CRS3035RES200mN2883800E3768600,200,804,323,42,107,32,96,60,20053688.2,21759,295,28,41,177,47,58,0,188,32,15.5,53,90.5,67,144,154,103,110,35,0
CRS3035RES200mN2883800E3771000,200,773,279,57,65,40,33,67,15345784,18890,276,3,3,57,35,184,0,216,54,30,65.5,90.5,69,163,173,66,46,16,0
CRS3035RES200mN2883800E3771400,200,550.5,229,55,78,21,55,37,10424240.3,13496,199,30,51,123,4,51,0,116,23.5,15,38.5,57.5,41,111,108,55,64,33,4
CRS3035RES200mN2883800E3771600,200,302.5,110,23,31,16,44,14,6265437.8,6730,83,27,41,2,1,66,0,34,26,15,24.5,28,17,81,55,27,25,4,0
CRS3035RES200mN2883800E3772400,200,354,128,21,34,18,28,23,6929904.9,8524,106,22,13,22,7,86,0,82,28.5,20,37.5,19,21,99,72,24,24,9,0
CRS3035RES200mN2883800E3772600,200,1067,329,153,113,83,112,43,17233824.6,26676,115,214,3,95,144,87,0,180,66,56,107,141.5,50.5,167,224,111,63,12,69
CRS3035RES200mN2883800E3774400,200,1213,449,90,122,64,137,90,23802471.3,33261,416,33,13,35,26,375,0,281,64,41,86,149,93,226,243,143,124,37,7
CRS3035RES200mN2884000E3753400,200,559,228,23,67,15,84,38,16670944.7,16113,183,45,46,30,48,104,0,114,20,17,47.5,50.5,50,97,148,64,45,20,0
CRS3035RES200mN2884000E3753600,200,819.5,401,22,177,14,246,42,27988730.5,26698,390,11,85,33,162,121,0,67,27.5,12.5,50,67.5,52,147,153,118,136,56,0
CRS3035RES200mN2884000E3753800,200,835.5,394,39,148,18,217,46,27693219.4,24389,380,14,84,37,124,149,0,37,60.5,14,46,56.5,59.5,221,163,88,71,55,1
CRS3035RES200mN2884000E3754600,200,729,346,23,143,14,223,28,24226559,20130,305,41,16,198,5,127,0,0,58.5,26.5,28.5,45.5,47,245,146,63,44,25,0
CRS3035RES200mN2884000E3755000,200,283,99,5,17,16,76,4,11338633.4,8172,24,75,53,6,10,30,0,0,14.5,4,20,34.5,26,44,71,25,31,13,0
CRS3035RES200mN2884000E3755400,200,994.5,437,33,152,26,226,42,30792010.3,27485,430,7,52,204,22,157,2,4,68.5,29,57.5,72,62.5,307,200,75,77,45,1
CRS3035RES200mN2884000E3755600,200,632,276,25,110,16,104,33,19748913.4,18453,234,42,66,9,125,76,0,96,31,18,56.5,49.5,42,161,136,75,45,18,0
CRS3035RES200mN2884000E3759000,200,347.5,159,27,73,13,52,16,8874828.2,9252,117,42,62,35,4,50,8,45,22,9,27,18.5,33,106,65,47,15,5,0
CRS3035RES200mN2884000E3759600,200,367.5,134,26,35,17,12,29,7706539.7,9635,119,15,11,2,3,118,0,116,26.5,9,26,46,40,77,83,41,16,3,0
CRS3035RES200mN2884000E3759800,200,397,172,21,77,22,25,25,8237626.5,9147,134,38,26,2,35,109,0,63,21,12,20,50.5,42,83.5,104,36,20,8,0
CRS3035RES200mN2884000E3775200,200,457,169,24,44,18,58,41,10364694.3,13340,127,42,16,3,49,101,0,107,29.5,6,36,72,34.5,70,109,49,40,11,0
CRS3035RES200mN2884200E3747800,200,305,141,8,69,15,95,9,10863254.9,9151,91,50,85,15,5,35,1,4,26,9,17,24.5,18,67,66.5,39,21,17,0
CRS3035RES200mN2884200E3753400,200,500,214,19,75,18,94,33,16380642,15551,150,64,104,15,13,82,0,66,18,14,29,49.5,46.5,96,111,65,46,25,0
CRS3035RES200mN2884200E3753800,200,1096.5,539,47,246,27,246,76,31756567.4,30048,517,22,146,87,83,223,0,118,72.5,35,82,86,53,295,259,95,71,48,0
CRS3035RES200mN2884200E3754600,200,325,116,3,19,11,102,14,14318403.4,11353,11,105,44,17,10,45,0,0,6,6,22.5,40,35.5,42,78,54,33,8,0
CRS3035RES200mN2884200E3755000,200,399,130,7,24,22,69,22,12490366.4,11029,58,72,47,12,0,71,0,42,15,10,29,57,36.5,53.5,101,60,26,8,3
CRS3035RES200mN2884200E3755200,200,739.5,285,14,72,19,141,26,28003506.1,19344,231,54,21,2,1,261,0,24,54.5,39,75,54.5,32.5,212,189,41,39,3,0
CRS3035RES200mN2884200E3755400,200,409.5,145,9,34,16,98,12,15043660.7,11654,64,81,61,11,23,49,1,18,26,8.5,29,51,31,88,94,35,38,9,0
CRS3035RES200mN2884200E3755600,200,602.5,278,20,117,14,139,19,18352351.7,16371,251,27,17,134,48,79,0,10,41,16,39,37,28.5,188,118,54,54,27,0
CRS3035RES200mN2884200E3755800,200,1261.5,652,68,304,21,319,66,34601367.7,36255,652,0,85,404,126,36,1,198,80.5,31,61,66,50,358,192,150,155,118,0
CRS3035RES200mN2884200E3759600,200,366.5,153,14,49,15,73,19,10506091,10499,118,35,23,39,21,70,0,53,12,7,21,34,33,71.5,88,53,32,14,1
CRS3035RES200mN2884200E3769600,200,721,350,104,189,28,24,43,12558093.2,14407,326,24,290,2,1,57,0,323,35.5,19,48,66.5,41,145,172,79,87,16,12
CRS3035RES200mN2884200E3771000,200,461.5,180,32,54,19,35,38,9532673.3,11517,146,34,29,49,4,98,0,124,37,18,42,41.5,37,104,78,41,48,14,1
CRS3035RES200mN2884200E3774400,200,588,239,20,68,17,80,24,14871883,14448,182,57,19,11,12,197,0,17,61.5,18,33,44.5,28,208,113,31,35,8,8
CRS3035RES200mN2884200E3774600,200,390,161,14,51,11,59,19,9721812,10007,111,50,22,23,6,110,0,37,42,11,24,16,35,139,61,24,26,12,0
CRS3035RES200mN2884200E3775000,200,698,299,39,101,21,168,49,15898515.8,20496,287,12,7,36,40,216,0,101,41,23,47.5,53.5,49,132,143,94,84,31,0
CRS3035RES200mN2884400E3747600,200,477.5,245,22,110,10,135,16,16192931.3,14652,224,21,94,83,0,68,0,0,23,10.5,18.5,18.5,36,141,90,50,58,32,0
CRS3035RES200mN2884400E3747800,200,646.5,291,31,101,13,137,36,20452757.6,19878,265,26,78,12,171,30,0,82,27,21.5,34.5,50.5,45,128,137,84,86,33,0
CRS3035RES200mN2884400E3753800,200,504,257,16,125,10,189,17,17852360.5,19426,208,49,53,102,67,35,0,0,20,10,36.5,29,22.5,88,99,55,83,61,0
CRS3035RES200mN2884400E3755200,200,481,220,23,83,11,88,21,16159868.4,12888,161,59,89,3,2,126,0,0,28,12.5,36.5,38,26,141,107,49,35,8,0
CRS3035RES200mN2884400E3755800,200,508.5,211,9,68,18,144,14,17916175.6,16056,130,81,66,73,7,64,1,0,29,9.5,40.5,45.5,22,131,99,46,67,19,0
CRS3035RES200mN2884400E3759000,200,383.5,147,23,52,18,73,12,9604900.8,9404,71,76,83,5,2,56,1,43,29,15,30,29.5,20,94,70,43,36,17,0
CRS3035RES200mN2884400E3759600,200,304,125,18,43,14,10,26,6443292.6,7670,120,5,14,0,0,111,0,109,13,5,15,39,39,50,75,36,26,6,0
CRS3035RES200mN2884400E3769200,200,1155.5,525,47,205,37,189,77,32201117.1,31436,500,25,73,66,15,370,1,188,66.5,35.5,71,102.5,81,300,268,105,86,39,1
CRS3035RES200mN2884400E3769400,200,596.5,248,21,83,17,131,33,17502497.8,16933,211,37,89,1,80,78,0,44,26,13.5,38.5,58,45.5,115,142,85,53,20,0
CRS3035RES200mN2884400E3769600,200,386,185,32,77,10,93,12,11206419.1,9982,147,38,116,6,4,59,0,0,20.5,10,19,20.5,33,118,86,40,32,7,0
CRS3035RES200mN2884400E3771000,200,916,345,58,116,50,180,46,20949853.8,25304,295,50,45,49,38,213,0,104,50,33,88,91,73,172,188,77,88,55,1
CRS3035RES200mN2884400E3774000,200,472,209,14,68,12,84,29,12864047.2,14452,165,44,24,55,7,123,0,48,33.5,6,38,31.5,38,141,85,36,50,13,0
CRS3035RES200mN2884600E3753000,200,388,144,7,40,17,111,15,14623733.1,12926,68,76,89,20,5,30,0,7,19,12,37.5,41,26.5,75,89,40,39,9,0
CRS3035RES200mN2884600E3754000,200,999.5,483,44,226,28,216,47,28523026.7,28842,462,21,30,106,119,228,0,134,48,21.5,56.5,92.5,64,233,191,112,115,66,0
CRS3035RES200mN2884600E3754200,200,458.5,207,16,82,10,145,10,17232477.6,15467,133,74,106,42,3,56,0,0,21,17,31.5,23,32,86,82,59,73,34,0
CRS3035RES200mN2884600E3754800,200,754,321,24,106,24,184,53,22272101.7,20602,258,63,40,212,15,54,0,92,37,20,55.5,74.5,54,133,165,87,84,44,0
CRS3035RES200mN2884600E3755200,200,663,260,22,78,32,125,28,19831193.9,17522,211,49,29,112,29,90,0,66,40,19,40.5,66.5,47,145,131,77,64,22,11
CRS3035RES200mN2884600E3771000,200,442.5,162,31,41,19,62,24,10391291.6,11371,126,36,20,50,60,32,0,58,24,12,40.5,50,28,97,90,44,40,17,0
CRS3035RES200mN2884600E3771800,200,940,498,152,296,36,63,58,16982533.8,22403,496,2,158,43,0,297,0,411,68,29,61.5,55.5,112,329,124,84,60,17,0
CRS3035RES200mN2884600E3774000,200,190.5,64,8,15,10,26,8,5118320,5209,41,23,21,4,1,37,1,23,13,9.5,10.5,22.5,22,37,44,20,12,0,0
CRS3035RES200mN2884800E3747000,200,325.5,118,2,26,22,77,7,14113167,11613,51,67,62,8,1,47,0,11,12,6,27.5,40.5,29.5,53,70,24,45,18,0
CRS3035RES200mN2884800E3747200,200,606,283,11,116,16,160,23,21620262.7,19728,195,88,79,9,54,141,0,43,19,7,43.5,45.5,54,120,119,58,82,58,0
CRS3035RES200mN2884800E3754000,200,414.5,202,15,95,16,114,16,14902466.4,12942,161,41,77,37,58,30,0,0,13.5,16.5,22.5,31.5,25.5,106,90,43,41,24,1
CRS3035RES200mN2884800E3754600,200,518,200,21,54,17,100,35,17303811.1,16174,106,94,101,18,5,76,0,74,21,18,39.5,63.5,43,100,117,55,44,17,0
CRS3035RES200mN2884800E3759400,200,595,291,32,134,18,131,30,17632746.5,16527,235,56,200,9,32,50,0,55,31,9.5,31,32.5,43,158,119,66,69,36,0
CRS3035RES200mN2884800E3759800,200,694.5,355,23,163,12,199,32,22637838.4,21097,335,20,174,15,41,124,1,0,24,20.5,40.5,46.5,41,189,169,59,79,26,0
CRS3035RES200mN2884800E3774200,200,786,362,35,141,22,163,37,20282852.5,22715,328,34,62,10,112,178,0,88,58,17.5,42,64.5,51,205,172,86,72,18,0
CRS3035RES200mN2884800E3774400,200,598.5,279,31,109,17,114,33,14784622.8,15923,257,22,52,3,1,223,0,5,54,19,43.5,35,32,211,104,45,36,19,0
CRS3035RES200mN2885000E3746200,200,510.5,214,59,84,22,18,45,10210360.5,11868,196,18,11,46,2,155,0,195,31,9.5,48,48,45,86,101,59,68,15,0
CRS3035RES200mN2885000E3746400,200,480.5,167,20,41,31,87,24,16258206.4,13548,83,84,54,71,6,36,0,62,15,9,27.5,70.5,57.5,76,106,54,58,7,0
CRS3035RES200mN2885000E3746600,200,599.5,264,18,90,16,141,21,19607513.8,17085,233,31,43,55,59,107,0,45,45,16,39,39.5,42,199,105,51,41,22,0
CRS3035RES200mN2885000E3746800,200,344.5,136,9,39,13,77,19,11986390.5,10839,97,39,78,7,4,47,0,17,20,8,19.5,29,42,79,62,35,30,20,0
CRS3035RES200mN2885000E3753200,200,386,164,15,53,10,120,15,13791785.1,12985,103,61,58,12,63,31,0,11,14,10,27,33.5,23.5,70,79,46,57,25,1
CRS3035RES200mN2885000E3754200,200,873.5,412,42,177,18,204,38,28854584.3,25385,376,36,226,10,143,33,0,65,63,27.5,47,63,51,250,181,75,77,39,0
CRS3035RES200mN2885000E3754400,200,634,281,15,99,19,167,33,22629207.5,19551,218,63,166,62,17,35,1,0,33.5,24.5,37.5,52.5,50,150,134,57,62,32,1
CRS3035RES200mN2885000E3756000,200,721,320,42,139,30,109,37,19687773.4,18296,251,69,75,195,2,47,1,161,31,17,52.5,58,51.5,168,147,88,75,26,7
CRS3035RES200mN2885000E3756200,200,626,325,68,174,11,38,53,14380112.3,17316,304,21,24,162,9,110,20,244,26.5,15.5,29.5,57.5,47,120,149,86,65,30,0
CRS3035RES200mN2885000E3756400,200,1070,495,82,194,25,89,81,26569020.1,27853,487,8,112,0,8,375,0,325,68.5,32,61.5,75.5,71,278.5,238,99,102,44,0
CRS3035RES200mN2885000E3760600,200,288,106,23,38,15,0,24,5068946.5,6301,106,0,0,49,0,57,0,106,6.5,7,25,33.5,29,41,55,40,25,26,0
CRS3035RES200mN2885000E3791800,200,273.5,70,9,3,24,24,15,5748782,6095,1,69,0,0,0,70,0,42,11,7,21.5,53,28,47,63,27,6,1,9
CRS3035RES200mN2885200E3732200,200,1085,515,74,254,38,184,64,24159139.3,30395,515,0,0,0,0,515,0,208,75.5,34,79,83,77.5,314,226,106,71,19,0
CRS3035RES200mN2885200E3746600,200,236.5,82,0,12,13,72,6,11109902.8,8700,42,40,32,10,3,37,0,0,7.5,3,15.5,17.5,23,58,40,35,25,12,0
CRS3035RES200mN2885200E3754400,200,524.5,268,42,133,11,123,23,15367268.6,13945,259,9,162,18,24,64,0,40,33,11.5,25.5,33.5,28,172,97,54,46,22,2
CRS3035RES200mN2885200E3756000,200,694.5,333,34,138,19,109,41,20764893.5,19642,238,95,130,18,136,48,1,152,23,16.5,34.5,73,47.5,136,162,94,85,23,0
CRS3035RES200mN2885200E3756600,200,717.5,369,53,173,17,132,40,17960137.5,20367,366,3,5,201,102,61,0,143,27.5,13,28.5,48.5,41,155,118,78,140,68,0
CRS3035RES200mN2885200E3756800,200,945,495,53,270,17,102,62,22426854,24997,491,4,66,344,21,64,0,326,43,21,53,74.5,55.5,215,213,121,100,48,1
CRS3035RES200mN2885200E3760600,200,510,203,31,67,27,0,40,12259829.7,14501,203,0,30,5,78,90,0,196,19,11,37.5,58.5,42,74,119,68,62,19,0
CRS3035RES200mN2885200E3760800,200,1001.5,386,60,143,55,29,50,22167773.4,25095,386,0,107,0,112,167,0,327,30,23.5,64,99,96,199,187,154,110,27,12
CRS3035RES200mN2885400E3732000,200,350.5,117,11,22,13,89,17,10051503.6,9877,40,77,0,0,0,117,0,23,15.5,8,29,43,40,61,85,51,15,3,0
CRS3035RES200mN2885400E3732200,200,573,233,23,78,27,101,43,14385873.2,15345,194,39,0,0,0,233,0,102,38,20,43.5,47,59.5,155,133,54,19,3,1
CRS3035RES200mN2885400E3732400,200,367.5,155,16,62,15,74,17,9559802.3,10005,120,35,0,0,0,155,0,64,26.5,10,30,35,31,102,77,36,18,2,0
CRS3035RES200mN2885400E3746800,200,353,109,3,17,26,98,3,16745219.1,13921,56,53,29,21,10,49,0,0,11,8,20,57,40,31,90,36,38,22,0
CRS3035RES200mN2885400E3753600,200,278.5,86,6,11,16,55,13,9229232.6,7756,37,49,22,19,6,39,0,15,14.5,8,18.5,41.5,29,39,56,38,21,13,0
CRS3035RES200mN2885400E3754800,200,605.5,239,18,69,18,145,31,20196677.2,16450,174,65,100,56,10,72,1,18,29.5,11,37.5,66,52.5,139,132,56,66,16,0
CRS3035RES200mN2885400E3756600,200,1058.5,495,57,227,32,176,54,29633640.9,28692,454,41,188,94,0,200,13,170,60,28,74.5,72.5,95.5,281,224,100,82,41,0
CRS3035RES200mN2885400E3756800,200,583.5,263,34,98,17,124,34,17688398.2,15672,192,71,141,42,3,77,0,66,22,9.5,41.5,39,48.5,121,132,74,77,19,0
CRS3035RES200mN2885400E3760200,200,989.5,479,96,238,32,0,70,19035076.5,19777,479,0,437,0,0,42,0,477,46.5,21,65.5,87.5,41,211,214,119,116,59,9
CRS3035RES200mN2885400E3760400,200,693.5,319,88,156,30,7,45,12453635.3,14698,319,0,286,0,0,33,0,308,39.5,18,53.5,48.5,38,111,168,100,84,25,8
CRS3035RES200mN2885400E3760600,200,938.5,402,46,152,31,167,46,28572730.2,26475,402,0,38,81,183,100,0,159,33.5,20,41.5,65,95.5,162,167,141,142,63,8
CRS3035RES200mN2885400E3760800,200,2099.5,923,116,380,87,207,129,57589391.5,62133,923,0,76,203,386,258,0,547,63.5,45.5,123.5,171.5,170.5,411,401,275,322,108,8
CRS3035RES200mN2885400E3791800,200,213.5,58,2,3,12,51,4,6258563.1,5486,0,58,0,0,0,58,0,0,7,5,21,26.5,31,35,57,23,7,1,0
CRS3035RES200mN2885600E3732200,200,365,140,4,36,11,61,19,10326574.4,9753,117,23,0,0,0,140,0,25,41,18,38.5,22.5,21,135,61,23,4,1,0
CRS3035RES200mN2885600E3753400,200,1070,456,38,164,31,169,63,31766776.3,30829,434,22,44,10,269,133,0,184,71.5,32.5,62,80,85,244,245,144,86,20,0
CRS3035RES200mN2885600E3754000,200,842.5,351,9,111,11,106,31,33565984.3,21534,351,0,0,0,0,351,0,109,74,36.5,78.5,58.5,40,302,194,45,14,0,0
CRS3035RES200mN2885600E3754200,200,1394,567,10,177,33,170,39,53757533.2,36580,567,0,0,0,0,567,0,0,104,44,115,128.5,87.5,466,377,54,16,1,1
CRS3035RES200mN2885600E3754600,200,578.5,259,16,92,13,156,42,21558169.2,18467,230,29,55,90,32,81,1,57,23,12,42.5,44,44,118,125,81,61,28,0
CRS3035RES200mN2885600E3756200,200,938,456,40,205,16,164,42,26236298.8,26945,444,12,66,32,243,115,0,220,59,36,44.5,62.5,40,244,177,110,114,51,0
CRS3035RES200mN2885600E3756400,200,538,269,22,126,12,117,23,16056361,14055,242,27,195,41,0,33,0,0,28,16.5,29,29.5,32,183,106,48,44,22,0
CRS3035RES200mN2885600E3756600,200,753,390,42,190,14,175,40,23015131.4,22004,342,48,246,8,1,135,0,96,33,12,34.5,50.5,53,181,169,94,88,37,1
CRS3035RES200mN2885600E3756800,200,604,270,31,102,16,117,34,18236972.1,15755,226,44,180,10,5,74,1,55,23.5,7,45,58.5,51,164,137,64,47,6,1
CRS3035RES200mN2885600E3760000,200,552.5,243,30,89,17,53,35,16738604.1,14843,243,0,42,93,0,108,0,93,27,8,44.5,51,38,123,108,68,64,21,0
CRS3035RES200mN2885600E3760200,200,1870,963,264,529,69,113,114,40344620.1,38508,963,0,456,79,196,231,1,778,60.5,53.5,91,139.5,124.5,452,385,246,226,57,35
CRS3035RES200mN2885600E3760400,200,2157.5,1036,213,503,78,115,175,45364401.4,53081,1013,23,626,236,44,129,1,779,85,44.5,127.5,171.5,141,416,400,297,294,159,22
CRS3035RES200mN2885600E3760600,200,1990.5,894,146,399,72,162,113,54956173.9,52201,862,32,281,77,66,469,1,514,60,31.5,98.5,169.5,198,436,385,329,242,40,1
CRS3035RES200mN2885600E3760800,200,1411.5,770,131,418,26,267,69,40118721.5,35840,769,1,330,271,57,111,1,109,47,27,53.5,81.5,105.5,441,252,145,183,76,0
CRS3035RES200mN2885800E3746000,200,648.5,250,74,88,31,3,53,10950417.6,12495,248,2,5,209,0,36,0,244,46,25.5,51.5,67.5,35,119,130,89,68,17,0
CRS3035RES200mN2885800E3753200,200,734.5,335,32,130,11,196,26,27167511.8,20290,300,35,53,4,43,235,0,0,45.5,22.5,46,50.5,48,216,181,58,49,17,1
CRS3035RES200mN2885800E3753400,200,2433.5,1010,109,385,94,384,112,68617874.8,66558,1010,0,0,0,934,76,0,514,112.5,78,187.5,220,193.5,513,550,281,255,43,0
CRS3035RES200mN2885800E3753600,200,374.5,181,19,92,15,97,14,13049566.5,11094,130,51,66,8,5,102,0,0,12,9,19,33.5,23,93,80,44,40,20,1
CRS3035RES200mN2885800E3753800,200,385.5,207,19,105,10,84,22,12665027,13451,169,38,21,120,5,61,0,83,6,4.5,14,33,28,74,92,44,54,35,1
CRS3035RES200mN2885800E3754000,200,1657,622,30,185,70,101,67,54387472.6,40868,622,0,0,0,157,465,0,176,115.5,78.5,182.5,183,98.5,504,404,61,22,7,1
CRS3035RES200mN2885800E3754600,200,364,157,9,58,11,116,13,15579707.8,13153,93,64,61,28,3,65,0,0,16,9,15.5,30.5,37,84,74,40,42,16,0
CRS3035RES200mN2885800E3756000,200,735.5,329,38,124,17,189,32,22090537.4,19504,317,12,7,175,15,132,0,67,38,16,40,63,39.5,178,161,81,80,39,0
CRS3035RES200mN2885800E3756400,200,438,191,20,66,12,68,24,12291024.8,12313,163,28,92,5,1,93,0,90,14.5,12.5,18.5,42.5,39,83,85,92,42,9,0
CRS3035RES200mN2885800E3756600,200,528,268,31,132,11,133,20,16962189.3,14222,254,14,175,42,10,41,0,34,26,10,32.5,39,30.5,129,125,58,56,22,0
CRS3035RES200mN2885800E3756800,200,776.5,379,58,182,22,140,35,23214220,19010,329,50,243,3,43,89,1,68,29.5,15.5,47.5,67.5,72.5,208,194,67,55,20,0
CRS3035RES200mN2885800E3760000,200,1597,847,84,410,20,345,86,54702082.2,46824,843,4,370,149,224,104,0,133,55.5,25,72,102.5,98,423,321,188,207,104,1
CRS3035RES200mN2885800E3760200,200,1629,900,157,520,39,301,76,49631570.6,42780,898,2,319,321,94,165,1,237,53,37,65.5,96,133.5,437,308,211,202,84,2
CRS3035RES200mN2885800E3760400,200,962.5,452,34,173,16,219,31,43767008.5,29824,362,90,223,20,94,114,1,1,42,11.5,53,63.5,72.5,213,189,134,146,38,0
CRS3035RES200mN2885800E3760600,200,1447,692,112,308,41,179,89,41033606.4,37913,663,29,305,42,35,308,2,275,50,30,83,98.5,117.5,377,270,210,164,44,3
CRS3035RES200mN2885800E3760800,200,1736.5,947,83,478,25,372,55,63730121.8,54707,943,4,336,484,0,127,0,88,67,36,62,85.5,105,556,290,166,241,128,0
CRS3035RES200mN2886000E3744000,200,598.5,250,24,89,25,148,20,25669600.2,25794,206,44,147,16,13,73,1,0,23,11.5,30,51,71,89,102,72,92,57,0
CRS3035RES200mN2886000E3744400,200,462,196,10,85,27,132,10,18777052.1,18449,167,29,69,35,46,46,0,0,23,11,25,37,45,74,86,44,54,63,0
CRS3035RES200mN2886000E3744600,200,489,198,15,74,26,130,15,19849348.2,17311,165,33,81,10,56,51,0,0,26,12,35.5,46.5,53,64,98,56,61,37,0
CRS3035RES200mN2886000E3745600,200,495,215,10,70,10,156,15,21197160.8,16562,198,17,5,33,2,175,0,0,23,11,20,39,45,95,109,67,66,20,0
CRS3035RES200mN2886000E3745800,200,958.5,352,84,123,62,30,64,17995859.8,21562,348,4,3,214,98,37,0,316,45.5,28,67,113,73,157,192,122,116,27,18
CRS3035RES200mN2886000E3753000,200,1125.5,449,32,133,34,68,78,33448514.9,29050,449,0,15,0,144,290,0,238,79.5,37,87.5,114.5,77,257,315,100,49,9,0
CRS3035RES200mN2886000E3753200,200,1672,767,83,307,41,267,104,50213934.5,44155,766,1,204,92,104,367,0,347,77,44.5,91,124.5,129,377,386,193,176,74,0
CRS3035RES200mN2886000E3753400,200,603.5,301,41,140,12,115,41,16619615.7,16230,290,11,60,134,3,104,0,105,34,14.5,25,30.5,46.5,163,116,76,72,24,2
CRS3035RES200mN2886000E3753600,200,732,365,49,178,22,188,20,22559881.5,17706,305,60,257,43,1,64,0,0,27,13,41.5,43.5,57,220,165,75,63,26,1
CRS3035RES200mN2886000E3753800,200,312.5,130,10,48,10,91,6,14200647.3,9936,107,23,41,5,3,81,0,0,18,8,18,25.5,35,58,73,37,30,10,0
CRS3035RES200mN2886000E3754800,200,674,308,17,116,11,216,24,29337640.4,21257,269,39,96,8,39,165,0,0,30,13,34,52,48.5,146.5,163,80,75,32,0
CRS3035RES200mN2886000E3755000,200,772.5,333,29,119,21,154,47,28778113.7,24680,284,49,63,161,38,71,0,112,35,25,52.5,67,70,163,175,71,84,30,0
CRS3035RES200mN2886000E3755200,200,834.5,375,35,141,26,228,31,28883666.1,24394,342,33,90,233,5,46,1,30,42,24,46,65.5,58,186,160,98,93,62,0
CRS3035RES200mN2886000E3755400,200,1223,630,55,306,22,322,64,42601402.9,34390,610,20,249,103,146,127,5,9,43,20,67.5,92,99.5,351,265,115,120,50,0
CRS3035RES200mN2886000E3755600,200,886,403,41,176,33,105,63,24081921.2,24878,395,8,198,82,88,35,0,232,31,16,66,99.5,72.5,165,205,78,110,43,0
CRS3035RES200mN2886000E3756000,200,1062.5,546,55,263,18,257,53,33287002.8,30244,531,15,130,209,152,55,0,95,44,18,48,73,75.5,275,232,109,112,76,0
CRS3035RES200mN2886000E3756800,200,1106,481,72,183,41,165,68,30373251.1,31127,410,71,218,18,186,58,1,173,41.5,23,72,100.5,91,231,213,142,140,52,0
CRS3035RES200mN2886000E3758200,200,1433.5,749,90,378,34,328,56,47736417.5,42288,742,7,536,119,19,73,2,87,55.5,22.5,55,96,105.5,411,236,171,203,75,3
CRS3035RES200mN2886000E3758400,200,1506,739,99,328,36,239,93,45131436.7,39877,728,11,341,111,138,148,1,190,76,36.5,72,107.5,93,433,302,140,152,78,16
CRS3035RES200mN2886000E3758600,200,1290,749,97,445,23,299,34,43368529.3,33132,738,11,514,85,11,138,1,26,52,20.5,45.5,64,88,426,268,120,147,53,6
CRS3035RES200mN2886000E3760000,200,1334.5,795,97,441,10,334,61,45176601.9,37056,787,8,489,168,83,52,3,98,47,6,31.5,54.5,102.5,406,241,155,213,78,0
CRS3035RES200mN2886000E3760200,200,1312,687,68,338,26,307,57,46289582.9,36475,678,9,347,253,47,40,0,19,62,29.5,55,74.5,101.5,379.5,242,137,146,85,0
CRS3035RES200mN2886000E3760600,200,644,337,39,158,10,123,36,21378072,17904,327,10,208,22,45,61,1,44,25,15,26.5,37,39,207.5,126,67,80,21,0
CRS3035RES200mN2886000E3760800,200,1300.5,679,86,351,32,225,52,38753670.6,33960,665,14,463,1,90,125,0,206,42.5,23,45,84.5,109.5,347,251,165,172,61,0
CRS3035RES200mN2886000E3761400,200,1179.5,559,109,271,35,94,53,28382243.6,30673,558,1,285,16,136,34,88,217,46,15,37,69.5,46,257,196,158,204,45,106
CRS3035RES200mN2886000E3761600,200,1839,908,165,462,58,158,102,47957807.5,45780,895,13,369,23,316,199,1,524,63,32.5,80,139.5,193,465,318,250,231,66,1
CRS3035RES200mN2886000E3761800,200,1691,922,97,488,29,260,80,53793002.8,42829,906,16,635,11,2,271,3,205,73.5,31,62,91,144.5,572,347,183,145,42,0
CRS3035RES200mN2886000E3762000,200,662.5,268,34,87,19,96,54,17333446.4,17134,262,6,121,0,8,139,0,157,26,12.5,39,72.5,68.5,105,170,83,69,17,0
CRS3035RES200mN2886000E3762200,200,823,314,42,119,45,40,37,21069403.5,17855,314,0,35,0,0,279,0,191,40.5,35,72,112.5,63,205,197,58,35,3,2
CRS3035RES200mN2886000E3762400,200,606.5,177,27,29,46,0,51,11201709.7,12221,177,0,0,0,0,177,0,175,27,17.5,42,139.5,77.5,77,139,64,20,2,1
CRS3035RES200mN2886000E3769200,200,675,333,13,153,15,177,23,24129962.5,21008,328,5,22,64,116,131,0,35,47,20,44,39,31,209,112,51,77,45,0
CRS3035RES200mN2886000E3769600,200,749,348,19,133,16,234,29,29839250.5,27172,313,35,23,84,142,98,1,0,26.5,14.5,40.5,55.5,61,130,160,90,117,54,0
CRS3035RES200mN2886000E3770400,200,367.5,155,14,58,11,99,13,13202361.5,10264,129,26,47,8,1,98,1,0,22,10.5,28.5,32.5,29,67,102,39,26,11,0
CRS3035RES200mN2886000E3770600,200,401,166,9,55,15,121,12,13932892.6,11854,121,45,60,28,40,38,0,0,17,18,19.5,43,31.5,74,99,28,50,21,0
CRS3035RES200mN2886000E3770800,200,590.5,257,41,97,19,62,49,15230040.3,14948,222,35,69,4,1,183,0,133,32,13,43.5,55,50,137,142,57,53,8,0
CRS3035RES200mN2886000E3771000,200,487.5,200,12,66,22,120,27,16536996,14655,123,77,104,8,6,82,0,6,20.5,9,37.5,48,45.5,91,127,51,36,22,0
CRS3035RES200mN2886000E3772000,200,371.5,171,11,63,12,101,27,11465408.7,12212,112,59,68,1,55,47,0,16,19.5,14,25.5,27.5,24,59,80,50,43,29,0
CRS3035RES200mN2886000E3772200,200,642,320,26,140,10,216,49,19765784.5,21337,288,32,23,148,98,51,0,9,30,15,41,41,45,102,177,80,72,39,0
CRS3035RES200mN2886000E3772600,200,263.5,108,8,33,10,67,11,9334975.2,10509,57,51,45,3,6,54,0,0,6,5,18,26,23.5,37,59,42,32,15,0
CRS3035RES200mN2886000E3773600,200,477.5,274,78,162,10,84,38,10749121.9,11624,249,25,0,0,87,187,0,176,29,13.5,23,26,60,172,79,57,16,2,0
CRS3035RES200mN2886000E3773800,200,380.5,131,22,28,18,41,31,8129349.3,9417,113,18,0,0,79,52,0,85,22.5,12,33.5,46.5,29,64,96,39,36,2,0
CRS3035RES200mN2886000E3782200,200,300,107,22,31,17,0,23,5120505.7,7209,105,2,0,0,0,107,0,105,24,5,34,39,21,66,58,31,21,1,0
CRS3035RES200mN2886000E3782400,200,467,169,39,54,24,32,36,8597080,12243,169,0,0,0,71,98,0,130,26,15.5,39,59.5,42,91,93,50,42,9,0
CRS3035RES200mN2886200E3744000,200,481,210,12,75,16,144,15,20703804.1,18863,180,30,75,33,31,71,0,0,20,12,32.5,30.5,38,83,89,59,84,32,1
CRS3035RES200mN2886200E3744400,200,604,237,11,73,30,173,14,24519069.7,22944,211,26,73,79,46,39,0,0,30,11,28,56,66,89,102,76,93,51,2
CRS3035RES200mN2886200E3745200,200,824.5,382,14,148,32,266,17,32879593.2,32104,366,16,3,11,323,44,1,14,24,19.5,35.5,76.5,49,96,152,93,158,121,0
CRS3035RES200mN2886200E3753000,200,1618,688,51,244,45,215,88,51427890.2,44068,688,0,68,0,0,611,9,343,95.5,43.5,116,116,142,361,399,202,129,13,1
CRS3035RES200mN2886200E3753200,200,1294,581,32,208,26,281,55,50323711.7,36745,577,4,72,17,173,319,0,13,95,47,72,83.5,77.5,350,304,125,94,43,3
CRS3035RES200mN2886200E3753600,200,1056,513,77,224,30,47,90,23492437.3,29899,510,3,116,337,0,60,0,417,41.5,17,56,81.5,65,203,228,142,158,63,1
CRS3035RES200mN2886200E3753800,200,951.5,510,48,251,14,272,32,35065577.5,27029,472,38,186,138,90,95,1,3,46,21.5,48.5,42.5,44,341,172,101,96,39,0
CRS3035RES200mN2886200E3754000,200,1379.5,711,44,328,14,355,73,48926763.6,38600,687,24,309,135,92,175,0,77,86.5,33,64,67,82,482,266,124,130,44,1
CRS3035RES200mN2886200E3754400,200,1116,540,35,248,27,304,37,43063884.1,33995,503,37,243,153,17,127,0,67,53,39,60.5,77,73.5,241,218,137,124,88,5
CRS3035RES200mN2886200E3754600,200,924,437,40,182,20,173,51,33197924.8,26057,418,19,137,182,26,92,0,95,49.5,21.5,54,61.5,60.5,229,210,95,108,35,0
CRS3035RES200mN2886200E3754800,200,566.5,229,18,72,23,79,22,18683423.6,16752,222,7,30,74,50,75,0,106,28,14,41.5,55.5,39.5,111,118,66,69,24,0
CRS3035RES200mN2886200E3755200,200,681.5,398,40,247,13,171,21,23128111.9,21958,379,19,143,18,72,165,0,36,25,16,18.5,47.5,64,211.5,142,78,51,28,0
CRS3035RES200mN2886200E3755600,200,399,168,15,56,10,105,11,15873036.2,11907,133,35,81,28,2,57,0,0,17,6,23,33,33,92,78,51,45,21,0
CRS3035RES200mN2886200E3755800,200,517.5,253,24,126,17,119,12,18542134,15812,194,59,171,27,0,55,0,40,14,11.5,44,44,33,135,106,63,53,12,2
CRS3035RES200mN2886200E3756000,200,614,284,23,118,15,189,24,21598765.6,18861,220,64,88,146,8,41,1,35,33,15,27.5,40.5,56,135,112,79,78,38,0
CRS3035RES200mN2886200E3756400,200,843.5,416,33,190,16,172,43,26634308,26084,416,0,33,35,271,77,0,163,39,12.5,29,55,69,225,176,116,98,23,1
CRS3035RES200mN2886200E3758000,200,2093.5,1003,144,447,67,199,156,54625923.8,57088,987,16,284,22,53,644,0,626,86,34,96.5,171,161,413,399,304,314,113,2
CRS3035RES200mN2886200E3758200,200,975.5,508,50,243,14,254,45,40359924.8,30937,484,24,419,33,15,41,0,0,30,17.5,48.5,54.5,78,248,184,106,142,65,2
CRS3035RES200mN2886200E3758400,200,1390,730,50,355,28,373,42,56379230,45239,725,5,215,101,345,68,1,44,54,23,48,96.5,74.5,333,284,141,222,114,0
CRS3035RES200mN2886200E3758600,200,2230,1164,104,553,40,548,118,87201813.9,70064,1146,18,734,220,155,54,1,132,83,46.5,108.5,143.5,133.5,491,429,262,365,168,0
CRS3035RES200mN2886200E3758800,200,1467.5,806,79,423,22,366,50,58941263.6,45433,787,19,359,126,205,114,2,35,62,23,69.5,80,88,404,270,157,208,105,1
CRS3035RES200mN2886200E3760000,200,1007,556,51,304,21,254,46,40002596.5,31047,481,75,237,123,98,97,1,34,24,10,32,70.5,82.5,230,227,115,152,62,2
CRS3035RES200mN2886200E3760200,200,1428,871,99,532,15,342,55,50807043.1,39339,828,43,456,90,215,108,2,79,47,14.5,37.5,63.5,119.5,427,277,164,198,80,0
CRS3035RES200mN2886200E3760400,200,802.5,443,40,234,12,175,36,29632414.1,23430,442,1,308,49,0,86,0,46,20,10.5,33,51,49,240,154,92,104,49,0
CRS3035RES200mN2886200E3760600,200,1080.5,484,77,214,50,83,75,26332100.8,27702,482,2,161,1,37,285,0,293,32,22,40,93,120.5,246,196,175,133,23,0
CRS3035RES200mN2886200E3761600,200,1531,832,77,415,19,341,73,51241273.2,44571,832,0,289,44,399,100,0,189,60.5,32,70,83.5,80,351,309,176,273,95,1
CRS3035RES200mN2886200E3761800,200,2181,1322,102,797,29,441,88,72113797.7,57276,1317,5,518,353,323,127,1,56,89,34.5,90,90,101.5,811,427,232,203,103,0
CRS3035RES200mN2886200E3762000,200,1787,1045,204,656,42,167,78,49704986.6,40441,1044,1,212,421,161,231,20,516,82.5,24.5,84,121,91,505,363,219,228,62,7
CRS3035RES200mN2886200E3762200,200,330.5,110,9,21,18,0,32,7347189.2,8089,110,0,0,0,0,110,0,110,14,5,24,64,33.5,49,86,37,14,4,0
CRS3035RES200mN2886200E3762400,200,497.5,190,12,43,14,87,24,21880046.9,14050,190,0,0,0,0,190,0,45,17,10,42,51.5,43,100,136,54,40,4,0
CRS3035RES200mN2886200E3769400,200,813.5,393,19,163,15,254,43,27339415.1,26434,388,5,74,204,69,46,0,0,64.5,28,36.5,42,28.5,214,153,68,109,69,1
CRS3035RES200mN2886200E3769600,200,994,497,29,214,11,256,59,34334928.4,30157,487,10,178,46,125,147,1,55,60.5,30,55.5,56,49,273,217,101,101,51,0
CRS3035RES200mN2886200E3769800,200,813,377,36,152,17,154,42,24942085.5,23322,365,12,120,70,44,143,0,66,44.5,23,44,62.5,56,184,168,86,97,46,2
CRS3035RES200mN2886200E3770000,200,1402,575,52,173,45,286,90,42835759.6,36474,564,11,213,52,48,262,0,96,75.5,30.5,108.5,120.5,125,319,345,136,103,37,2
CRS3035RES200mN2886200E3770200,200,1337,664,62,299,28,285,80,41645065.1,37689,654,10,226,4,81,353,0,79,52,21.5,95,105.5,94.5,358,303,144,115,48,0.5
CRS3035RES200mN2886200E3770400,200,656,320,26,154,20,140,46,20737925.2,19076,285,35,228,1,2,89,0,53,27.5,16,49,62.5,49,156,160,73,44,18,1
CRS3035RES200mN2886200E3770800,200,413,192,29,93,15,77,22,11871092.9,11327,165,27,110,2,0,80,0,6,20.5,9.5,33,32,23,84,77,28,41,65,0
CRS3035RES200mN2886200E3772000,200,523,254,19,108,17,146,29,15802900.5,18447,213,41,33,7,115,99,0,66,10,8,21,40,41,85,100,79,95,44,0
CRS3035RES200mN2886200E3773000,200,450,215,13,98,10,120,22,13840711.2,13922,206,9,9,20,120,66,0,0,23,10,18.5,38.5,33,109,93,48,53,24,0
CRS3035RES200mN2886200E3776400,200,511.5,203,26,46,16,78,41,12242536.6,13839,157,46,1,23,13,166,0,69,35,19,38,41.5,34,136,109,49,36,13,1
CRS3035RES200mN2886200E3782200,200,338,155,96,68,17,0,6,4071543.7,2858,155,0,0,0,0,155,0,155,9,10,28,31,3,22,74,48,84,13,16
CRS3035RES200mN2886200E3782800,200,183,61,13,17,11,12,14,3461309.7,4233,49,12,0,0,0,61,0,48,10,8,20.5,28.5,12,34,39,26,3,2,0
CRS3035RES200mN2886400E3744400,200,564.5,230,9,81,36,156,13,23730835.3,21443,208,22,27,117,40,46,0,0,23,16,31.5,56,53,83,92,64,86,60,0
CRS3035RES200mN2886400E3744600,200,231.5,104,4,48,13,51,5,9721760.8,9730,73,31,26,32,5,41,0,38,12,6,19,22.5,13,58,43,21,29,8,0
CRS3035RES200mN2886400E3745400,200,319,103,13,27,22,80,3,10916286.6,8666,88,15,1,55,1,46,0,0,21,9,33,40,40,44,70,24,21,17,0
CRS3035RES200mN2886400E3753000,200,359,149,8,49,13,100,16,15954010.6,10752,119,30,10,3,10,126,0,0,15,8.5,34.5,37,26,75,102,38,19,3,1
CRS3035RES200mN2886400E3753200,200,1231.5,546,44,205,28,182,61,44839319.3,32690,545,1,13,0,0,533,0,199,80.5,48,95.5,91,74.5,324,308,103,95,11,1
CRS3035RES200mN2886400E3753400,200,544.5,210,25,59,21,58,28,16625225.9,12592,210,0,0,0,0,210,0,102,33,24,54,52,31.5,171,130,29,18,2,0
CRS3035RES200mN2886400E3753600,200,986.5,475,60,231,24,108,59,29254045.7,24380,475,0,0,0,0,475,0,96,50.5,16,55,79,104,295,227,104,50,6,0
CRS3035RES200mN2886400E3753800,200,736.5,310,40,112,30,89,48,21712667.8,19998,275,35,82,150,0,78,0,128,27,12.5,49.5,65,65.5,150,174,73,73,46,1
CRS3035RES200mN2886400E3754000,200,857.5,440,47,223,21,186,38,29249972.1,24003,405,35,219,98,52,71,0,61,46,18,34.5,50,73,277,176,87,63,31,2
CRS3035RES200mN2886400E3754200,200,1404.5,728,78,347,18,252,74,46665873.3,39093,707,21,330,88,17,293,0,261,71.5,38.5,63.5,76,81,388,319,155,156,56,0
CRS3035RES200mN2886400E3754400,200,1030,590,56,336,13,239,34,37485338.9,30521,572,18,305,39,95,151,0,36,42.5,27,43,54.5,64,349,206,82,119,43,0
CRS3035RES200mN2886400E3754600,200,730.5,351,19,139,13,117,21,29369017.2,21194,343,8,154,1,0,196,0,0,43.5,19,31,44,45,249,144,73,60,22,0
CRS3035RES200mN2886400E3754800,200,1035.5,437,27,145,27,2,66,31143743.4,33573,433,4,0,213,0,224,0,431,43,18.5,81,86.5,84.5,130,192,159,165,76,0
CRS3035RES200mN2886400E3755800,200,837.5,432,34,204,14,217,43,30438964.4,27383,363,69,207,66,93,65,1,60,24.5,20,35.5,60,61.5,196,175,86,131,48,0
CRS3035RES200mN2886400E3756000,200,1786.5,805,68,295,43,459,83,62554325,58838,798,7,9,32,665,98,1,151,72,35.5,89,153.5,130.5,303,340,245,303,114,1
CRS3035RES200mN2886400E3756200,200,1806,776,76,274,64,257,88,51316493.2,55831,775,1,72,0,465,238,1,376,68.5,33.5,103.5,168,148.5,347,363,255,277,42,0
CRS3035RES200mN2886400E3756400,200,588,284,42,124,17,0,64,11733980.1,16454,284,0,0,1,241,42,0,282,22,11,41,62,45,88,133,82,79,25,0
CRS3035RES200mN2886400E3758200,200,1116.5,588,41,303,23,225,46,42464528.3,34319,581,7,286,133,63,105,1,65,40,18.5,53,61.5,85.5,248,221,129,181,79,0
CRS3035RES200mN2886400E3758400,200,1176,652,74,349,16,307,47,47597792.7,37598,642,10,391,170,0,89,2,0,40,16.5,45,61,100.5,313,234,122,169,70,5
CRS3035RES200mN2886400E3760000,200,1727.5,914,95,452,32,362,103,54535934,53375,909,5,455,355,66,37,1,258,51,44,81.5,99.5,106.5,367,300,236,330,102,10
CRS3035RES200mN2886400E3760200,200,979.5,478,38,230,38,69,40,34515236.8,32086,472,6,138,0,265,74,1,259,20.5,19.5,59,75.5,74,191,180,130,172,58,0
CRS3035RES200mN2886400E3760400,200,1013,601,93,353,14,235,49,33691411.6,26879,591,10,405,38,47,111,0,44,28.5,15,34.5,48,100,314,181,111,132,48,1
CRS3035RES200mN2886400E3760800,200,2027.5,1044,118,501,50,396,103,65044223.3,62144,1044,0,144,610,254,36,0,387,71,42.5,101,147.5,141,410,411.5,236,335,132,0
CRS3035RES200mN2886400E3761200,200,1490,646,132,263,66,43,139,32488414.9,38268,646,0,0,307,8,330,1,560,60.5,36.5,104,159,104,207,306,209,185,116,3
CRS3035RES200mN2886400E3761400,200,2466.5,1184,181,550,82,99,194,61207253.5,63348,1180,4,401,272,397,113,1,844,106,53.5,138,187,185,541,504,324,288,124,16
CRS3035RES200mN2886400E3761600,200,1261,643,72,336,38,168,58,37014594.4,35019,609,34,112,24,233,274,0,272,38,27,55.5,88,91,259,249.5,193,195,65,0
CRS3035RES200mN2886400E3761800,200,1160,556,58,263,36,42,54,34743607.6,32320,555,1,107,0,299,146,4,410,44,27,65.5,90,74,231,275.5,145,158,49,1
CRS3035RES200mN2886400E3762000,200,696.5,392,53,222,14,94,35,22168382.7,18805,391,1,136,0,66,190,0,170,21.5,18,33,45,52,211,140,94,66,16,0
CRS3035RES200mN2886400E3762400,200,732.5,282,26,77,23,146,38,25193468.7,21184,282,0,0,0,0,282,0,90,28,19,37,65,71.5,144,144,139,74,11,0
CRS3035RES200mN2886400E3769600,200,724.5,349,26,147,12,214,32,25015224.6,21872,304,45,113,71,58,107,0,34,26.5,24.5,44.5,48,52,190,152,77,77,33,0
CRS3035RES200mN2886400E3769800,200,460.5,194,13,68,18,135,29,17504655.5,15447,134,60,109,1,51,33,0,9,18,8,26.5,54,35,72,117,63,53,14,0
CRS3035RES200mN2886400E3770000,200,1048.5,542,55,255,13,253,67,31077902.8,28480,502,40,205,98,62,177,0,51,55.5,22,62,65,56,302,243,122,89,31,1
CRS3035RES200mN2886400E3770400,200,905,430,24,172,20,168,52,30901610.5,27319,396,34,138,62,46,184,0,32,54.5,30.5,54,51,55,250,197,101,62,50,0
CRS3035RES200mN2886400E3770600,200,430,188,17,61,11,92,21,14694239.6,12495,179,9,106,51,0,30,1,2,26.5,14.5,31.5,25.5,31,99,96,41,42,22,1
CRS3035RES200mN2886400E3772000,200,505,208,15,60,16,117,32,16567124.7,14840,153,55,34,74,29,71,0,47,23.5,11.5,24,49,48,102,125,59,48,15,0
CRS3035RES200mN2886400E3773200,200,447,191,22,75,18,57,24,11214121.3,12128,170,21,8,84,53,46,0,76,23.5,9.5,30.5,39,43.5,106,71,54,56,14,0
CRS3035RES200mN2886400E3773800,200,292.5,97,2,18,13,84,6,10755366.3,9765,28,69,2,17,24,54,0,0,19,8,22.5,36,26,51,72,33,19,6,0
CRS3035RES200mN2886400E3776000,200,383,134,26,31,23,15,43,7179234.8,10180,118,16,3,3,84,43,1,112,26.5,15,46.5,46,34,78,72,35,25,4,1
CRS3035RES200mN2886400E3782600,200,278.5,119,11,45,12,37,21,5984727.7,7714,113,6,13,2,0,104,0,44,18,6,26.5,32,18,78,51,23,21,5,0
CRS3035RES200mN2886400E3782800,200,409.5,173,15,60,16,103,26,10770302,11670,142,31,3,4,1,165,0,0,33,9,31.5,25.5,25.5,138,79,44,21,3,0
CRS3035RES200mN2886600E3744000,200,334,147,9,62,15,111,10,14035964.1,13182,113,34,99,6,7,35,0,0,6,3,15,35,43,39,71,53,51,18,0
CRS3035RES200mN2886600E3753600,200,1451,577,49,179,48,116,69,47548512.7,35081,577,0,0,0,0,577,0,224,119,72.5,135,115.5,81,469,317,90,42,9,1
CRS3035RES200mN2886600E3754000,200,1233.5,544,50,209,34,159,63,40165121.2,32566,540,4,165,6,202,171,0,145,65,29.5,73,125,73,275,309,123,120,41,0
CRS3035RES200mN2886600E3754200,200,703,346,27,169,18,156,32,24690780.2,19871,303,43,148,47,80,71,0,77,40,21.5,40.5,37,58,175,137,66,69,59,0
CRS3035RES200mN2886600E3754400,200,1089,487,31,177,28,223,46,41143239.7,32348,475,12,52,11,237,187,0,126,80,27,58.5,70.5,73,248,228,104,146,54,0
CRS3035RES200mN2886600E3754800,200,792,438,30,230,14,179,30,33700573.6,26222,438,0,0,109,0,329,0,36,32,13,40,35,50,171,162,72,120,96,1
CRS3035RES200mN2886600E3755000,200,913,507,56,260,11,200,46,33584927.7,26194,498,9,278,29,37,163,0,52,43,17,27.5,50,63.5,289,195,88,104,36,0
CRS3035RES200mN2886600E3758000,200,1947.5,1111,143,626,36,328,108,60854085.7,51889,1102,9,655,286,48,118,4,302,77.5,32.5,83,96,125,585.5,395,216,239,98,0
CRS3035RES200mN2886600E3758400,200,1338,718,85,364,21,377,50,53093818.6,43222,697,21,262,220,158,78,0,15,53,18.5,45,72,115,284.5,253,164,233,100,0
CRS3035RES200mN2886600E3758600,200,1228,693,75,373,21,306,48,48056846.1,37446,685,8,523,17,100,53,0,0,44.5,18,32.5,51,93,386,226,133,176,67,1
CRS3035RES200mN2886600E3758800,200,1541.5,895,109,500,16,394,51,58524144.6,45391,879,16,609,95,131,56,4,0,50,21,60.5,72,95,526,254,161,201,99,2
CRS3035RES200mN2886600E3760000,200,1260,654,88,313,29,252,58,40534131.9,36323,652,2,217,162,105,170,0,233,37,17.5,53,73,78.5,264,217,179,229,105,7
CRS3035RES200mN2886600E3760200,200,962.5,485,90,229,21,78,88,23829756.3,24718,485,0,63,265,45,111,1,356,31,22,40,77,65.5,167,195,146,150,68,1
CRS3035RES200mN2886600E3761600,200,1180,649,76,352,22,149,60,34110213.5,32665,648,1,256,61,216,116,0,307,29.5,17.5,45.5,81,72,276.5,249,163,190,56,0
CRS3035RES200mN2886600E3761800,200,950,414,55,150,31,25,65,25687020.7,26939,413,1,95,0,153,166,0,319,38,14,54.5,81.5,79,200,202,149,110,19,3
CRS3035RES200mN2886600E3762000,200,424.5,154,23,43,25,27,30,10089911.8,9673,154,0,0,0,0,154,0,117,36.5,15.5,34.5,56.5,31.5,114,92,23,20,1,0
CRS3035RES200mN2886600E3762800,200,266,106,25,34,12,0,32,5168240.3,7291,106,0,0,0,0,106,0,106,7,3,9,23.5,41.5,38,48,57,26,13,0
CRS3035RES200mN2886600E3769800,200,669.5,298,42,115,20,162,30,20822709.8,18432,244,54,140,10,25,123,0,24,53.5,23,41.5,54.5,39,203,133,57,49,15,1
CRS3035RES200mN2886600E3770000,200,931.5,409,21,145,24,193,34,29745357.9,26296,377,32,113,65,50,181,0,34,60,28,67.5,69.5,60.5,230,205,78,85,46,2
CRS3035RES200mN2886600E3770200,200,459,198,16,75,13,106,22,14675038.4,13048,159,39,55,31,0,112,0,15,27,15,33,49,30,110,115,31,37,12,0
CRS3035RES200mN2886600E3772000,200,721,357,19,153,14,243,44,21651192.2,22393,331,26,43,244,2,67,1,13,39,20,50.5,37.5,44,162,160,73,87,48,0
CRS3035RES200mN2886600E3772800,200,663,287,10,82,13,240,32,21374004.3,20120,253,34,20,170,33,64,0,0,51,15,41.5,41.5,40,164,136,62,66,46,0
CRS3035RES200mN2886600E3776000,200,321.5,135,11,44,12,85,18,8532016.8,9563,80,55,20,17,7,90,1,0,25.5,10.5,19.5,20.5,28.5,106,57,19,30,5,0
CRS3035RES200mN2886600E3776800,200,312.5,101,16,26,22,0,21,5973674.8,6146,101,0,0,0,0,101,0,101,33,17,48.5,27,11,91,52,16,9,1,7
CRS3035RES200mN2886600E3782200,200,422,211,19,91,11,119,33,10350222.4,13682,176,35,19,52,17,123,0,45,27,8,17.5,27,23.5,101,81,50,60,27,0
CRS3035RES200mN2886600E3782400,200,285,103,6,19,12,75,8,7639419.5,8203,53,50,37,8,2,56,0,0,24.5,13,19,25.5,16,71,59,23,32,2,0
CRS3035RES200mN2886600E3782600,200,436.5,190,14,75,16,100,24,10259345.6,11583,141,49,44,2,10,134,0,24,44,16.5,32.5,28.5,30,148,84,20,26,7,0
CRS3035RES200mN2886600E3783600,200,564.5,200,39,47,29,53,42,11599193.5,14880,142,58,0,0,58,142,0,138,32.5,20,47,73,45,110,122,55,52,8,0
CRS3035RES200mN2886800E3753800,200,448.5,179,15,57,17,41,35,13472946.6,11572,179,0,0,0,0,179,0,102,14,10,33.5,71,30,86,120,52,26,5,1
CRS3035RES200mN2886800E3754000,200,1021.5,392,15,121,34,238,32,46754290.1,28639,388,4,26,1,0,365,0,7,59,27.5,84,123,75,216,285,86,55,11,0
CRS3035RES200mN2886800E3754200,200,669,375,52,221,16,62,35,19390058.1,17272,375,0,18,21,200,136,0,67,29,13,28.5,36.5,62,193,127,64,92,24,0
CRS3035RES200mN2886800E3754400,200,358.5,164,15,62,10,46,28,11356729.1,11639,164,0,0,95,10,59,0,95,11.5,4,18,33,32,54,75,60,47,24,0
CRS3035RES200mN2886800E3754600,200,600,284,22,116,11,163,26,22360869.6,18522,283,1,20,75,74,115,0,26,32.5,15.5,29,31,45,137,122,72,80,35,1
CRS3035RES200mN2886800E3754800,200,802,392,26,167,14,217,25,33137428.9,24780,389,3,17,46,58,271,0,32,45.5,16,38.5,53,41,199,187,81,98,43,0
CRS3035RES200mN2886800E3755000,200,567.5,267,12,98,11,137,24,22315655.5,17787,266,1,23,0,34,201,9,28,31,15,37.5,35.5,33.5,157,109,63,57,29,0
CRS3035RES200mN2886800E3756200,200,787,280,60,81,39,32,60,16985786.6,16135,280,0,25,81,0,174,0,234,46,29,76.5,95,48.5,162,165,78,61,19,7
CRS3035RES200mN2886800E3756800,200,1443,745,110,383,36,215,75,45973420.9,36945,734,11,361,161,2,221,0,227,65,25.5,67.5,112,91,350,339,180,162,49,2
CRS3035RES200mN2886800E3758200,200,1742.5,1117,110,696,15,392,63,64039473.9,51443,1094,23,663,113,229,108,4,21,55.5,23,46.5,54,112.5,612,316,202,237,83,1
CRS3035RES200mN2886800E3758400,200,1551,821,76,403,31,249,71,54954098.2,43517,815,6,582,78,67,94,0,67,72,41.5,66.5,74.5,92.5,503,266,171,179,82,3
CRS3035RES200mN2886800E3760000,200,1321.5,727,105,380,19,264,51,47425744.3,36909,723,4,252,140,73,262,0,29,43.5,16,63,80.5,94.5,384,253,136,200,51,0
CRS3035RES200mN2886800E3760400,200,851,483,50,261,16,243,27,34207780.5,25576,481,2,196,211,32,44,0,0,24,13,36.5,46.5,50,237,152,88,141,63,0
CRS3035RES200mN2886800E3760600,200,1133,662,77,398,24,229,49,42215765.2,31405,658,4,435,9,163,55,0,9,39,21.5,41.5,62,89,350,225,104,140,61,0
CRS3035RES200mN2886800E3761000,200,991.5,555,68,309,16,251,35,33802989.5,29256,553,2,287,62,120,86,0,87,29,13,48,53,51.5,256,164,118,175,77,7
CRS3035RES200mN2886800E3761200,200,1765,783,104,338,68,9,124,39816687.4,54121,783,0,149,0,573,61,0,765,67.5,39.5,86.5,164.5,105,265,307,245,386,97,2
CRS3035RES200mN2886800E3761400,200,1871,952,76,450,38,275,107,61745250.9,58266,951,1,68,56,768,58,2,537,60,26,79,113,106,334,389,249,374,127,14
CRS3035RES200mN2886800E3762000,200,503.5,208,33,74,14,91,33,14959819,14600,208,0,0,0,0,208,0,95,25.5,7.5,27.5,34,61,92,104,88,59,5,0
CRS3035RES200mN2886800E3762800,200,1562,596,45,151,61,79,95,53608522.3,44119,589,7,71,0,92,432,1,379,52,40,99,144.5,167.5,287,333,240,167,30,2
CRS3035RES200mN2886800E3770000,200,752,384,48,179,16,137,51,19946904.9,21519,375,9,4,147,122,111,0,129,37.5,19,39.5,53,33,202,147,74,105,42,0
CRS3035RES200mN2886800E3770200,200,1013.5,401,73,120,42,99,79,21920430,24131,385,16,234,49,42,76,0,235,55.5,37,67,100.5,79.5,227,202,107,100,31,7
CRS3035RES200mN2886800E3770400,200,1164,546,96,247,35,77,110,25319021.5,31711,538,8,5,233,170,138,0,426,52,19,73,122.5,90,205.5,242,174,138,47,1
CRS3035RES200mN2886800E3771600,200,767.5,362,46,148,20,158,41,21319174.7,20995,333,29,193,1,40,128,0,31,32,15.5,50.5,51,51.5,205,171,82,74,35,0
CRS3035RES200mN2886800E3776600,200,418,202,21,93,13,135,30,9323513.5,11451,190,12,0,77,30,95,0,20,32.5,9,25.5,29,31,143,70,51,19,8,0
CRS3035RES200mN2886800E3776800,200,484.5,197,19,63,19,131,23,11869167,11971,170,27,0,0,27,170,0,0,44.5,22,33,26,39,184,82,30,17,7,0
CRS3035RES200mN2886800E3782800,200,546.5,217,11,61,12,188,39,14232568.1,16855,205,12,10,0,2,205,0,0,32,22,58,51,29.5,151,127,35,37,4,0
CRS3035RES200mN2886800E3783800,200,316.5,108,4,18,12,67,22,8038258.3,8825,31,77,0,0,74,34,0,36,14.5,9,22.5,32,29.5,58,53,54,40,4,0
CRS3035RES200mN2887000E3752000,200,1306,498,32,141,50,180,56,49897634.3,33368,498,0,0,0,0,498,0,105,90.5,52,138.5,131,81,346,333,74,50,9,1
CRS3035RES200mN2887000E3752200,200,720.5,274,31,91,30,57,40,23490295.2,17028,274,0,49,0,0,225,0,185,54,40,73.5,66,53,202,166,36,27,2,1
CRS3035RES200mN2887000E3752400,200,1419,673,88,296,32,264,86,46740509.5,36130,672,1,243,21,8,401,0,150,81,25,82.5,117.5,94,388,301,165,134,31,0
CRS3035RES200mN2887000E3752600,200,1360,786,58,431,16,211,67,49160645.6,37629,776,10,352,16,86,332,0,15,63.5,21.5,46.5,72,71.5,504,296,103,125,57,0
CRS3035RES200mN2887000E3755000,200,1289,612,65,245,33,134,84,39676104.8,37975,612,0,54,298,0,260,0,350,50,29.5,81,98.5,84,241,303,140,193,68,1
CRS3035RES200mN2887000E3757000,200,1538.5,939,109,593,27,306,48,50381906.7,45314,934,5,244,117,348,230,0,319,61.5,21,48,60.5,80.5,407,294,176,255,135,0
CRS3035RES200mN2887000E3757600,200,2197.5,1062,149,500,52,135,124,55706331,57992,1051,11,277,202,519,62,2,282,96.5,44,99.5,173,162.5,461,422,274,359,99,7
CRS3035RES200mN2887000E3757800,200,1760,1064,148,638,24,379,52,59518355.5,45711,1045,19,703,67,165,128,1,32,65.5,27,62,74,99.5,637,323,179,224,67,2
CRS3035RES200mN2887000E3758000,200,1640,1003,145,617,23,351,80,51012900,39225,974,29,900,15,8,80,0,105,54,20,59.5,80.5,123,563,319,179,199,43,0
CRS3035RES200mN2887000E3758200,200,2304.5,1280,237,716,55,191,160,58591914.6,63209,1269,11,517,5,454,304,0,723,61.5,40.5,92,148.5,157,588,446,301,344,126,0
CRS3035RES200mN2887000E3758400,200,1106,642,71,374,18,240,37,39244724.6,30546,632,10,528,6,77,30,1,7,41,16,39,57,75,355,223,101,141,58,0
CRS3035RES200mN2887000E3759600,200,341,172,15,84,10,97,8,15504014,12061,167,5,26,23,51,72,0,18,11,6,9,29.5,31.5,64,56,33,69,32,0
CRS3035RES200mN2887000E3759800,200,938.5,515,49,260,14,243,42,37211389.6,32091,509,6,169,147,167,32,0,41,35,14,45,37.5,53,224,145,106,185,93,1
CRS3035RES200mN2887000E3760200,200,1542.5,890,100,516,25,446,59,63168884.4,49665,886,4,272,309,273,36,0,62,53,24.5,62.5,80.5,91,390,272,167,268,134,0
CRS3035RES200mN2887000E3760400,200,574,302,32,147,13,83,20,21787735,16473,300,2,222,3,1,76,0,0,19.5,10,19.5,26,40,171,104,77,84,23,0
CRS3035RES200mN2887000E3760800,200,1657,748,144,344,61,81,114,37171582.2,44620,747,1,181,121,0,444,2,562,60,32.5,110.5,161,113,292,327,220,228,112,1
CRS3035RES200mN2887000E3761000,200,1740,980,164,536,28,308,114,49194579.1,46768,980,0,634,204,99,43,0,383,67.5,36,58,86,93.5,484,325,218,251,111,10
CRS3035RES200mN2887000E3763200,200,963.5,597,80,371,13,235,36,31246493.9,24528,596,1,517,0,1,78,1,64,32,12,28.5,35,58,364,215,99,85,34,1
CRS3035RES200mN2887000E3763400,200,1962,1105,129,587,33,435,78,67456465.9,52405,1102,3,706,63,110,226,0,66,80.5,30,63,93.5,121,718,352,201,216,87,0
CRS3035RES200mN2887000E3763600,200,2696,1204,178,527,116,242,170,70745335,69253,1203,1,119,524,161,394,6,605,110.5,75,184,239.5,184,543,549,321,312,145,33
CRS3035RES200mN2887000E3763800,200,1355.5,714,70,362,33,277,57,49350287,39690,702,12,413,13,24,264,0,190,40,26,74.5,76,90,292,277,187,184,93,16
CRS3035RES200mN2887000E3764000,200,2054.5,1144,130,633,35,452,85,68612812.9,57567,1141,3,496,313,199,136,0,109,78.5,41.5,80,108.5,130,644,387,196,244,129,16
CRS3035RES200mN2887000E3764200,200,1813.5,889,62,382,44,457,75,67026602.7,55050,880,9,296,347,146,99,1,105,86.5,28.5,86,124.5,115,449,351,211,245,117,0
CRS3035RES200mN2887000E3764400,200,821.5,473,74,283,22,105,57,21386767,23161,470,3,77,339,0,57,0,237,23,7.5,36,70.5,37.5,158,160,116,143,69,1
CRS3035RES200mN2887000E3764600,200,1009.5,465,34,168,23,250,42,36754107.6,30620,463,2,66,343,0,53,3,39,47,26,43,78.5,71,215,228,107,128,66,0
CRS3035RES200mN2887000E3769000,200,544,244,26,85,11,108,31,18298593.6,17074,228,16,42,90,22,90,0,26,30,21,33.5,40,26.5,137,125,51,56,24,0
CRS3035RES200mN2887000E3769200,200,489,216,15,81,15,86,18,16815017.7,14876,158,58,126,3,5,82,0,28,16.5,13,31.5,46,44,104,120,51,45,18,0
CRS3035RES200mN2887000E3771600,200,420.5,225,21,123,11,90,26,13091553.3,14543,169,56,71,6,80,68,0,66,15.5,12.5,14.5,37,28,73,73,46,64,56,1
CRS3035RES200mN2887200E3752000,200,1387.5,534,42,147,63,145,78,46708261.8,35337,534,0,0,0,0,534,0,198,95.5,48,118,162.5,84.5,372,348,106,50,3,0
CRS3035RES200mN2887200E3752200,200,933,431,24,185,26,237,34,37875968.9,29945,431,0,0,0,24,406,1,69,56.5,26,48.5,74,53,184,216,82,108,85,0
CRS3035RES200mN2887200E3752400,200,937.5,467,52,230,23,141,37,32694381.3,23868,462,5,128,138,59,142,0,91,54,30.5,49,56,58,289,194,93,70,37,7
CRS3035RES200mN2887200E3752600,200,1208,629,61,302,25,312,60,46000802.9,34927,617,12,209,225,98,97,0,0,61,30,43,83.5,64.5,356,248,153,119,50,0
CRS3035RES200mN2887200E3755000,200,569.5,346,66,223,10,144,24,16998653.6,13449,344,2,94,102,0,150,0,104,27.5,12,27,25,30,201,116,48,62,19,2
CRS3035RES200mN2887200E3757000,200,1482,859,97,494,18,412,44,55276394.1,45022,829,30,361,194,218,86,0,17,66,22,56.5,56,83.5,424,267,169,236,102,0
CRS3035RES200mN2887200E3757200,200,1647,931,110,523,28,419,46,59567471.8,47279,921,10,515,78,132,206,0,40,51,21,62.5,90.5,110,463,338,198,211,102,0
CRS3035RES200mN2887200E3757600,200,1742.5,706,151,257,85,25,135,33205534.7,47794,706,0,9,0,629,67,1,512,69.5,57,126.5,188,110.5,277,325,221,287,66,15
CRS3035RES200mN2887200E3757800,200,1411.5,844,128,523,26,228,75,39865606.3,37719,842,2,512,0,247,83,2,80,44.5,12,50,49.5,123.5,454,243,185,198,52,0
CRS3035RES200mN2887200E3758000,200,1465.5,861,101,513,28,358,50,52914640.8,39913,853,8,529,129,51,143,9,104,47,25,39,69.5,105,449,273,175,223,59,1
CRS3035RES200mN2887200E3758200,200,1474.5,795,97,442,43,266,75,48557147.4,39971,779,16,489,14,159,133,0,11,42,23,54,92.5,134,419,281,198,181,50,0
CRS3035RES200mN2887200E3758400,200,1289.5,772,87,453,14,255,93,41230130.2,35801,763,9,515,118,67,72,0,138,54.5,17.5,44.5,59.5,90.5,356,243,147,203,73,1
CRS3035RES200mN2887200E3758600,200,1808,1120,123,678,19,283,78,63144939.4,47980,1113,7,953,16,94,57,0,16,70,26.5,48.5,65,109,629,353,180,240,87,0
CRS3035RES200mN2887200E3758800,200,962,481,47,231,20,202,44,38551576.6,28931,475,6,346,12,25,98,0,44,43.5,24,46,66.5,76,200,191,100,161,52,2
CRS3035RES200mN2887200E3760000,200,909.5,478,39,234,13,162,33,36055483.2,26243,471,7,258,107,0,112,1,5,45,9,27.5,59.5,78.5,241,176,103,125,45,0
CRS3035RES200mN2887200E3760200,200,1289.5,751,81,409,16,339,52,50904981.5,40810,742,9,546,56,72,76,1,38,37,14,40,53.5,99,406,224,133,210,73,0
CRS3035RES200mN2887200E3760400,200,1620,870,105,431,26,362,81,63788787.1,45109,858,12,783,19,24,43,1,0,64,27.5,71,94.5,133,421,304,175,244,86,0
CRS3035RES200mN2887200E3760600,200,1374,773,81,414,20,360,60,52468426.1,41799,767,6,468,66,52,186,1,50,35,14.5,46.5,92,93,343,274,163,221,92,0
CRS3035RES200mN2887200E3760800,200,1017,618,83,371,10,220,52,34808843.2,29465,617,1,362,15,29,212,0,59,27,13,16.5,48,91.5,300,197,136,152,35,1
CRS3035RES200mN2887200E3761000,200,834,479,56,269,11,129,43,26440298,21849,479,0,350,73,0,56,0,110,31,13.5,27.5,40,56,273,154,104,91,42,2
CRS3035RES200mN2887200E3763000,200,746.5,308,48,117,31,76,57,19031767.6,17241,308,0,121,0,0,168,19,133,38,21,46.5,80,77.5,169.5,153,70,72,18,1
CRS3035RES200mN2887200E3763200,200,1421,815,75,456,22,361,48,50123720,39215,808,7,468,70,152,125,0,9,54.5,22,61.5,53,68,534,255,131,182,60,0
CRS3035RES200mN2887200E3763400,200,1575,927,87,524,24,323,68,55242231.4,41658,924,3,733,121,0,71,2,32,59,17.5,58.5,71,104.5,555.5,318,141,146,104,0
CRS3035RES200mN2887200E3763800,200,1782,1052,93,592,14,374,74,65806404.8,52874,1048,4,799,23,110,120,0,52,61.5,26,46,88.5,93,578,380,180,205,124,0
CRS3035RES200mN2887200E3764000,200,1778.5,1006,97,558,28,285,82,56554392.6,46232,1006,0,622,98,36,250,0,222,79.5,30.5,69.5,88,118,591,377,177,157,91,0
CRS3035RES200mN2887200E3764200,200,1203.5,576,35,260,20,347,48,43394369.4,32085,572,4,193,323,9,50,1,12,85,25.5,53,86,82,303,262,115,116,76,0
CRS3035RES200mN2887200E3764400,200,1456.5,668,48,267,40,189,85,48137324,41469,660,8,189,133,208,138,0,212,56.5,35,82.5,113,116.5,337,309,203,159,45,0
CRS3035RES200mN2887200E3769400,200,345.5,145,5,46,11,95,11,11958450.1,10477,85,60,66,5,44,30,0,1,8,6,22.5,40,33,57,85,37,40,17,0
CRS3035RES200mN2887200E3771200,200,457.5,175,10,39,16,122,22,14278007,12955,84,91,92,26,3,54,0,30,26,11,36,41,26.5,87,119,53,40,18,0
CRS3035RES200mN2887200E3772800,200,352,135,18,52,20,57,20,8168437,8998,91,44,4,4,8,119,0,55,16,14,32.5,43.5,33,78,78,29,24,4,0
CRS3035RES200mN2887400E3744000,200,481,205,7,77,18,161,25,15242393.5,14852,158,47,0,148,0,57,0,0,22,11.5,34.5,38,44,91,98,57,49,36,0
CRS3035RES200mN2887400E3744200,200,931.5,392,33,147,41,135,63,25425773.4,27659,356,36,23,41,231,97,0,186,43,20,65,88,79.5,171,199,119,106,41,0
CRS3035RES200mN2887400E3752000,200,1545,683,65,257,46,123,72,44983189.9,42432,677,6,52,82,473,76,0,431,80,29.5,83.5,116,103,354,325,184,207,63,0
CRS3035RES200mN2887400E3752200,200,1041,487,47,203,31,212,67,37370162.9,29240,486,1,129,91,0,267,0,89,61,29.5,55.5,86,75,250,223,109,113,38,1
CRS3035RES200mN2887400E3752400,200,644,294,21,115,14,121,25,24797846.2,17987,290,4,81,53,34,126,0,48,40.5,16.5,41,36,44,186,127,59,68,25,1
CRS3035RES200mN2887400E3752600,200,958,511,61,258,22,190,44,35637964.9,27135,491,20,238,75,46,152,0,98,40.5,16,55,51.5,53,289,199,89,121,44,0
CRS3035RES200mN2887400E3752800,200,1497.5,742,127,359,46,162,89,42187187.2,39990,559,183,154,161,179,247,1,390,84,36.5,115.5,93.5,95,331,284,148,238,72,0
CRS3035RES200mN2887400E3755600,200,1240,648,62,323,27,352,34,47059861.5,36491,645,3,220,379,0,48,1,0,62,23.5,43,59,109.5,353,206,133,166,85,0
CRS3035RES200mN2887400E3755800,200,2243,1050,139,492,86,380,101,72460201,59725,1045,5,518,220,236,76,0,253,96,39.5,117,201.5,208,535,433,224,262,115,12
CRS3035RES200mN2887400E3757000,200,1289.5,708,66,386,27,336,53,48756963.7,42118,700,8,92,135,205,276,0,101,39.5,15,50.5,67.5,93,246,221,131,241,185,0
CRS3035RES200mN2887400E3757200,200,1291,707,49,369,23,381,35,54404056,44743,706,1,116,5,366,220,0,2,37,15,51.5,75.5,85,291,219,126,245,146,0
CRS3035RES200mN2887400E3757400,200,2712.5,1106,279,452,132,166,152,61946064,54642,1103,3,245,0,615,241,5,556,113,78,156,236,175,491.5,450,318,393,90,212
CRS3035RES200mN2887400E3757600,200,1157.5,469,65,172,53,16,82,26152439.7,29190,469,0,0,281,0,186,2,439,60,33.5,93.5,117.5,105,242,255,143,80,27,1
CRS3035RES200mN2887400E3758000,200,1660,753,100,318,63,117,119,47862948,49046,753,0,163,0,376,211,3,260,53.5,28.5,91,129.5,156.5,300,295,263,251,77,15
CRS3035RES200mN2887400E3758200,200,1721,806,107,364,62,151,121,54119182.5,50973,803,3,157,0,349,299,1,208,52.5,39,93.5,125.5,149.5,381,337,241,238,63,1
CRS3035RES200mN2887400E3758400,200,900,570,78,354,11,225,32,31365104,25215,564,6,367,37,136,30,0,21,27,8.5,22,30,53.5,309,154,87,149,60,0
CRS3035RES200mN2887400E3759800,200,575,275,29,126,17,100,27,20692669.4,19029,269,6,180,55,7,33,0,58,23.5,17,25,44.5,55,131,105,69,65,40,0
CRS3035RES200mN2887400E3760000,200,1190.5,675,98,374,16,316,42,47847907,33284,664,11,501,21,75,78,0,0,29,10.5,40.5,74.5,108,318,194,135,192,87,2
CRS3035RES200mN2887400E3760200,200,1405.5,794,90,429,21,320,59,56740381,42456,787,7,479,100,131,83,1,41,46.5,17.5,49,77,101.5,390,252,146,220,106,0
CRS3035RES200mN2887400E3760400,200,1250.5,730,91,412,12,268,64,48106896,36089,724,6,533,94,68,35,0,21,41,17.5,55,64,78,361,230,141,176,87,0
CRS3035RES200mN2887400E3760600,200,690,367,55,203,18,159,21,27228282.2,18314,366,1,242,28,59,38,0,25,25,10,28.5,49.5,55,177,138,69,113,25,0
CRS3035RES200mN2887400E3760800,200,1045,548,62,266,16,267,46,42353541.9,29156,542,6,455,29,10,53,1,0,42,18.5,59,64.5,77,267,197,109,154,57,0
CRS3035RES200mN2887400E3761000,200,1659,888,108,464,33,402,62,63043334,45655,868,20,691,97,40,60,0,0,96,38.5,65,76,118,489,305.5,151,223,96,1
CRS3035RES200mN2887400E3763000,200,1842,912,81,415,49,188,111,51697838.4,47427,909,3,515,23,217,156,1,227,90,41,86,105.5,118.5,506,373,189,241,83,9
CRS3035RES200mN2887400E3763200,200,1400.5,562,49,180,52,65,110,39246158.5,37920,560,2,111,306,46,99,0,381,50,31,84,159.5,106,254,298,169,164,74,11
CRS3035RES200mN2887400E3763400,200,1423.5,656,37,260,29,1,86,44994228.8,40199,656,0,14,309,20,313,0,278,77,28.5,79,101,112,374,297,166,139,50,0
CRS3035RES200mN2887400E3763600,200,1426,811,90,444,13,463,49,55973202,45216,811,0,158,278,182,193,0,0,53.5,22.5,59.5,66.5,104,321,239,142,205,213,0
CRS3035RES200mN2887400E3763800,200,581.5,325,23,170,12,130,24,22759062.9,18011,325,0,100,73,56,96,0,78,13,5,17,38.5,33,151,117,84,88,35,0
CRS3035RES200mN2887400E3764000,200,1243,671,30,344,22,329,39,50163345.7,38629,663,8,223,136,145,167,0,59,43,15.5,64,61.5,71,300,268,126,163,131,0
CRS3035RES200mN2887400E3764200,200,2075.5,1071,125,566,42,324,97,71043818.3,59481,1062,9,84,440,317,228,2,211,83,46.5,102,177,129,463,448,225,273,120,9
CRS3035RES200mN2887400E3766200,200,914.5,520,44,284,13,253,25,32657521.6,25618,502,18,196,96,153,75,0,0,38,18.5,39.5,40.5,46,277,206,91,104,54,0
CRS3035RES200mN2887400E3766400,200,1478,908,87,563,19,379,49,48758815.5,40957,885,23,756,4,108,39,1,8,56,29.5,55.5,61.5,59.5,483,298,121,181,133,0
CRS3035RES200mN2887400E3769200,200,788,365,47,144,21,163,50,22080859.8,21427,318,47,285,0,48,32,0,41,33,21.5,62.5,58,59,196,188,84,65,21,0
CRS3035RES200mN2887400E3769400,200,503.5,237,19,102,11,157,22,17255338,16003,210,27,52,1,132,52,0,5,24,11,32.5,45,35,76,120,76,64,20,0
CRS3035RES200mN2887400E3769800,200,341,119,17,23,15,28,24,8278191.8,8648,86,33,24,15,3,77,0,70,20,12,26,30,34,59,75,56,19,10,0
CRS3035RES200mN2887400E3771200,200,728,324,37,121,15,169,44,20953175,18544,274,50,115,10,47,152,0,30,46.5,21.5,51.5,62.5,36,207,155,66,68,14,0
CRS3035RES200mN2887400E3772200,200,617.5,293,31,122,10,120,38,18410910.2,17078,268,25,47,69,1,176,0,22,40,24.5,40.5,41.5,37,201,124,54,36,18,1
CRS3035RES200mN2887400E3772600,200,582,189,30,29,31,47,40,12886656,14285,138,51,21,12,14,142,0,137,71,33.5,64,48,36.5,157,96,30,27,11,8
CRS3035RES200mN2887600E3744000,200,355,156,16,68,13,84,12,10002238.8,10765,135,21,8,43,73,32,0,50,14.5,7.5,22.5,33.5,30,72,68,36,48,22,1
CRS3035RES200mN2887600E3752000,200,692,318,20,128,14,108,36,26190372.2,19020,317,1,39,28,163,88,0,71,36.5,20,32.5,52.5,53.5,180,137,66,80,34,0
CRS3035RES200mN2887600E3752200,200,1079,567,42,265,24,169,63,37892652.6,31102,565,2,234,40,67,225,1,98,44,25,55.5,52.5,78,305,203,131,127,57,1
CRS3035RES200mN2887600E3752400,200,853.5,410,39,178,23,196,37,32918840,24822,397,13,189,125,54,40,2,19,55,26,46.5,50,45,272,164,75,75,45,0
CRS3035RES200mN2887600E3752600,200,1326,682,58,341,33,343,68,50325858.9,37905,674,8,192,266,156,67,1,62,72,36,70,82.5,96.5,357,282,123,131,76,0
CRS3035RES200mN2887600E3752800,200,1298,735,90,410,17,206,78,38820734.7,35809,728,7,340,44,119,232,0,249,54.5,22,66,78,63.5,389,260,149,160,55,1
CRS3035RES200mN2887600E3755600,200,1694,889,107,467,52,287,76,52519538.1,48096,889,0,227,354,264,44,0,187,45,35,105,94.5,129.5,419,333,178,202,144,9
CRS3035RES200mN2887600E3755800,200,1374.5,702,92,379,56,163,69,41433610.4,33485,701,1,451,71,0,180,0,50,44,22.5,84.5,111,111.5,452,279,131,105,32,2
CRS3035RES200mN2887600E3757000,200,1477.5,774,79,380,31,278,72,50415456.1,44231,771,3,201,197,192,184,0,277,51.5,34,59,101.5,89.5,302,301,159,250,129,1
CRS3035RES200mN2887600E3757200,200,1219,692,62,384,18,319,42,44831775.8,37864,689,3,210,144,142,196,0,20,47,14,42,62.5,78.5,374,199,131,182,89,0
CRS3035RES200mN2887600E3757400,200,1514.5,726,118,338,52,98,111,41785306.9,43186,726,0,157,74,138,357,0,474,56,27.5,89.5,139,104.5,274,298,192,242,82,10
CRS3035RES200mN2887600E3757600,200,1154,482,69,173,45,60,85,29768468,34570,482,0,0,0,273,209,0,271,34,26.5,71.5,122,74,182,223,189,198,25,9
CRS3035RES200mN2887600E3757800,200,203.5,67,12,16,12,5,14,4524981.8,4262,66,1,12,0,0,55,0,55,14,7,17,21.5,27,49,47,14,5,2,0
CRS3035RES200mN2887600E3759400,200,518.5,249,32,113,12,109,25,20978766.4,16373,239,10,194,0,10,45,0,34,10,8,34.5,45.5,47.5,100,106,52,69,46,0
CRS3035RES200mN2887600E3759600,200,1051.5,569,82,304,20,197,44,39371410.3,30460,562,7,310,92,43,122,2,103,38,11,46.5,75,79,248,215,100,178,61,0
CRS3035RES200mN2887600E3760200,200,1304.5,721,97,382,25,281,58,55223279.7,41015,704,17,629,15,5,72,0,5,42.5,22.5,47,71.5,100,289,248,180,236,68,0
CRS3035RES200mN2887600E3760400,200,857.5,494,88,283,18,147,43,30313806.6,22783,489,5,410,11,5,65,3,35,27,7,38.5,54,73,221,154,112,130,41,0
CRS3035RES200mN2887600E3760800,200,1440.5,755,89,391,35,101,95,43888532,46314,752,3,228,387,6,134,0,498,22.5,26,68,116,121,226,269,201,261,130,0
CRS3035RES200mN2887600E3761200,200,1289.5,748,116,449,33,140,59,36289017,36230,748,0,300,68,175,205,0,360,19,19.5,58.5,96.5,106,284,223,131,232,120,0
CRS3035RES200mN2887600E3763000,200,1374.5,639,35,244,33,220,67,48865765.6,38506,639,0,208,123,105,203,0,86,57,23,68,80.5,95,394,251,174,169,61,2
CRS3035RES200mN2887600E3763200,200,1158,553,66,249,37,136,66,34077173.1,32846,552,1,169,0,97,287,0,245,26,13.5,50,60.5,100,290,164,194,160,84,16
CRS3035RES200mN2887600E3764200,200,1512,835,113,451,32,214,104,48240440.2,43948,831,4,601,21,168,45,0,353,51.5,24.5,72.5,107,81,322.5,315,204,253,81,0
CRS3035RES200mN2887600E3764600,200,1655.5,905,83,471,31,386,64,60637514.5,51348,891,14,412,259,158,76,0,136,58.5,39,63.5,89,85.5,405,348,191,235,141,0
CRS3035RES200mN2887600E3764800,200,1570,645,93,251,66,63,96,37492420.1,40789,642,3,443,155,0,47,0,527,78.5,46,101.5,159.5,105.5,270,322,176,209,86,16
CRS3035RES200mN2887600E3766000,200,826,321,20,106,44,139,31,27342534,21237,318,3,190,88,1,42,0,75,50,25.5,69.5,96,51,197,190,72,41,32,2
CRS3035RES200mN2887600E3766200,200,1181,600,96,291,20,296,56,39171084.9,31875,578,22,345,89,29,137,0,84,62,22,77,72.5,81.5,335,229,131,118,53,0
CRS3035RES200mN2887600E3766600,200,1204,618,41,273,23,286,65,44508940.9,34946,604,14,494,10,9,105,0,30,46,29.5,63,67.5,73.5,334.5,241,161,131,56,1
CRS3035RES200mN2887600E3766800,200,915,496,46,257,13,215,42,33244234.7,26615,481,15,350,35,65,46,0,0,49,18.5,52,42.5,51,253,203,86,113,47,0
CRS3035RES200mN2887600E3767200,200,481,238,24,111,14,137,10,17477634.7,17459,217,21,115,64,27,32,0,0,16,6,15,37,46,84,102,65,70,38,2
CRS3035RES200mN2887600E3767600,200,1597,778,52,344,30,444,65,52051703.9,48814,766,12,95,139,500,44,0,174,69,41,84.5,118.5,92,283,369,204,251,85,0
CRS3035RES200mN2887600E3767800,200,761.5,335,29,125,20,151,39,23446910,19806,334,1,80,92,104,58,1,68,45,24,54.5,59.5,50,179.5,173,69,75,32,0
CRS3035RES200mN2887600E3769000,200,671.5,249,23,65,27,70,43,18293514,17582,200,49,68,48,3,130,0,152,34,21,58,81.5,54,128,180,67,31,17,0
CRS3035RES200mN2887600E3771200,200,432.5,176,10,60,20,87,19,12500858.4,11328,108,68,83,6,8,79,0,11,23,10.5,32,35.5,43.5,107,91,41,32,17,0
CRS3035RES200mN2887600E3771600,200,484,240,27,109,12,107,26,13343702.2,12967,193,47,128,17,4,91,0,15,31,9,27,39,26,129,106,58,42,17,0
CRS3035RES200mN2887600E3772200,200,682.5,281,31,89,22,71,32,18355726,17049,249,32,77,12,30,162,0,119,49.5,27.5,65.5,55.5,45.5,200,159,38,34,8,0
CRS3035RES200mN2887800E3744000,200,593.5,301,27,141,12,125,42,17291830.8,18778,271,30,20,100,139,42,0,113,19,18,35,44.5,33,118,120,68,92,45,1
CRS3035RES200mN2887800E3752000,200,561,251,24,115,31,125,20,24654810.8,17877,207,44,146,4,17,84,0,0,20.5,11,28,46.5,65,119,127,57,67,20,0
CRS3035RES200mN2887800E3752200,200,1369,729,74,392,35,357,57,51523706.1,37626,692,37,444,128,30,127,0,0,45.5,31,51.5,98.5,117.5,430,280,128,125,62,0
CRS3035RES200mN2887800E3752400,200,763.5,361,38,161,22,112,38,25239659,19767,347,14,212,54,1,93,1,69,49,19,46.5,53,52,222,168,60,63,31,0
CRS3035RES200mN2887800E3752600,200,914,457,55,216,21,214,37,33980943.8,24960,418,39,321,71,1,63,1,15,40.5,20,46,53.5,78,303,165,82,92,34,0
CRS3035RES200mN2887800E3752800,200,263.5,115,11,48,13,58,4,10510895.7,8177,96,19,53,6,1,55,0,0,14,3,23,24.5,24,52,66,18,21,18,0
CRS3035RES200mN2887800E3755000,200,708,403,84,234,14,78,25,18995592.2,17383,403,0,334,0,0,67,2,82,26,17,22,33,59,225,131,70,87,37,1
CRS3035RES200mN2887800E3755200,200,1519,747,75,343,36,283,80,53170862.1,46042,738,9,331,149,118,149,0,141,74,35.5,69,112,98.5,367,256,173,229,103,2
CRS3035RES200mN2887800E3755600,200,996.5,490,67,229,28,169,61,30736349.2,29712,489,1,223,10,105,150,2,136,47.5,18,47,59.5,86.5,270,180,118,116,54,0
CRS3035RES200mN2887800E3755800,200,1405,833,106,501,21,324,38,49858815.9,38095,823,10,514,238,1,80,0,25,68,17,38.5,47,135.5,527,217,132,161,55,7
CRS3035RES200mN2887800E3757000,200,1050,558,63,279,16,214,52,40292817.4,33631,549,9,207,187,64,100,0,114,47,26,42,67.5,54.5,225,215,118,175,80,0
CRS3035RES200mN2887800E3757200,200,1706.5,912,131,463,32,177,98,51811525.4,46039,906,6,567,215,49,77,4,258,70,31,80.5,102.5,97.5,469,310,216,202,127,1
CRS3035RES200mN2887800E3757400,200,1615,846,119,444,36,164,117,47819152.6,50132,844,2,224,155,328,139,0,491,51,36.5,87.5,143,100,322,324,197,261,93,0
CRS3035RES200mN2887800E3757600,200,1646,829,58,371,31,152,80,75812389.1,51995,827,2,265,15,175,374,0,173,73.5,29.5,77.5,93.5,128,330,389,259,191,75,0
CRS3035RES200mN2887800E3759200,200,1097.5,590,63,313,31,291,35,53458413.5,41314,564,26,532,9,9,40,0,0,29,22,47,64.5,85,209,201,126,200,114,0
CRS3035RES200mN2887800E3759600,200,1380,671,64,309,41,364,53,68713089.3,51057,645,26,384,218,5,64,0,15,48,25.5,68,112.5,120,212,270,175,212,136,1
CRS3035RES200mN2887800E3759800,200,809.5,430,55,223,10,170,33,33049624.8,24660,416,14,352,28,0,50,0,15,35,11.5,30.5,51,64.5,187,159,97,125,49,0
CRS3035RES200mN2887800E3760200,200,548.5,316,45,179,10,99,29,20322978.7,15706,311,5,235,0,15,65,1,30,12,3.5,25,35,53,114,119,68,82,37,0
CRS3035RES200mN2887800E3760400,200,1378.5,744,78,406,26,186,60,47868282.2,38637,742,2,504,35,97,108,0,44,57,18.5,70,88,117,386,280,136,163,62,1
CRS3035RES200mN2887800E3760600,200,1695,964,130,523,21,361,102,64143168.7,51258,956,8,832,21,74,36,1,175,51.5,25,48,103.5,126,422.5,305.5,187,280,145,1
CRS3035RES200mN2887800E3763200,200,1096.5,571,70,275,15,225,69,33699981.7,28276,571,0,196,235,48,92,0,43,48,24,44,62,84.5,322,208,103,123,64,14
CRS3035RES200mN2887800E3763400,200,919.5,477,37,219,15,260,25,36071328.8,26827,476,1,201,113,86,77,0,10,41.5,20,34,56.5,45,248.5,161,84,157,72,0
CRS3035RES200mN2887800E3763600,200,1851.5,1000,77,511,31,499,80,71311433.8,56856,1000,0,476,0,146,377,1,53,71,34.5,84.5,111,96,465.5,354,199,306,130,0
CRS3035RES200mN2887800E3763800,200,1050.5,491,47,200,32,183,52,39969798.1,31349,479,12,192,41,74,184,0,81,37.5,24,49.5,89,88.5,216,191,147,161,47,0
CRS3035RES200mN2887800E3764000,200,1451,785,82,400,31,284,82,53189812.5,46106,772,13,220,379,9,173,4,187,39.5,21,63.5,97,94,321,262,171,227,153,2
CRS3035RES200mN2887800E3764200,200,1201,624,54,275,14,278,46,48043833.7,35753,607,17,461,84,13,66,0,35,55,22.5,48.5,54,63,335,219,146,171,87,0
CRS3035RES200mN2887800E3764400,200,1217,652,81,347,24,231,56,40787961.6,32115,647,5,464,25,99,63,1,132,58,20.5,53,84.5,65,362,237,126,156,55,0
CRS3035RES200mN2887800E3764600,200,2059,1164,129,656,47,526,67,71329913.9,58191,1146,18,438,244,230,252,0,49,86,37.5,84,83,125.5,591,410,229,296,109,8
CRS3035RES200mN2887800E3764800,200,1349,579,79,226,63,110,97,33465690,34834,572,7,358,157,0,64,0,363,68,28.5,92,130,92.5,275,278,160,150,65,10
CRS3035RES200mN2887800E3766200,200,919,463,36,220,14,232,46,31757246.4,25853,441,22,262,2,78,120,1,53,38,15.5,47,66.5,77,202,223,109,98,43,0
CRS3035RES200mN2887800E3766400,200,938,460,34,205,19,203,43,35257829.1,27092,436,24,304,49,25,81,1,22,67,20.5,42.5,54,58,263,189,86,112,46,0
CRS3035RES200mN2887800E3766800,200,923,464,36,224,22,241,40,33920020.8,27147,456,8,286,70,42,66,0,25,38,34.5,68,61.5,47,261,198,70,93,51,1
CRS3035RES200mN2887800E3767200,200,1285.5,684,61,360,30,362,63,46018257,38820,633,51,220,180,240,44,0,61,37,25,60,92.5,97,246,305,151,175,97,0
CRS3035RES200mN2887800E3767400,200,1140,579,74,279,24,148,79,30749287.5,30813,551,28,421,40,67,49,2,302,45,19.5,70.5,85,83,241,269,156,111,60,0
CRS3035RES200mN2887800E3767800,200,1004,443,27,167,22,228,42,34804171.2,29193,423,20,70,97,153,122,1,55,51.5,30,72.5,85,59,177,244,111,112,62,0
CRS3035RES200mN2887800E3771600,200,353.5,139,10,40,14,83,20,10337754.3,9868,75,64,73,26,6,34,0,28,19,8,30.5,38,27,64,82,31,36,18,0
CRS3035RES200mN2887800E3772200,200,368.5,144,17,51,16,65,17,8812883.7,9438,83,61,85,6,0,52,1,25,25.5,12,31,30,29,94,86,36,15,10,0
CRS3035RES200mN2887800E3772800,200,922.5,466,89,237,25,97,61,20311518.5,21879,466,0,0,0,0,466,0,225,69,28.5,56,66.5,90.5,337,167,64,39,4,1
CRS3035RES200mN2888000E3732000,200,257.5,79,3,6,16,54,12,7320858,8111,13,66,5,0,21,53,0,17,12,6,24.5,37,24,41,63,28,16,5,1
CRS3035RES200mN2888000E3732200,200,273,93,2,14,20,46,13,7180504.6,9062,9,84,12,0,33,48,0,35,9,15,26,34,16,39,51,30,48,5,0
CRS3035RES200mN2888000E3752000,200,944.5,458,50,209,31,205,45,35269964.6,26357,447,11,152,9,161,136,0,42,54.5,19,47,61,81,251,181,101,108,40,1
CRS3035RES200mN2888000E3752200,200,664.5,314,24,136,15,170,25,29933549,21219,313,1,20,19,0,275,0,42,18,17,36.5,39.5,56.5,122,154,85,90,45,1
CRS3035RES200mN2888000E3752400,200,874,404,31,181,30,179,30,32714299,23474,397,7,168,154,12,70,0,31,64,17.5,47.5,53.5,78.5,257,169,72,73,40,2
CRS3035RES200mN2888000E3752600,200,873,426,37,199,28,244,36,35049498.2,26830,396,30,114,192,2,118,0,12,41,15.5,53,58.5,63,235,160,89,99,59,0
CRS3035RES200mN2888000E3752800,200,665.5,329,42,153,14,150,25,23952613.9,18468,304,25,147,43,23,115,1,28,47,19,38,38.5,38,211,141,64,47,22,0
CRS3035RES200mN2888000E3753000,200,1240.5,650,43,327,25,364,40,52080036.9,40205,632,18,168,85,117,280,0,0,51,19,51.5,75.5,89.5,329,256,146,156,67,0
CRS3035RES200mN2888000E3753200,200,812.5,379,39,165,27,197,29,29956757,22832,376,3,119,158,23,79,0,8,28,25.5,45,69.5,57.5,192,168,74,109,44,0
CRS3035RES200mN2888000E3753800,200,1539.5,870,119,482,21,338,66,57879397.9,44008,834,36,615,178,16,60,1,29,66.5,24.5,58,83,107.5,452,324,154,185,84,1
CRS3035RES200mN2888000E3755000,200,816,331,22,115,41,29,40,29033598.2,23543,331,0,0,0,175,156,0,199,31.5,22,46,94.5,77.5,110,203.5,130,79,21,1
CRS3035RES200mN2888000E3755200,200,1374,606,63,242,54,257,69,50304414.7,47645,598,8,0,47,397,159,3,19,47,29.5,56.5,130,125,189,258,147,216,174,2
CRS3035RES200mN2888000E3755400,200,1255.5,621,63,287,36,232,47,45595895.1,38540,619,2,114,329,32,144,2,92,62.5,29,48,96.5,76.5,303,245,117,167,111,0
CRS3035RES200mN2888000E3755600,200,1531,829,75,399,14,318,68,60290756,46173,825,4,416,176,136,95,6,51,86.5,39,51,61,96,490.5,261,164,208,74,0
CRS3035RES200mN2888000E3755800,200,1711.5,846,96,397,42,209,96,58322419.9,47812,840,6,476,303,0,67,0,287,76,47,88,137,114.5,406,352,182,189,119,1
CRS3035RES200mN2888000E3756000,200,2208,973,117,427,98,245,126,72593908.4,60470,972,1,94,113,59,707,0,562,82.5,41,118.5,211,218.5,459.5,456,277,251,89,4
CRS3035RES200mN2888000E3756200,200,1015.5,559,55,300,12,167,54,36641600.4,32849,550,9,285,148,51,75,0,253,43.5,18.5,41,65,54.5,209,204,130,167,83,0
CRS3035RES200mN2888000E3756400,200,1359,701,69,366,43,271,47,58063043.1,38987,695,6,357,59,95,189,1,30,59,34.5,59,94.5,120,379,280,135,150,48,0
CRS3035RES200mN2888000E3756600,200,1760.5,943,85,486,32,381,69,69602741.7,51157,935,8,774,40,29,99,1,19,67.5,34,78.5,104.5,132,536,335,164,219,89,1
CRS3035RES200mN2888000E3756800,200,1364,703,65,347,40,304,48,55895638.6,40619,693,10,474,98,28,102,1,56,54.5,22,49.5,94.5,113.5,364,246,146,198,76,0
CRS3035RES200mN2888000E3757000,200,1366,729,90,397,32,285,54,48791595.1,36872,726,3,515,68,77,68,1,61,71,38.5,62,87,80.5,401,261,135,156,74,0
CRS3035RES200mN2888000E3757400,200,397.5,230,25,139,10,81,10,16865890.5,13201,222,8,108,0,65,57,0,0,9,4,13,27.5,36,98,78,46,55,31,0
CRS3035RES200mN2888000E3757600,200,1278.5,694,67,357,20,191,54,52486209.8,38688,676,18,354,240,60,39,1,38,63,25,45,78.5,74,372,234,130,180,77,0
CRS3035RES200mN2888000E3760200,200,1157.5,672,102,397,23,261,36,45928412,38268,664,8,324,7,126,214,1,67,29.5,17.5,50,67,82.5,264,232,132,201,82,0
CRS3035RES200mN2888000E3760400,200,1178.5,690,112,398,19,236,69,43132409.2,33572,684,6,480,102,33,75,0,94,34,15.5,44.5,77.5,116,307,231,126,155,70,2
CRS3035RES200mN2888000E3760600,200,1528,853,87,464,30,393,52,63343863.9,44798,842,11,715,95,8,34,1,23,52,23,55.5,79.5,102,400,276,195,227,115,3
CRS3035RES200mN2888000E3762200,200,665,302,39,115,23,107,30,26528690.6,23295,286,16,227,23,0,52,0,50,22,12,29.5,59.5,50,131,134,84,98,44,1
CRS3035RES200mN2888000E3762400,200,1417,606,62,223,52,109,74,45462267.3,39437,604,2,295,0,0,309,2,283,46,34,99.5,140.5,126,303,316,160,163,21,8
CRS3035RES200mN2888000E3762600,200,1657.5,969,176,589,35,224,84,44347550.4,38200,965,4,894,0,13,61,1,414,57.5,16.5,57.5,85.5,102.5,510,363,214,177,57,17
CRS3035RES200mN2888000E3762800,200,1577,918,100,516,18,404,58,56944165.1,41905,915,3,806,44,0,67,1,50,62,18,64.5,65.5,85,573,295,165,175,74,0
CRS3035RES200mN2888000E3763000,200,2080,1124,183,655,61,258,110,57414348.8,52597,1120,4,493,462,0,129,40,519,84.5,27,94.5,151,134,574,422,232,236,107,18
CRS3035RES200mN2888000E3763200,200,1893,1060,84,539,18,563,71,75155668,61900,1056,4,343,91,485,141,0,12,71,26.5,62.5,90,106,461,356,230,334,156,0
CRS3035RES200mN2888000E3763400,200,814.5,372,47,164,32,79,55,22259037.4,21569,371,1,37,188,85,61,1,222,30,23,48,72.5,52,169,152,101,107,46,14
CRS3035RES200mN2888000E3763600,200,1645.5,901,88,474,34,281,63,56364756.4,44380,898,3,751,58,0,90,2,80,58,26.5,74.5,79,123.5,530,310,187,177,78,2
CRS3035RES200mN2888000E3763800,200,1033.5,540,44,263,21,248,34,44397750.2,34110,533,7,298,111,0,129,2,0,52,20,43,50.5,63,244,202,110,177,71,1
CRS3035RES200mN2888000E3764000,200,918.5,468,44,231,15,184,41,36259042.1,25959,459,9,329,78,19,40,2,12,47.5,19,36.5,63.5,70,257,178,92,103,52,0
CRS3035RES200mN2888000E3764200,200,1079.5,636,49,354,12,344,37,42292590.1,34649,632,4,378,22,104,131,1,0,40.5,13,30,50,48,330,196,88,186,98,0
CRS3035RES200mN2888000E3765600,200,1132,659,77,385,13,322,53,35984183.3,29987,643,16,458,55,94,52,0,59,52.5,18,50,64.5,64,354,218,129,121,60,1
CRS3035RES200mN2888000E3765800,200,1009,540,76,288,19,149,72,25321759.2,24722,534,6,374,84,11,70,1,202,48,27,38,59,65,273,195,124,126,44,10
CRS3035RES200mN2888000E3766000,200,842.5,434,78,238,22,95,57,19530902.6,20237,418,16,254,8,0,170,2,159,38,16.5,56.5,76.5,52,187,180,82,85,52,17
CRS3035RES200mN2888000E3766600,200,1327,673,42,321,23,403,46,48577684.3,40522,639,34,297,46,251,77,2,8,71.5,29,76,65.5,71,333,243,157,169,108,4
CRS3035RES200mN2888000E3766800,200,1035,518,24,232,22,306,38,38333871.4,34967,510,8,72,56,356,34,0,72,49,26.5,49,68.5,52,182,202,116,175,115,0
CRS3035RES200mN2888000E3767200,200,1125.5,522,47,227,34,275,55,38590643,30918,444,78,339,17,50,115,1,9,52.5,28.5,69.5,111,75,250,282,129,97,31,0
CRS3035RES200mN2888000E3767400,200,823.5,424,50,223,16,184,42,23726512,21475,377,47,231,137,24,32,0,27,36,19.5,43.5,58.5,49,224,189,87,68,33,16
CRS3035RES200mN2888000E3767600,200,1019,487,57,226,21,257,54,31134548.4,25971,422,65,224,29,37,197,0,49,34,18.5,75,80,78.5,221,248,127,87,36,14
CRS3035RES200mN2888000E3769600,200,301.5,103,18,27,19,12,20,6585496.9,7982,90,13,1,6,43,53,0,85,17,4,15.5,51,28,39,70,40,30,0,7
CRS3035RES200mN2888000E3773400,200,458.5,195,15,65,15,98,18,11587778.1,11178,185,10,13,1,5,176,0,0,45.5,15,18,27,23,164,85,45,28,8,0
CRS3035RES200mN2888000E3773600,200,670,249,42,73,32,106,42,14122232.9,17582,226,23,11,1,158,75,4,109,56.5,27,58,65.5,49,161,134,58,49,12,0
CRS3035RES200mN2888000E3773800,200,854,360,51,128,29,233,63,19880137.6,23952,346,14,41,31,197,90,1,49,40.5,32,79,81,59.5,191,186,72,88,25,0
CRS3035RES200mN2888200E3732000,200,556.5,203,24,69,28,56,20,11756853.1,13153,123,80,0,0,0,203,0,127,51,19,33,59,52,121.5,114,79,21,4,3
CRS3035RES200mN2888200E3732200,200,336.5,96,9,5,24,18,19,7267177.5,9128,0,96,0,0,14,82,0,78,17,16,36,48,25.5,49,76,34,26,9,0
CRS3035RES200mN2888200E3752000,200,1109.5,534,39,251,36,196,52,43540029.1,33420,523,11,49,42,186,255,2,84,35,22,50.5,86.5,101.5,283,224,158,116,32,1
CRS3035RES200mN2888200E3752200,200,697.5,354,27,173,15,95,29,28145866.3,21408,354,0,0,42,0,312,0,47,28,12.5,45,39,43,193,149,65,83,40,0
CRS3035RES200mN2888200E3752400,200,1379.5,700,73,322,33,371,50,59326352.3,49537,697,3,262,39,232,167,0,3,53.5,28.5,51.5,76.5,115.5,322,245,151,217,119,0
CRS3035RES200mN2888200E3752600,200,513.5,253,19,124,17,138,22,20017872.6,16235,247,6,33,180,6,33,1,0,26,11,28,36,50.5,116,106,53,55,32,0
CRS3035RES200mN2888200E3752800,200,1189.5,572,53,250,24,274,66,45977917.7,34179,553,19,392,68,3,109,0,0,67,32,67.5,77,91,325,243,113,112,61,1
CRS3035RES200mN2888200E3753000,200,1132,578,52,276,28,314,32,42830505.1,34940,570,8,123,305,72,78,0,24,48,26,50.5,74.5,71,286,207,131,161,77,0
CRS3035RES200mN2888200E3753200,200,676.5,341,29,166,19,134,25,24017022,20011,331,10,227,78,0,36,0,75,40,22,36,37.5,41,141,151,71,86,51,0
CRS3035RES200mN2888200E3753600,200,1305.5,639,78,293,41,244,76,46171080.2,42680,633,6,223,154,202,59,1,135,47,17,58.5,99,116,226,276,181,207,78,0
CRS3035RES200mN2888200E3755200,200,833.5,352,59,127,39,8,74,19220085.5,23600,352,0,27,2,256,67,0,47,28.5,22,49,86,90.5,126,165.5,128,117,18,3
CRS3035RES200mN2888200E3755400,200,2208.5,986,75,391,66,293,90,86293002.5,61003,983,3,115,639,16,214,2,27,123,71.5,131.5,182,162.5,502,454,225,246,109,2
CRS3035RES200mN2888200E3755600,200,1592.5,764,83,366,49,113,86,48022909.7,41163,760,4,350,237,0,175,2,229,92.5,48,104,133,122,437,323,141,115,76,1
CRS3035RES200mN2888200E3756200,200,1214.5,665,62,363,30,271,36,49322162.6,37117,657,8,235,342,23,63,2,8,47.5,20.5,41,72.5,94,345,224,140,142,88,0
CRS3035RES200mN2888200E3756400,200,1087.5,634,44,365,13,143,34,37670727.3,31020,634,0,496,0,71,67,0,258,53,9,33.5,54.5,60.5,307,238,105,153,74,0
CRS3035RES200mN2888200E3756600,200,1334,751,56,393,19,111,67,43734616.6,39367,749,2,519,51,10,171,0,483,48,22,54.5,64,66,312,269.5,199,203,96,0
CRS3035RES200mN2888200E3756800,200,2040,1107,112,553,32,369,73,76348367.9,58381,1097,10,755,140,164,47,1,148,94,33.5,89.5,103.5,122.5,602,375,220,299,98,3
CRS3035RES200mN2888200E3757800,200,1377.5,788,92,432,17,350,62,51682119.1,40824,774,14,544,76,53,113,2,73,46,16,61,80,94,430,224,153,205,68,0.5
CRS3035RES200mN2888200E3758000,200,1066,557,67,287,23,179,54,38354799.3,30102,549,8,425,0,76,55,1,25,37,17,46.5,72,81.5,291,200,138,143,38,2
CRS3035RES200mN2888200E3758200,200,1076,621,76,342,15,208,57,43723762,32546,613,8,488,13,74,41,5,23,33,13.5,36.5,49.5,95,329.5,182,129,151,57,0
CRS3035RES200mN2888200E3759000,200,896,455,57,220,23,211,38,44477105.8,34007,434,21,364,0,45,44,2,5,25,11,45,66,85,181,165,101,136,80,1
CRS3035RES200mN2888200E3759800,200,1176.5,584,78,265,21,260,46,55579776.5,41436,555,29,449,0,67,68,0,37,35,21,52.5,85.5,87.5,223,215,175,191,91,0
CRS3035RES200mN2888200E3760000,200,1020.5,518,60,258,28,266,33,50314878.8,37306,492,26,379,93,12,33,1,0,28,11,42,81,79.5,186,186,130,197,79,1
CRS3035RES200mN2888200E3760400,200,925.5,527,99,312,16,162,42,32764056,25197,526,1,445,0,36,45,1,61,29,6,40,70.5,71,238,179,111,119,59,3
CRS3035RES200mN2888200E3760600,200,1171,708,135,442,17,263,46,41939048.1,31075,703,5,627,36,2,43,0,0,34.5,14,46.5,62.5,98.5,344,223,122,154,71,1
CRS3035RES200mN2888200E3762000,200,1000,553,44,296,15,180,31,40057826.5,29206,535,18,388,102,0,63,0,44,39,8.5,57.5,49,57,325,218,78,126,42,0
CRS3035RES200mN2888200E3762200,200,1488.5,686,67,262,37,278,49,65465926.9,51295,661,25,538,0,7,140,1,111,47,25.5,64.5,105.5,116,306,290,192,262,79,1
CRS3035RES200mN2888200E3762400,200,1720.5,953,171,537,42,333,90,53318348,44747,948,5,584,0,155,177,37,275,45.5,25,67,122.5,131.5,456,353,209,230,73,8
CRS3035RES200mN2888200E3762600,200,1261,679,82,355,25,281,39,48583272,36335,677,2,341,53,82,203,0,66,46,25,54.5,70.5,88,376,265,107,164,65,0
CRS3035RES200mN2888200E3763000,200,767,247,38,62,50,22,44,20364276.6,17329,246,1,89,0,0,128,30,150,71,39.5,94.5,102.5,62.5,155,187,34,14,2,5
CRS3035RES200mN2888200E3763200,200,2454,1325,292,817,66,322,92,65915224.1,47272,1324,1,529,182,65,545,4,203,60,32,71.5,149.5,214,676,455,270,275,77,174
CRS3035RES200mN2888200E3763400,200,647.5,349,37,200,14,135,24,21937068.6,15612,346,3,269,9,0,71,0,24,31,9.5,31,29.5,38.5,230,137,62,62,17,0
CRS3035RES200mN2888200E3764200,200,877,461,37,218,13,161,36,31298644.5,25338,461,0,50,299,10,101,1,0,41,19.5,36,48.5,46,262,169,78,122,55,0
CRS3035RES200mN2888200E3764800,200,1279.5,504,82,177,60,114,85,31764296.9,34100,502,2,37,73,280,113,1,316,59,29,72.5,122,109.5,271.5,256,157,157,45,1
CRS3035RES200mN2888200E3765000,200,1147,450,74,188,64,0,76,22749134.7,25506,450,0,0,209,148,92,1,448,60,40,110,118,73,235,209,129,123,35,15
CRS3035RES200mN2888200E3765400,200,655.5,296,62,132,22,68,34,14920437.8,15655,296,0,61,0,72,163,0,105,58,31,45.5,39.5,35.5,212,120,61,50,3,0
CRS3035RES200mN2888200E3765600,200,491,204,28,75,18,21,25,11998491.5,12880,204,0,0,0,110,90,4,137,41.5,18,33.5,43.5,26.5,145,106,34,37,6,0
CRS3035RES200mN2888200E3766000,200,795.5,343,44,135,26,114,39,20935246,18813,331,12,93,8,0,241,1,62,66,29.5,67.5,59,32.5,261,182,49,26,7,16
CRS3035RES200mN2888200E3766200,200,796,370,32,157,19,188,36,23758774.8,22071,309,61,171,13,4,181,1,23,51.5,24,68,44.5,43,256,174,72,51,12,0
CRS3035RES200mN2888200E3766400,200,924,449,42,200,16,251,42,29573856.2,26629,390,59,150,103,8,188,0,37,59,27,51.5,54.5,59,231,196,99,102,45,0
CRS3035RES200mN2888200E3766600,200,1026.5,507,50,238,26,228,45,33454354.7,29811,477,30,238,36,60,172,1,30,48.5,19.5,52,88.5,66,250,252,119,90,41,0
CRS3035RES200mN2888200E3766800,200,868,406,27,171,20,255,29,31940707.7,24634,367,39,199,122,31,54,0,0,44,21.5,50.5,68.5,66.5,203,192,94,83,45,0
CRS3035RES200mN2888200E3767000,200,947,472,39,226,26,276,34,33073025,28551,440,32,240,103,58,70,1,7,47,27.5,50,53.5,57,232,178,135,116,51,0
CRS3035RES200mN2888200E3767200,200,1195.5,567,41,254,24,255,55,39740270.8,33891,526,41,218,51,230,68,0,146,59,21.5,73,91,68,281,251,165,121,51,14
CRS3035RES200mN2888200E3767400,200,1090.5,561,75,290,24,251,53,30129897.7,28610,509,52,420,46,19,75,1,143,56,31.5,70,68,61,267,276,120,97,44,0
CRS3035RES200mN2888200E3767800,200,499,223,29,83,13,114,25,13437268,14306,188,35,47,89,54,33,0,49,25,18,28.5,51.5,30.5,86.5,114,56,55,34,0
CRS3035RES200mN2888200E3773800,200,393,161,28,53,10,83,20,8587097.6,9905,122,39,81,7,32,40,1,26,28,12,27,32,27,121,70,29,34,11,2
CRS3035RES200mN2888400E3732000,200,817,300,49,87,49,1,71,15166454.7,18584,187,113,0,0,1,299,0,299,42,33,74.5,104.5,77,164,175,94,42,11,0
CRS3035RES200mN2888400E3733000,200,376,157,10,43,10,110,25,10266771.3,13067,89,68,3,89,32,33,0,19,14,12,21.5,31.5,33,74,81,44,38,27,0
CRS3035RES200mN2888400E3734400,200,527.5,177,15,31,19,99,30,13140876.5,14006,27,150,0,91,0,86,0,69,30.5,17,40.5,65.5,52,90,136,49,37,10,0
CRS3035RES200mN2888400E3752000,200,837.5,415,46,192,21,160,43,32043876.9,23641,410,5,211,44,39,121,0,49,45.5,14.5,45.5,56,70,228,175,96,74,32,1
CRS3035RES200mN2888400E3752200,200,1078.5,579,47,302,17,270,35,44377573.8,34387,575,4,116,205,105,153,0,8,49.5,21.5,46.5,52.5,60.5,297,188,108,175,80,0
CRS3035RES200mN2888400E3752400,200,849.5,404,38,180,25,233,32,33599441.8,24650,375,29,172,87,66,79,0,0,55,21,55,59.5,57,206,175,82,94,45,0
CRS3035RES200mN2888400E3752600,200,941.5,467,32,214,24,266,35,39758815.1,29730,454,13,134,0,101,231,1,11,41,22,35.5,63,71,236,196,84,132,61,0
CRS3035RES200mN2888400E3753000,200,933.5,399,32,140,31,220,38,43474785.6,39359,329,70,262,39,17,81,0,64,40,17,48,79.5,69,162,186,144,147,41,0
CRS3035RES200mN2888400E3755000,200,2102,851,110,306,79,123,145,67446421.4,60401,851,0,27,0,258,566,0,303,77,36,139.5,247.5,209,301,452,309,219,110,2
CRS3035RES200mN2888400E3755200,200,1732,872,87,428,53,218,74,64148527.3,46672,848,24,295,132,23,419,3,103,67.5,36,79.5,136,145.5,500.5,376,185,161,43,2
CRS3035RES200mN2888400E3755400,200,1915.5,1044,104,543,34,429,84,69181965.8,54602,1042,2,501,353,64,117,9,28,88.5,32,67.5,100.5,134,600,371,223,187,112,0
CRS3035RES200mN2888400E3755600,200,1354,712,81,341,28,236,78,48626650.7,38168,712,0,470,145,34,57,6,193,63,28.5,63,85.5,81,338,284,160,179,71,1
CRS3035RES200mN2888400E3755800,200,2051,1097,126,589,35,266,120,66532591.9,55366,1092,5,218,430,69,378,2,564,95,47,103,130.5,139.5,521,422,204,267,122,0
CRS3035RES200mN2888400E3756000,200,1280.5,679,49,343,22,292,39,54382554.6,40762,667,12,212,120,205,142,0,46,52.5,27.5,48.5,66,90,348,213,155,204,75,1
CRS3035RES200mN2888400E3756200,200,1244,736,98,430,18,269,40,48779491.6,35868,725,11,530,136,16,51,3,0,38.5,18.5,51,62.5,98.5,430,240,123,122,59,1
CRS3035RES200mN2888400E3756400,200,2011,1147,141,633,26,390,85,70311745.8,56341,1129,18,845,46,43,213,0,223,75.5,38,78.5,97,125,649,354,226,236,131,1
CRS3035RES200mN2888400E3756600,200,1750.5,928,129,495,49,204,113,52010521.1,51937,920,8,309,112,426,78,3,411,50,27.5,83.5,124.5,126,388,334,212,300,105,0
CRS3035RES200mN2888400E3757000,200,2067,1041,100,480,58,385,63,92961619.6,69880,1021,20,196,34,767,43,1,0,79.5,35,97,130.5,162,407,377,254,354,171,0
CRS3035RES200mN2888400E3757400,200,1246,648,70,325,30,337,48,54500189.8,40122,628,20,431,39,69,106,3,22,39.5,21,47.5,79,102,299,262,146,170,80,0
CRS3035RES200mN2888400E3758200,200,1314.5,737,93,404,24,338,54,56792227.2,44901,724,13,526,103,10,98,0,35,43,19,59,81.5,80,316,221,157,214,122,2
CRS3035RES200mN2888400E3758400,200,782.5,378,40,155,12,156,41,36985133.9,27747,372,6,274,57,5,42,0,7,38,16.5,42.5,52,55.5,147,149,98,126,58,0
CRS3035RES200mN2888400E3758600,200,847,388,35,169,29,144,31,43230229,31837,363,25,341,14,0,33,0,0,29,23.5,60,70.5,62,147,196,100,107,52,0
CRS3035RES200mN2888400E3760200,200,996,592,98,360,24,168,35,35263482.8,27330,586,6,499,19,7,67,0,115,16,9,32,63,77,303,182,117,141,56,0
CRS3035RES200mN2888400E3760400,200,658.5,286,27,118,35,82,22,24115504.3,16791,284,2,174,0,27,85,0,68,32,25.5,42,73,47,144,149,52,55,39,0
CRS3035RES200mN2888400E3760600,200,1176.5,653,107,369,24,173,60,41658171.1,31443,651,2,464,1,0,187,1,108,34,19,66,78.5,97,330,257,125,133,35,2
CRS3035RES200mN2888400E3762000,200,945,495,46,230,14,237,27,38679649.3,30483,492,3,412,13,3,65,2,17,31,20,39,44.5,57.5,250,198,113,128,64,0
CRS3035RES200mN2888400E3762200,200,1602,908,110,488,21,322,73,59303683.4,44784,901,7,846,5,0,41,16,0,66.5,25.5,59.5,81,100.5,546,315,151,195,62,0
CRS3035RES200mN2888400E3762400,200,1375,802,105,477,20,198,59,45252244.9,36385,800,2,753,0,18,31,0,25,61,28,52,46,79.5,421.5,274,161,189,63,0
CRS3035RES200mN2888400E3762600,200,1594.5,869,117,467,30,363,69,55036665.9,42993,869,0,517,22,189,141,0,51,66,27.5,67.5,79.5,105,485,296,182,187,90,9
CRS3035RES200mN2888400E3763000,200,1220.5,686,86,395,26,263,52,41079835.4,33021,683,3,367,85,80,154,0,38,46,20,36,86,74.5,395,231,128,153,49,2
CRS3035RES200mN2888400E3763400,200,2011.5,1209,149,709,20,502,88,69969760.8,58365,1203,6,886,60,108,152,3,8,59.5,25,61.5,80.5,150,672,375,218,263,105,2
CRS3035RES200mN2888400E3763600,200,1906.5,1057,123,595,41,416,71,62568574.3,49222,1054,3,915,27,36,76,3,145,71.5,32.5,80.5,98,123,603,374,217,213,87,7
CRS3035RES200mN2888400E3763800,200,1478.5,790,81,417,33,325,56,50131921.9,42305,790,0,352,83,124,230,1,111,58,28,67.5,90.5,97.5,453,242,125,197,113,7
CRS3035RES200mN2888400E3764000,200,1295.5,709,88,377,22,276,50,43500620,35908,708,1,424,176,55,54,0,41,55,28.5,50.5,48,78.5,431,238,138,161,63,4
CRS3035RES200mN2888400E3764200,200,1628,811,71,375,31,353,63,62317261.4,48024,805,6,201,132,358,119,1,0,90,45,82,93,92,465,312,163,201,85,0
CRS3035RES200mN2888400E3764400,200,2323.5,1154,159,547,61,482,99,73811751.7,60762,1147,7,360,276,291,226,1,175,103.5,50,124,136,139,621,504,267,270,109,0
CRS3035RES200mN2888400E3764600,200,1483,837,77,432,16,442,63,49541961.7,42623,828,9,314,178,183,161,1,36,58,10,45.5,63.5,92,432,297,197,209,79,0
CRS3035RES200mN2888400E3764800,200,865,283,62,75,58,1,52,16945142.8,20534,283,0,2,0,246,35,0,265,53,21,60.5,99.5,66,166,162,107,107,20,3
CRS3035RES200mN2888400E3765000,200,1045.5,444,129,165,43,0,88,17036576.2,22377,444,0,400,0,0,44,0,444,43.5,25,58,82.5,64.5,192,210,150,173,47,0
CRS3035RES200mN2888400E3765400,200,503.5,198,42,65,27,8,44,9609584.2,14506,198,0,0,6,158,34,0,188,18.5,8,31,54.5,26.5,71,99,74,101,20,0
CRS3035RES200mN2888400E3765600,200,758.5,235,58,75,52,21,39,12972082.5,14490,224,11,49,1,100,84,1,80,43,25,63.5,98,43,132,160,99,56,10,29
CRS3035RES200mN2888400E3766000,200,656.5,292,53,119,24,99,52,14731709.2,17962,267,25,116,3,12,157,4,128,35.5,16,47,58.5,40.5,162,134,98,56,9,0
CRS3035RES200mN2888400E3766200,200,1034,435,103,193,41,171,44,23713671.8,22393,379,56,186,10,0,237,2,30,68.5,37,73.5,57.5,63.5,280,211,77,59,10,97
CRS3035RES200mN2888400E3766400,200,663,326,45,142,11,172,33,18558831.8,19121,253,73,210,14,7,93,2,31,44.5,13,35.5,48.5,30.5,177,161,71,60,22,0
CRS3035RES200mN2888400E3766600,200,711,334,33,142,17,167,28,20901353.2,20650,272,62,263,17,0,52,2,4,41.5,15,28,54.5,50,213,154,90,49,16,0
CRS3035RES200mN2888400E3767000,200,645.5,321,31,148,17,220,24,20244994.2,20065,288,33,128,100,8,84,1,1,37,20,40.5,38,29,190,133,65,67,26,0
CRS3035RES200mN2888400E3767600,200,328.5,130,16,43,11,86,11,9505792.2,8721,84,46,70,9,1,50,0,0,20,11,33.5,23,21,96,76,29,18,1,0
CRS3035RES200mN2888600E3732400,200,661,267,29,91,28,111,39,15401567.2,19321,178,89,0,0,157,110,0,127,35.5,19,32,63,68.5,124,134,112,59,14,0
CRS3035RES200mN2888600E3734200,200,733.5,273,42,74,27,136,56,15300432.2,18078,236,37,9,211,14,39,0,113,40,18,70.5,81.5,55.5,135,163,81,59,28,2
CRS3035RES200mN2888600E3752000,200,950.5,428,36,176,34,264,43,42146882.1,31234,385,43,147,147,36,97,1,0,43,21.5,56.5,94.5,75,197,196,112,109,46,0
CRS3035RES200mN2888600E3752200,200,1066.5,500,35,196,20,305,36,48921975.1,35010,490,10,167,76,126,131,0,0,63,29,57.5,69.5,61.5,277,208,89,142,70,0
CRS3035RES200mN2888600E3752400,200,1372.5,700,67,348,36,349,49,57106023.4,42207,681,19,218,102,59,321,0,47,51,19,59.5,96.5,124.5,361,294,128,175,64,0
CRS3035RES200mN2888600E3752600,200,986,498,43,238,21,290,35,40641822.3,30629,489,9,102,247,106,43,0,0,46.5,27,57.5,48,72,225,177,107,124,102,0
CRS3035RES200mN2888600E3752800,200,757,370,23,174,20,243,29,32162945.4,25759,357,13,157,6,81,126,0,18,37,16.5,42,47.5,52,131,155,75,115,85,1
CRS3035RES200mN2888600E3753600,200,1776.5,813,108,349,53,374,61,81230770.9,61246,774,39,584,142,51,35,1,0,68,30,77.5,164,167,309,414,209,234,101,3
CRS3035RES200mN2888600E3753800,200,1581,733,81,311,48,368,80,70435180.1,53406,693,40,457,208,29,39,0,0,66.5,56.5,78,136.5,141.5,282,335,172,199,114,0
CRS3035RES200mN2888600E3755200,200,1428,700,82,328,36,230,66,49857321,42671,686,14,211,111,260,117,1,223,54,22,72.5,103,107.5,328,277,185,209,70,0
CRS3035RES200mN2888600E3755400,200,1187,705,98,418,13,254,48,44054721.8,33067,704,1,279,184,141,101,0,12,43,20,40.5,61,82.5,383,231,122,153,50,1
CRS3035RES200mN2888600E3755600,200,1557.5,933,123,576,24,340,59,52119731.8,44131,928,5,411,126,263,132,1,82,37.5,23,57.5,67,129.5,481,294,175,195,97,1
CRS3035RES200mN2888600E3755800,200,2125.5,1185,165,660,44,435,107,73301338.3,60788,1177,8,318,271,409,187,0,224,92,48,95.5,123,145.5,549.5,433,212,252,170,5
CRS3035RES200mN2888600E3756000,200,1633,865,93,431,33,423,61,68682049.3,50726,849,16,658,110,56,41,0,23,67,27.5,68,90,119.5,435,311,172,250,93,0
CRS3035RES200mN2888600E3756200,200,900,487,56,247,15,169,50,37495244.2,27243,469,18,307,67,25,88,0,88,23,12.5,41.5,64.5,56.5,230,182,95,131,62,2
CRS3035RES200mN2888600E3756400,200,1684.5,1036,136,645,20,352,45,61921634.3,44821,1002,34,760,176,35,62,3,1,55.5,24.5,53,75.5,112,624,314,150,192,84,0
CRS3035RES200mN2888600E3756600,200,1656,891,108,494,45,280,62,52188322.5,45143,888,3,517,34,185,153,2,194,63,25,62.5,104,139.5,520,271,184,202,84,1
CRS3035RES200mN2888600E3757000,200,1455.5,815,89,431,18,355,53,63277452.8,47111,811,4,267,18,423,106,1,76,42.5,22,64.5,78,82.5,400,261,158,204,143,0
CRS3035RES200mN2888600E3757200,200,1004.5,504,44,243,32,185,33,42037416.3,28336,495,9,408,29,26,39,2,18,45,23,50.5,72,73,299,180,102,98,62,0
CRS3035RES200mN2888600E3758400,200,996.5,580,72,323,13,291,37,48334127.7,39227,565,15,509,15,1,55,0,10,29,13,35,57.5,62,215,162,111,189,123,0
CRS3035RES200mN2888600E3758800,200,1001.5,478,51,202,25,238,48,49286192.4,38453,454,24,351,57,0,70,0,51,23.5,12,48,75.5,94.5,145,185,143,169,105,1
CRS3035RES200mN2888600E3760600,200,1191,623,69,315,22,231,30,52865257.6,39643,606,17,538,9,37,35,4,33,37,20,48.5,79,79.5,252,231,135,237,70,2
CRS3035RES200mN2888600E3762200,200,1289,754,98,448,17,267,51,45121936.6,37860,752,2,658,4,47,44,1,96,42,19.5,59.5,54,81,424,258,137,168,39,7
CRS3035RES200mN2888600E3762600,200,1414.5,795,117,430,25,318,60,47828084.4,35905,792,3,683,6,44,62,0,27,49,24.5,53.5,79.5,98,488,289,146,157,30,0
CRS3035RES200mN2888600E3762800,200,1534.5,890,115,511,25,354,81,52360618.5,42194,890,0,498,246,1,145,0,114,60.5,26.5,68.5,89,69,472,311,176,197,65,0
CRS3035RES200mN2888600E3763000,200,1797,1025,111,579,29,394,75,61725435.9,51196,1022,3,799,35,9,172,10,107,64.5,21,73,100.5,111,603,361,202,177,82,2
CRS3035RES200mN2888600E3763400,200,1325,789,95,452,12,328,58,48119105.5,37873,776,13,681,37,0,59,12,32,49,25.5,45,55.5,62,476,250,140,162,60,0
CRS3035RES200mN2888600E3763600,200,1481.5,819,104,438,33,350,81,47449323.3,40215,814,5,463,239,21,95,1,114,55.5,28.5,76,100.5,81,463,276,157,177,64,3
CRS3035RES200mN2888600E3763800,200,2229.5,1014,127,433,79,413,112,68663925.9,65870,1013,1,49,643,67,255,0,409,91,41,138.5,210.5,148,403.5,425,287,304,181,0
CRS3035RES200mN2888600E3764000,200,1531,819,105,431,27,353,67,52799838.1,42748,792,27,313,60,89,356,1,41,62,16.5,61.5,80.5,118.5,478,319,176,148,62,9
CRS3035RES200mN2888600E3764200,200,1617,989,154,638,32,355,59,46812869.3,41174,985,4,445,113,300,130,1,87,63,21,50,69.5,81.5,557,340,196,179,60,0
CRS3035RES200mN2888600E3764400,200,1779,871,126,433,50,326,89,47938454.7,40248,868,3,311,135,133,290,2,177,73,28,86.5,155,113.5,506,401,207,171,37,1
CRS3035RES200mN2888600E3764600,200,1489.5,734,129,385,46,302,70,38430663.6,33966,728,6,404,141,99,90,0,133,62.5,34,90,111,90.5,471.5,313,139,144,33,1
CRS3035RES200mN2888600E3764800,200,748.5,388,57,207,25,153,37,19675204,17353,385,3,225,3,54,102,4,61,30,6,35.5,48,50,239,182,78,67,12,1
CRS3035RES200mN2888600E3765400,200,345,154,38,58,12,46,25,7127581.9,8767,146,8,50,31,2,69,2,66,24.5,4,18,28.5,21,83,75,41,38,11,1
CRS3035RES200mN2888600E3765600,200,687.5,311,59,127,28,137,45,15788222.7,17267,286,25,171,15,9,115,1,22,45,18,46,60.5,37,195,177,65,37,7,0
CRS3035RES200mN2888600E3766000,200,732,317,50,120,15,158,36,20085202.4,19677,273,44,169,14,0,131,3,36,70,20.5,48.5,38.5,45.5,208,148,84,56,13,0
CRS3035RES200mN2888600E3766200,200,1003,455,72,200,31,211,50,25073316.6,26962,402,53,183,19,0,253,0,29,75,21.5,58.5,74.5,55.5,243,237,128,73,28,9
CRS3035RES200mN2888600E3766400,200,946.5,439,86,203,24,147,60,22796015.8,23478,408,31,221,10,0,206,2,150,61,29,79.5,74,48,279,230,68,56,8,14
CRS3035RES200mN2888600E3766600,200,590.5,271,43,128,16,86,33,14393863.1,18352,240,31,77,17,72,104,1,123,16,13,43.5,43,25,121,148,78,64,21,18
CRS3035RES200mN2888600E3766800,200,711.5,355,47,177,19,179,30,19955046.7,21647,328,27,149,9,89,107,1,15,33,17,45,50,43.5,182,176,65,67,31,2
CRS3035RES200mN2888600E3767000,200,1170,491,57,187,48,202,62,29099164.6,31548,464,27,180,82,121,108,0,81,65,30,92.5,109,80.5,270,256,120,102,45,0
CRS3035RES200mN2888600E3767200,200,638.5,272,29,90,16,158,33,18139281.9,19802,202,70,110,25,57,78,2,43,26,20,40.5,59.5,33.5,113,157,78,75,35,1
CRS3035RES200mN2888600E3767400,200,427.5,167,18,68,15,81,17,10330410.3,11446,115,52,66,43,24,32,2,43,26,7,32,40.5,32,80,96,46,44,14,10
CRS3035RES200mN2888600E3769200,200,308.5,123,16,35,17,96,13,9052650.3,9582,35,88,51,20,19,33,0,0,8,6,25,33.5,17,51,70,42,40,16,0
CRS3035RES200mN2888600E3769600,200,573,215,33,65,33,28,32,11829832.3,15424,185,30,18,6,143,48,0,177,23,17,43,50.5,48.5,102,108,66,86,28,1
CRS3035RES200mN2888600E3773200,200,312,119,15,28,14,71,18,7829400.7,9298,48,71,37,14,15,53,0,39,24,12,11.5,30.5,19,59,69,44,28,15,0
CRS3035RES200mN2888600E3773600,200,359.5,173,35,76,10,21,38,6768693.9,8699,120,53,129,8,0,34,2,124,25.5,8.5,30.5,27,20,77,70,34,46,21,0
CRS3035RES200mN2888800E3752000,200,1284.5,596,46,258,36,335,50,58271203.8,42151,574,22,265,139,10,182,0,4,62.5,26.5,64.5,93,111.5,270,262.5,135,198,60,1
CRS3035RES200mN2888800E3752200,200,1200.5,578,40,243,30,300,55,52236072.7,40089,567,11,220,85,173,100,0,0,54,19.5,47,84.5,103.5,255,228,144,155,110,0
CRS3035RES200mN2888800E3752400,200,1183.5,609,52,299,26,273,55,47080064.7,37243,588,21,278,135,111,84,1,18,44.5,11.5,50.5,74.5,89.5,289,252,161,151,60,0
CRS3035RES200mN2888800E3753800,200,1227.5,638,66,303,22,344,58,54504601.6,41136,626,12,453,148,0,36,1,0,40,23.5,54.5,85.5,68,254,246,145,208,102,1
CRS3035RES200mN2888800E3755200,200,1176.5,571,54,247,23,280,37,54420414.9,43247,532,39,360,10,17,183,1,36,55.5,20.5,41.5,72,104,210,235,168,184,86,0
CRS3035RES200mN2888800E3755600,200,1840,956,200,481,47,176,135,48372651.8,48636,956,0,569,157,122,106,2,621,72.5,47,80.5,107.5,109.5,384,399,231,297,103,9
CRS3035RES200mN2888800E3755800,200,1644.5,905,65,461,22,383,59,69412842.5,52091,868,37,439,217,113,133,3,36,62.5,32.5,63.5,83,97.5,454,293.5,178,275,105,0
CRS3035RES200mN2888800E3756000,200,1282,672,63,353,29,231,47,51121452.1,39012,667,5,152,188,183,149,0,119,51,24,73,86,74,306,283,130,186,69,0
CRS3035RES200mN2888800E3756400,200,1843,999,91,533,35,362,56,76729248.9,51152,958,41,722,155,71,51,0,8,95.5,42,66.5,87.5,131.5,638,328,179,198,77,0
CRS3035RES200mN2888800E3756600,200,1682.5,1051,137,652,13,340,54,62380366.3,47203,1044,7,569,385,54,42,1,30,56.5,25,47,62,112,631,280,184,198,85,2
CRS3035RES200mN2888800E3756800,200,957,478,69,237,29,154,45,35353045.4,25408,471,7,274,45,14,145,0,61,48.5,17,53,79,71.5,307,187,103,68,23,0
CRS3035RES200mN2888800E3758200,200,1539,939,103,576,28,344,61,62766179.8,48796,927,12,660,11,20,248,0,74,36.5,19.5,53.5,82,107.5,440,298,170,253,79,0
CRS3035RES200mN2888800E3758600,200,1018.5,599,94,360,20,169,49,39377475.3,31194,585,14,384,124,0,90,1,124,38,14.5,35,57,85,244,198,123,146,78,0
CRS3035RES200mN2888800E3760400,200,1068.5,606,96,344,21,226,44,43310545,36245,597,9,457,25,45,77,2,81,19,12.5,44.5,73,66.5,231,224,120,191,87,0
CRS3035RES200mN2888800E3762200,200,1383,799,110,445,15,281,61,50090698.7,39022,797,2,512,0,56,228,3,31,58,18.5,37.5,73,83,521,255,140,162,35,0
CRS3035RES200mN2888800E3762400,200,1231,643,72,322,19,302,56,47966176.5,36375,640,3,501,94,1,44,3,54,56.5,29,48,76.5,73,333,248,137,162,66,2
CRS3035RES200mN2888800E3762600,200,1323.5,700,100,366,33,273,63,43171608.4,37536,698,2,348,52,62,238,0,154,62,24,73.5,82,67,366,247,139,192,63,8
CRS3035RES200mN2888800E3762800,200,1095,590,66,307,19,215,53,37007072.8,29903,589,1,418,19,40,113,0,96,35,11,54,84.5,66.5,334,232,110,131,37,0
CRS3035RES200mN2888800E3763000,200,1902,1033,97,528,27,403,84,70916593,53762,1032,1,559,51,144,279,0,52,88.5,39.5,88,101,116,609,387,186,207,79,1
CRS3035RES200mN2888800E3763200,200,1733.5,996,101,547,19,464,56,63662757.2,54603,990,6,520,165,276,35,0,22,72,29.5,59.5,79.5,93,570,329,140,209,152,0
CRS3035RES200mN2888800E3763400,200,1497,760,115,404,47,238,63,41464559.9,39463,758,2,399,4,252,105,0,237,51,32,63.5,109,107.5,389,278,179,217,71,0
CRS3035RES200mN2888800E3763800,200,1124.5,573,68,282,28,210,48,34993408.3,29596,573,0,276,100,18,179,0,103,50,23.5,50.5,100.5,68,351,209,109,125,36,2
CRS3035RES200mN2888800E3764000,200,1848.5,874,140,441,65,274,97,47820676.5,41743,866,8,431,38,72,332,1,254,68,34.5,94.5,162,152.5,476,447,206,148,40,20
CRS3035RES200mN2888800E3764200,200,1840,935,160,486,55,292,78,49359510.9,45609,927,8,402,20,263,247,3,251,78.5,28.5,71.5,109,122.5,518,384,225,227,61,15
CRS3035RES200mN2888800E3764400,200,1692.5,651,128,245,88,118,104,37751405.7,35999,647,4,170,0,184,297,0,389,76,48,120,192,142.5,380,365,204,140,25,0
CRS3035RES200mN2888800E3764600,200,1267.5,593,82,287,46,147,58,32501846.7,30498,591,2,271,18,158,146,0,244,61.5,26,63,99.5,93.5,323,279,142,126,40,14
CRS3035RES200mN2888800E3764800,200,2493.5,1054,213,432,117,100,181,50430865.6,58857,1053,1,137,40,452,423,2,552,96,67,160.5,232,159,535,499,343,329,57,16
CRS3035RES200mN2888800E3765400,200,612,302,68,144,15,104,32,13179227.1,15528,295,7,156,2,0,143,1,67,22,16,18.5,54,30.5,172,159,67,53,12,8
CRS3035RES200mN2888800E3765800,200,546,249,51,117,19,66,26,11932352.1,14306,232,17,167,2,29,49,2,37,25,7,37.5,54.5,30,159,133,47,43,10,0
CRS3035RES200mN2888800E3766200,200,1058,475,95,218,29,162,55,22755419.3,26120,464,11,139,1,82,253,0,66,72.5,33,68,75.5,62,280,219,129,89,18,12
CRS3035RES200mN2888800E3766400,200,1075.5,475,74,190,37,205,76,25014568.9,31706,463,12,79,57,306,31,2,7,54.5,21,63.5,110.5,55,229,224,128,130,51,9
CRS3035RES200mN2888800E3766600,200,700,313,51,131,18,87,51,15946266.6,18711,290,23,110,38,61,91,13,107,33,21.5,46,58,37.5,153,161,87,68,19,16
CRS3035RES200mN2888800E3767200,200,992,506,100,252,21,207,57,22047535.9,25841,472,34,317,95,39,55,0,63,49.5,20,50,66.5,46,317,201,103,86,39,14
CRS3035RES200mN2888800E3767400,200,919,435,50,177,17,235,57,24847438.4,25814,379,56,137,15,84,198,1,41,59,35,61.5,57.5,51,273,203,91,69,19,0
CRS3035RES200mN2888800E3773400,200,934,385,45,136,33,222,63,20956346.1,25451,373,12,3,236,3,143,0,92,52.5,33,71.5,100.5,49.5,205,222,88,84,28,0
CRS3035RES200mN2888800E3773600,200,1199,488,81,160,41,213,93,25542375.4,30329,430,58,10,223,12,243,0,191,77.5,46,88.5,107,88,277,261,135,87,31,1
CRS3035RES200mN2889000E3748200,200,447.5,209,11,89,16,121,18,19108719.1,15750,178,31,51,3,121,33,1,0,19,10,17.5,36.5,37.5,71,96,54,61,45,0
CRS3035RES200mN2889000E3749400,200,529,205,23,60,22,85,32,17398198.9,15339,184,21,7,29,5,164,0,86,13,9.5,37,55.5,58,89,120,86,53,7,1
CRS3035RES200mN2889000E3750200,200,808.5,335,30,116,32,178,36,32507466.6,26464,306,29,40,45,38,212,0,91,63.5,30,51.5,62,51.5,187,156,77,93,36,1
CRS3035RES200mN2889000E3750800,200,769,303,15,82,27,92,43,30108974.2,22065,299,4,68,6,196,33,0,136,44,22.5,60,76,64.5,168,180,85,52,17,0
CRS3035RES200mN2889000E3754200,200,763.5,323,23,120,31,174,34,37719403,26188,303,20,227,21,14,60,1,0,26,12,50,84.5,65,133,166,102,86,39,0
CRS3035RES200mN2889000E3754600,200,1369.5,652,52,276,37,296,84,61890912.6,47233,630,22,468,80,40,64,0,0,69,28.5,74,129.5,74,253,263.5,159,186,133,0
CRS3035RES200mN2889000E3759000,200,1079,519,74,235,34,189,39,46789436,40671,488,31,476,0,0,41,2,86,20,14,50,106.5,93.5,204,227,147,159,58,0
CRS3035RES200mN2889000E3762000,200,959,593,95,369,10,223,23,34698979.6,28470,583,10,491,0,39,62,1,15,27.5,14,29,35,55.5,325,191,128,106,41,7
CRS3035RES200mN2889000E3762200,200,1417.5,815,79,465,23,267,44,53583268.2,40650,814,1,346,81,83,304,1,107,63.5,17,58.5,72,65.5,519,296,116,163,47,0
CRS3035RES200mN2889000E3762400,200,2128,1300,189,804,33,478,85,70016054.1,58188,1300,0,587,93,505,114,1,164,56,22,52.5,97,120.5,688,406,217,309,135,25
CRS3035RES200mN2889000E3762600,200,1317,675,74,330,25,307,51,49605605.5,39371,673,2,272,0,199,204,0,92,47,30,69,74,84,317,266,146,213,70,1
CRS3035RES200mN2889000E3762800,200,1996,1038,163,548,54,284,98,59788412.6,47731,1032,6,658,23,94,263,0,229,74.5,44.5,84.5,129,119.5,637,409,221,225,43,9
CRS3035RES200mN2889000E3764000,200,2448,1186,131,565,54,228,125,73751335.9,63338,1181,5,394,191,327,273,1,159,129,56,127.5,149,171.5,596,522,295,261,105,36
CRS3035RES200mN2889000E3764200,200,1385,616,92,276,58,121,83,33865252.7,33554,614,2,178,54,284,100,0,347,60,45.5,100,123,92.5,306,284,169,139,56,10
CRS3035RES200mN2889000E3764400,200,2101.5,1070,145,557,58,487,85,63340405.6,57865,1066,4,227,226,421,196,0,159,85,51.5,127.5,140,113.5,552,450,220,253,84,25
CRS3035RES200mN2889000E3764600,200,2488,1127,230,522,100,223,131,55241239.5,57513,1126,1,451,0,318,357,1,578,87.5,48,137.5,189.5,141.5,663,462,313,319,104,23
CRS3035RES200mN2889000E3764800,200,2206,943,169,382,89,231,141,49816612.1,56145,943,0,239,143,452,108,1,524,101.5,47,122,172.5,149,493,376,269,353,100,23
CRS3035RES200mN2889000E3767000,200,896,442,88,206,23,133,61,20524181.2,23232,426,16,354,9,12,66,1,81,41,18,49,58.5,61.5,232,209,102,93,25,7
CRS3035RES200mN2889000E3767200,200,2039,770,177,259,111,71,136,38194930.4,55241,759,11,155,54,503,57,1,598,116.5,53,158,250,146.5,418,391,248,219,32,7
CRS3035RES200mN2889000E3767400,200,626.5,257,40,99,23,98,37,14760256.2,15712,228,29,52,18,74,113,0,77,48,17,41.5,56,34,162,132,76,48,12,0
CRS3035RES200mN2889000E3767600,200,1333.5,490,112,169,73,14,89,23616093,30578,477,13,19,353,41,75,2,464,73.5,42,99,156.5,73.5,243,269,181,139,50,7
CRS3035RES200mN2889000E3771400,200,273.5,96,10,26,14,56,6,7297038,7227,49,47,28,6,8,54,0,0,24,9.5,23.5,12.5,27,81,54,25,9,8,0
CRS3035RES200mN2889000E3776800,200,487.5,206,28,68,16,153,27,10286116.2,11915,198,8,4,61,4,137,0,0,32,20,41.5,33,27,152,93,36,36,17,0
CRS3035RES200mN2889000E3777000,200,286,124,20,53,14,24,18,6092918.6,6138,122,2,1,1,0,122,0,32,30,14,35,12,19,107,43,17,6,3,0
CRS3035RES200mN2889000E3777200,200,1605,498,143,115,129,228,72,27189648.8,33298,498,0,0,246,65,187,0,196,121.5,77.5,157,194,120,361,324,121,97,31,1
CRS3035RES200mN2889200E3748200,200,403,167,13,53,12,92,20,17085029,13709,123,44,47,16,55,48,1,0,22.5,11.5,28.5,36.5,33,70,101,31,52,17,0
CRS3035RES200mN2889200E3748400,200,878,394,23,151,20,202,56,30461558,27363,379,15,65,123,93,113,0,54,45.5,22.5,51.5,87.5,66,167,212,79,96,51,0
CRS3035RES200mN2889200E3749000,200,530,239,30,84,16,76,53,17010151,16680,206,33,15,13,167,44,0,143,10,8.5,31.5,51,38,79,131,79,71,29,2
CRS3035RES200mN2889200E3749800,200,236,80,2,16,14,58,6,12307664.5,9395,33,47,26,9,5,40,0,0,8,10.5,15.5,28,30,21,58,34,21,10,0
CRS3035RES200mN2889200E3750000,200,194,75,2,15,10,62,8,10366144.9,9535,48,27,18,1,6,50,0,0,7,4.5,11,17.5,22,20,37,25,36,14,0
CRS3035RES200mN2889200E3750400,200,526.5,225,10,77,14,135,18,24674123.2,19229,209,16,65,23,23,114,0,17,21,12,38.5,45.5,42.5,90,124,46,65,42,0
CRS3035RES200mN2889200E3754000,200,1190.5,571,84,265,35,246,47,54746346.2,43783,524,47,404,96,35,36,0,0,56,23,63.5,92,82,223,265,144,160,81,1
CRS3035RES200mN2889200E3754400,200,1579.5,740,84,312,43,371,66,76648671.2,60307,659,81,549,93,66,32,0,0,52,19,84.5,143.5,134.5,230,353,197,258,108,0
CRS3035RES200mN2889200E3759600,200,1158,765,139,509,10,230,57,43399495.6,34341,757,8,721,0,0,42,2,0,33,14.5,25.5,38.5,104.5,378,209,119,171,65,0
CRS3035RES200mN2889200E3762000,200,1120,665,74,394,21,291,38,42180263.9,34234,661,4,415,7,197,46,0,43,49.5,8,26.5,52,50,343,218,147,165,61,0
CRS3035RES200mN2889200E3762200,200,1646.5,951,113,535,22,308,66,57437724.9,44648,945,6,649,13,23,265,1,134,73.5,18.5,51.5,87,85,604,356,183,142,44,2
CRS3035RES200mN2889200E3762400,200,1116.5,609,73,324,23,209,47,39919775.4,31126,609,0,392,4,26,187,0,138,49,12,39.5,52,92,364,235,118,120,34,1
CRS3035RES200mN2889200E3762600,200,2138.5,1118,158,598,58,268,114,62990671.8,54474,1114,4,830,24,27,236,1,351,77,29,81,156.5,168,636,405,261,242,83,0
CRS3035RES200mN2889200E3762800,200,1710.5,963,145,540,32,334,86,51757604.7,44947,953,10,719,62,70,112,0,219,63,31,66,86.5,94,564,335,174,209,88,0
CRS3035RES200mN2889200E3764000,200,1074,536,61,256,25,134,55,31596269.2,26946,531,5,180,1,104,251,0,148,43.5,17.5,48,81,68,298,245,145,106,22,0
CRS3035RES200mN2889200E3764200,200,1597,747,115,351,50,244,95,41567366.1,39552,729,18,322,0,284,140,1,252,62.5,31,101,132,111.5,413,345,192,165,41,3
CRS3035RES200mN2889200E3764400,200,1718.5,895,96,434,36,395,96,53194755.8,51229,892,3,179,151,271,294,0,197,69,38,95.5,102,89,441,357,185,226,114,2
CRS3035RES200mN2889200E3764600,200,1373.5,520,101,189,74,66,80,30111750.1,32574,519,1,108,0,168,243,1,384,61.5,29,118,134.5,108.5,265,273,206,122,32,24
CRS3035RES200mN2889200E3764800,200,3218,1354,287,537,131,155,195,71350756.2,79300,1354,0,246,0,1024,84,0,719,192,84,171.5,277,226,719.5,648,381,411,86,22
CRS3035RES200mN2889200E3767000,200,835.5,353,45,134,30,188,43,21773790.1,22620,346,7,65,4,160,124,0,85,50,24.5,54.5,72.5,58,184,188,70,93,40,1
CRS3035RES200mN2889200E3767200,200,522,241,30,96,18,92,29,13730382.4,13211,230,11,74,6,16,139,6,34,31,12,32.5,31.5,31,181,100,45,44,14,0
CRS3035RES200mN2889200E3767600,200,832.5,368,41,164,31,164,30,20237410.7,21956,333,35,54,42,78,194,0,78,40,14,33,73,55.5,206,189,87,86,24,25
CRS3035RES200mN2889200E3770600,200,457.5,153,28,28,22,40,16,9667665.9,10476,104,49,37,7,5,104,0,101,66,25.5,30.5,32.5,24,142,78,25,26,8,0
CRS3035RES200mN2889200E3771000,200,570.5,204,37,53,32,17,35,11870826.3,13204,189,15,6,159,0,39,0,179,26,26,58,64,33.5,106,121,72,52,12,0
CRS3035RES200mN2889200E3771400,200,860.5,408,42,165,22,214,78,19626334.4,24811,399,9,10,304,6,88,0,0,61.5,23,60.5,71.5,42,221,167,76,95,43,0
CRS3035RES200mN2889200E3777200,200,618.5,291,42,128,19,145,35,13465648.6,16054,275,16,13,50,123,105,0,4,48.5,15.5,38,39.5,43,177,123,52,58,23,1
CRS3035RES200mN2889200E3777400,200,316.5,113,17,32,17,91,8,7580023.8,7691,85,28,20,28,3,62,0,0,23,10,25,30.5,16,70,72,24,33,13,0
CRS3035RES200mN2889400E3748800,200,351,158,8,57,11,110,12,16743887.9,13661,132,26,22,40,1,95,0,18,13,7,14.5,29,24.5,45,83,49,59,27,0
CRS3035RES200mN2889400E3750600,200,716.5,328,21,129,17,183,38,32369337.4,25780,287,41,45,74,98,111,0,0,36,17,47,54.5,55,138,168,73,81,47,0
CRS3035RES200mN2889400E3754000,200,729,359,46,169,30,197,21,38749265.8,34934,281,78,118,176,35,30,0,0,21,12,51.5,48,43.5,119,122,100,147,65,0
CRS3035RES200mN2889400E3754400,200,1700.5,790,85,366,67,406,51,87233549.5,62483,750,40,591,61,14,123,1,20,68.5,30,94,129,167,311,340,197,242,120,2
CRS3035RES200mN2889400E3758200,200,422,181,12,67,20,101,9,24662870.9,21887,164,17,122,0,13,46,0,0,15,5.5,19.5,41,41,53,78,59,74,36,0
CRS3035RES200mN2889400E3762000,200,1263.5,637,49,286,23,205,52,53125067.4,39098,635,2,160,48,157,261,11,47,58.5,23.5,63.5,55,81,353,272,156,143,58,0
CRS3035RES200mN2889400E3762200,200,878,466,67,254,22,190,37,29994057.4,25787,456,10,144,121,122,79,0,65,23,10.5,40,69.5,53,252,189,90,109,42,0
CRS3035RES200mN2889400E3762400,200,1692,979,140,576,30,421,67,55695475.8,43587,976,3,550,169,109,150,1,72,69.5,20.5,58,92,106,588,325,181,175,76,1
CRS3035RES200mN2889400E3762600,200,1379.5,758,115,429,30,299,48,46158472.5,34075,751,7,654,0,0,104,0,7,58.5,22.5,55,65.5,79,484,288,125,152,50,0
CRS3035RES200mN2889400E3762800,200,1723.5,1089,115,675,16,414,64,58345487,46008,1082,7,919,9,106,54,1,17,51,17,41,62,92.5,740,305,157,196,62,0
CRS3035RES200mN2889400E3764400,200,1223,568,60,250,39,215,59,40061229,35134,565,3,68,36,171,293,0,147,67,27,75,92.5,79,247.5,283,123,183,46,0
CRS3035RES200mN2889400E3764600,200,1158,499,74,219,39,105,65,30235285,28840,490,9,135,0,250,114,0,227,49,31.5,62.5,110,89,270,267,131,105,27,16
CRS3035RES200mN2889400E3767200,200,457,196,27,75,11,66,30,10870538.2,11698,181,15,72,35,14,73,2,55,26.5,15.5,28.5,42.5,19,120,109,44,28,24,0
CRS3035RES200mN2889400E3767400,200,984,468,101,236,29,117,54,21568316,26457,460,8,51,29,160,228,0,259,41,26.5,71.5,67,70,261,183,92,104,28,40
CRS3035RES200mN2889400E3767600,200,342,128,17,33,17,42,30,7818987.7,8315,120,8,29,2,22,74,1,56,17.5,8.5,34,39,25,85,77,36,14,6,0
CRS3035RES200mN2889400E3767800,200,634.5,265,25,100,25,173,31,16755933.6,16134,239,26,71,16,17,161,0,26,51.5,20,45.5,54,34.5,168,146,58,38,12,7
CRS3035RES200mN2889400E3770600,200,430.5,187,20,67,12,88,20,10822529.8,11956,160,27,27,2,8,150,0,0,54,18.5,30.5,18.5,15,190,57,27,16,4,0
CRS3035RES200mN2889400E3771000,200,479.5,199,53,75,21,52,32,10151720.9,11220,175,24,19,129,0,51,0,82,43,21,41,40,31.5,130,106,25,33,9,0
CRS3035RES200mN2889400E3776600,200,1075,366,98,102,76,33,68,17948625.5,24180,314,52,5,28,189,83,61,259,55.5,45,93.5,138,74,214,196,125,99,35,0
CRS3035RES200mN2889400E3777600,200,238,91,2,29,17,50,10,7136182.2,7740,45,46,29,15,4,43,0,0,9,4.5,20.5,32,17,47,57,21,20,10,0
CRS3035RES200mN2889600E3749200,200,699.5,307,29,114,19,243,34,24844106.2,22490,291,16,2,1,218,86,0,0,41,19,50.5,61,43,111,190,72,91,20,1
CRS3035RES200mN2889600E3749400,200,644,271,27,85,19,31,52,17465710.1,18505,241,30,14,9,121,127,0,231,20.5,14.5,43,77.5,48.5,91,144,86,92,27,0
CRS3035RES200mN2889600E3754800,200,782,368,32,154,24,228,17,45127184.2,38024,322,46,70,158,43,97,0,0,18.5,13,32,65.5,62,90,159,80,171,91,0
CRS3035RES200mN2889600E3759200,200,660,357,40,191,15,160,27,31617722.9,27972,338,19,322,1,0,34,0,15,23,4,29.5,43,42.5,149,112,82,112,63,0
CRS3035RES200mN2889600E3762000,200,1242,728,64,404,14,358,45,50269208.9,42688,727,1,157,30,440,101,0,127,24.5,9.5,38,80.5,60.5,296,262,134,226,111,0
CRS3035RES200mN2889600E3762200,200,1232,691,62,380,19,305,42,50674241.2,41706,686,5,74,9,357,250,1,77,48,29.5,58,55.5,49,305,242,125,197,123,0
CRS3035RES200mN2889600E3762400,200,1514.5,871,127,491,22,352,72,52088750.1,42530,858,13,459,46,201,164,1,61,57.5,15,61,78,82,491,322,162,183,63,0
CRS3035RES200mN2889600E3762600,200,1924,1102,122,608,28,490,76,69959151.3,54639,1098,4,683,62,77,274,6,39,86,30.5,75,80.5,96,623,381,175,276,101,0
CRS3035RES200mN2889600E3762800,200,1871.5,1005,161,545,39,426,63,61502408.3,48513,999,6,508,98,62,337,0,102,79.5,37,93,111,106.5,585.5,388,196,213,61,1
CRS3035RES200mN2889600E3764400,200,1405.5,746,73,379,27,268,71,45458457.3,39755,733,13,350,97,109,190,0,60,63.5,31.5,56.5,88.5,86.5,403,290,150,171,65,0
CRS3035RES200mN2889600E3764600,200,1751.5,787,114,350,55,197,125,45807970.6,46396,783,4,186,11,377,213,0,354,93.5,39.5,84.5,128.5,121.5,391,374,233,205,56,25
CRS3035RES200mN2889600E3764800,200,835.5,367,51,152,30,80,49,20983617.5,21469,367,0,55,69,167,75,1,129,50.5,30,30.5,63.5,58,180,170,103,98,44,8
CRS3035RES200mN2889600E3767000,200,858.5,403,42,178,21,177,54,22388672.4,23422,369,34,111,53,67,168,4,35,61.5,24,48.5,58.5,44,286,171,62,55,33,15
CRS3035RES200mN2889600E3767200,200,972.5,373,82,148,50,67,70,18868765,22653,357,16,48,216,44,65,0,252,48,26,90,120.5,57,185,192,99,100,33,22
CRS3035RES200mN2889600E3767400,200,859.5,458,93,255,17,186,49,18097879.3,19221,448,10,295,127,0,35,1,35,35.5,16,42,53.5,46.5,249,187,97,75,41,17
CRS3035RES200mN2889600E3767800,200,333,129,11,45,13,66,17,8728288.1,9546,95,34,38,18,17,55,1,33,22.5,10,20.5,26.5,23.5,85,82,40,19,4,0
CRS3035RES200mN2889600E3771000,200,414.5,176,11,52,12,119,23,11470329.8,11976,120,56,65,21,6,84,0,0,24,20,26.5,26,32,105,74,58,36,13,0
CRS3035RES200mN2889600E3777600,200,327,154,22,68,10,48,22,7782082.2,8826,136,18,49,14,2,78,11,0,21,10.5,30.5,19,20,104,57,27,29,9,0
CRS3035RES200mN2889800E3750200,200,342,130,4,35,15,101,7,16473474.5,12833,57,73,64,23,4,39,0,5,11,3,28,38,33,55,68,53,28,25,0
CRS3035RES200mN2889800E3754600,200,1803.5,895,148,447,63,295,89,75466074.7,66495,802,93,537,195,97,66,0,165,48.5,41.5,92.5,123.5,158.5,348,351,208,285,145,2
CRS3035RES200mN2889800E3754800,200,1175.5,523,64,209,43,258,38,60189613.7,43603,476,47,423,65,5,30,0,0,44,21,67,99.5,113,233,251,135,134,78,0
CRS3035RES200mN2889800E3762000,200,1067.5,595,85,333,21,204,60,38129910.9,29514,592,3,320,73,25,173,4,62,33.5,10.5,36.5,60.5,96.5,364,225,101,106,34,0
CRS3035RES200mN2889800E3762200,200,1214.5,603,87,289,32,253,66,40197897.9,35548,592,11,437,32,1,133,0,113,37.5,24.5,67,90.5,94,297,252,163,123,65,1
CRS3035RES200mN2889800E3762400,200,1998.5,1118,155,617,28,405,80,66613304.4,51515,1117,1,679,58,133,245,3,123,98,24.5,68.5,95.5,107,689,408,208,228,69,3
CRS3035RES200mN2889800E3762600,200,1140,677,88,396,13,210,56,38021509,28964,677,0,598,0,29,50,0,1,44.5,19.5,42.5,71,55.5,399,239,110,112,47,0
CRS3035RES200mN2889800E3762800,200,2081,1223,158,715,25,459,74,69021341.2,53136,1201,22,651,33,311,225,3,92,80,33,70,90,91,747,412,197,291,70,0
CRS3035RES200mN2889800E3764200,200,1566,854,105,454,34,303,81,45982246.1,42704,840,14,418,64,204,168,0,248,53.5,32.5,67.5,86.5,98,408,354,180,223,62,1
CRS3035RES200mN2889800E3764400,200,2094,1172,118,637,25,476,77,67457352,57477,1153,19,461,315,179,217,0,106,98,33,78,77.5,110.5,718,410,236,237,93,3
CRS3035RES200mN2889800E3764600,200,1032.5,497,74,243,32,209,56,29136309,24953,493,4,245,0,172,79,1,97,50,15.5,61,71,68,269,207,123,113,32,23
CRS3035RES200mN2889800E3767400,200,573,300,38,150,10,174,25,15107515.4,16011,263,37,74,151,38,36,1,0,30.5,17.5,31,28.5,17.5,168,134,59,50,37,0
CRS3035RES200mN2889800E3767600,200,771.5,331,51,150,29,121,30,17058271.6,18003,303,28,118,101,23,86,3,137,55.5,30,58.5,49,43.5,198,159,74,60,20,24
CRS3035RES200mN2889800E3770800,200,423,191,16,74,13,123,27,11985805,12471,130,61,101,3,5,82,0,0,19,9,32,47,30,102,102,39,28,15,0
CRS3035RES200mN2889800E3771600,200,471,174,32,48,28,55,26,9633866.8,12398,117,57,14,20,50,90,0,113,19,10,44.5,47.5,34,85,105,73,38,14,1
CRS3035RES200mN2890000E3755200,200,1352,716,103,380,36,266,57,61798584,47289,692,24,434,146,97,39,0,2,62.5,36.5,73.5,80.5,95,288,276,132,190,118,0
CRS3035RES200mN2890000E3755400,200,1497.5,743,89,359,43,304,55,67586674.2,49020,720,23,454,149,46,93,1,1,61,34,77.5,112,102,379,268,173,184,106,1
CRS3035RES200mN2890000E3755800,200,1493,660,87,249,57,363,55,78335603.5,68796,555,105,559,65,0,35,1,35,52,29.5,70.5,130.5,134.5,204,288,215,254,115,0
CRS3035RES200mN2890000E3760400,200,1059,556,79,268,23,111,83,30955370,33648,556,0,379,0,36,140,1,318,21.5,14,38.5,60,79,210,211,161,203,53,8
CRS3035RES200mN2890000E3760600,200,1193,683,98,380,21,180,53,41648695.7,34142,675,8,569,0,26,85,3,81,18,11,42,71.5,77.5,392,268,149,129,35,0
CRS3035RES200mN2890000E3760800,200,1614,914,124,495,26,295,80,60250425.3,50548,908,6,487,95,178,149,5,250,51,24,67,72,102,433,347,188,254,76,0
CRS3035RES200mN2890000E3761000,200,1180,667,101,356,19,236,68,45214321.2,36179,666,1,503,0,52,104,8,80,48,17,45.5,65,71.5,345,271,140,126,51,0
CRS3035RES200mN2890000E3761200,200,949,524,78,284,25,196,30,37522102.3,28478,520,4,357,20,0,85,62,20,30,20,28.5,43.5,71,306,201,104,114,31,0
CRS3035RES200mN2890000E3761400,200,1177.5,715,109,421,16,293,52,49257776.2,39068,708,7,483,25,7,192,8,59,27,12.5,45,51,70,347,246,167,161,51,0
CRS3035RES200mN2890000E3761600,200,1565.5,918,126,545,28,344,77,62899194.5,46888,911,7,834,0,1,78,5,53,49,24.5,60.5,92.5,96.5,506.5,356,161,163,53,3
CRS3035RES200mN2890000E3761800,200,923.5,475,49,219,21,225,36,41120052.7,31596,469,6,423,17,0,34,1,0,34,12.5,43,57,57,239,202,94,134,51,0
CRS3035RES200mN2890000E3762000,200,1320,759,85,415,15,336,50,52597425.4,40404,750,9,587,11,0,146,15,27,55.5,21,40.5,72,75,427,297,129,149,54,0
CRS3035RES200mN2890000E3762200,200,1495,932,141,581,17,382,49,51625028.7,41872,928,4,570,143,2,215,2,75,51.5,21,44,52.5,70,564,315,141,172,64,0
CRS3035RES200mN2890000E3762400,200,1622,918,108,497,27,421,65,57591186,46925,913,5,330,240,76,270,2,66,63,28,53.5,84,81.5,496,338,173,219,86,0
CRS3035RES200mN2890000E3762600,200,1432,730,65,333,25,354,52,57902207.8,47591,706,24,286,135,131,177,1,0,58,25,64,73,102,350,301,157,203,99,0
CRS3035RES200mN2890000E3762800,200,1273,755,72,425,13,281,42,45528740.4,39231,743,12,338,101,143,173,0,49,40.5,21,41.5,55,70,422,250,135,147,85,6
CRS3035RES200mN2890000E3763000,200,1105,657,96,407,24,171,47,35794298.5,31583,651,6,360,7,73,217,0,108,38,14,46,55,94,377,215,107,129,30,0
CRS3035RES200mN2890000E3763200,200,818,433,81,235,20,91,49,20782455.1,19095,431,2,345,10,4,73,1,155,34.5,16.5,31,55,52,231,186,109,86,16,1
CRS3035RES200mN2890000E3763400,200,2511,984,180,385,110,29,158,54752840.4,59045,984,0,123,131,555,175,0,746,110,68.5,170.5,228.5,198.5,505,529,324,264,73,40
CRS3035RES200mN2890000E3763600,200,1538.5,607,114,233,78,67,79,35696692.1,36992,607,0,169,2,227,207,2,216,81,36,82.5,132,111,371,300,198,179,48,0
CRS3035RES200mN2890000E3763800,200,985,498,61,236,20,173,50,32040680.2,27054,490,8,399,16,1,81,1,64,56.5,20,40.5,56,68,272,242,112,80,36,2
CRS3035RES200mN2890000E3764000,200,1218,662,66,346,15,282,38,42311491.8,32925,649,13,522,34,0,105,1,45,53.5,23.5,58.5,53,70.5,410,266,114,123,46,0
CRS3035RES200mN2890000E3764600,200,2175.5,1081,144,544,64,150,122,58089768.7,58790,1063,18,675,191,167,46,2,461,104,43.5,118,150.5,180.5,519,452,251,271,83,3
CRS3035RES200mN2890000E3764800,200,737.5,349,34,164,21,196,26,29170702.4,23910,229,120,222,16,64,47,0,52,25,9.5,34.5,57.5,47,151,150,89,124,41,9
CRS3035RES200mN2890000E3768000,200,861.5,430,65,205,18,242,57,20663883.7,22896,403,27,32,239,19,140,0,1,54,25.5,53,59,58,254,209,77,46,26,0
CRS3035RES200mN2890000E3778400,200,957,372,61,121,47,184,59,19693206.6,26454,372,0,0,83,130,159,0,103,65,34,77.5,109,54.5,189,163,102,112,51,0
CRS3035RES200mN2890000E3778600,200,1656,589,110,159,103,142,114,30641362.2,45331,588,1,4,257,115,213,0,420,119,52,146,205,108,271,327,171,172,78,7
CRS3035RES200mN2890200E3755200,200,1466,678,107,291,43,275,71,68943309.6,55374,621,57,515,101,4,58,0,72,46.5,36.5,92,141.5,123.5,271,318,177,179,77,4
CRS3035RES200mN2890200E3755600,200,1700.5,793,97,327,53,389,78,80485860.9,62553,725,68,673,62,9,49,0,0,55,33,100,150,137.5,318,353,188,249,117,0
CRS3035RES200mN2890200E3760000,200,669,323,39,152,19,112,35,27652167.2,22180,315,8,274,0,0,49,0,85,21,13.5,47,63,50.5,137,168,65,75,28,1
CRS3035RES200mN2890200E3760600,200,1131.5,648,89,343,14,229,42,45876200.1,34770,640,8,568,0,7,67,6,5,37,15.5,43.5,50,51.5,393,262,123,123,33,0
CRS3035RES200mN2890200E3760800,200,1539,867,154,471,32,308,67,52816685.8,44599,855,12,745,10,26,76,10,59,55.5,23,43.5,81.5,104.5,494,365,164,154,52,2
CRS3035RES200mN2890200E3761000,200,1770,1120,207,719,26,394,59,57896585,48117,1113,7,992,9,7,100,12,59,40,16.5,36.5,64.5,123.5,703,368,187,166,65,0
CRS3035RES200mN2890200E3761200,200,1443,844,126,484,24,276,57,54205876,39753,836,8,651,12,30,130,21,0,60,18.5,48,50.5,91,564,321,127,115,48,0
CRS3035RES200mN2890200E3761800,200,1408,753,106,389,28,382,61,53362671.6,43029,743,10,690,11,1,50,1,69,69,23,69.5,81.5,93,372,305,169,184,41,1
CRS3035RES200mN2890200E3762000,200,1391.5,810,104,468,24,325,55,52108745.9,40602,797,13,743,0,0,61,6,43,54,22.5,50,65,73,447,282,157,183,57,1
CRS3035RES200mN2890200E3762200,200,1514.5,859,115,473,30,310,51,54306731.8,42223,845,14,748,20,22,62,7,9,58.5,25.5,60,65.5,80.5,555.5,289,143,177,60,0
CRS3035RES200mN2890200E3762400,200,1362.5,719,102,363,33,290,61,46679195.9,41290,697,22,535,0,36,148,0,55,46,25.5,62.5,96.5,83,414,310,130,135,60,0
CRS3035RES200mN2890200E3762600,200,1667.5,1032,198,649,18,352,70,50843560.6,43348,1030,2,579,132,83,238,0,123,48.5,21,55.5,76.5,102,585,349,185,181,57,7
CRS3035RES200mN2890200E3762800,200,1336,801,115,488,20,309,46,43908741.3,36816,799,2,347,7,231,215,1,73,47,24,35,62.5,73.5,492,238,160,161,42,1
CRS3035RES200mN2890200E3763000,200,1554,855,179,494,39,295,71,39924693.6,35239,852,3,591,11,73,177,3,192,45.5,25.5,62,118,82,476,318,151,206,59,11
CRS3035RES200mN2890200E3763200,200,985,554,90,315,18,188,52,26610315.2,24395,551,3,367,0,31,155,1,85,42.5,16,46.5,44,50,349,208,108,96,24,1
CRS3035RES200mN2890200E3763400,200,1942.5,783,253,293,75,6,126,35891062.1,42401,783,0,46,211,253,273,0,773,70.5,43,127.5,190.5,107,316,433,275,261,84,35
CRS3035RES200mN2890200E3763600,200,1749.5,761,166,347,73,101,112,34750928.4,39057,759,2,216,313,101,131,0,511,66,37,108.5,142.5,101.5,359,344,206,217,95,73
CRS3035RES200mN2890200E3763800,200,1959,1190,255,734,32,178,135,48903788.7,46015,1187,3,549,120,449,72,0,373,87.5,30,73.5,85.5,79.5,519,421,289,271,96,7
CRS3035RES200mN2890200E3764000,200,1810.5,1071,108,624,19,477,67,60762346.3,49933,1057,14,410,266,97,298,0,67,68.5,25.5,63,71,86.5,603,394,175,211,92,21
CRS3035RES200mN2890200E3764200,200,1771,1044,103,590,22,518,66,60560281.5,51638,1038,6,476,105,260,198,5,29,77.5,33.5,61,65,75,557,380,207,217,98,0
CRS3035RES200mN2890200E3764400,200,784,434,56,230,14,172,37,24873389,20774,431,3,355,28,9,41,1,21,22,6.5,29.5,42.5,59.5,264,157,90,80,32,1
CRS3035RES200mN2890200E3764600,200,1285,760,110,455,23,325,53,41071431.1,33979,737,23,374,97,175,114,0,92,43,14,60,69,57,405,285,170,138,43,1
CRS3035RES200mN2890200E3764800,200,1365.5,749,66,372,16,399,57,49350649.4,42624,695,54,325,296,40,87,1,38,67,12,51.5,50,82,384,288,164,175,92,0
CRS3035RES200mN2890200E3768200,200,402.5,183,28,71,16,102,17,8401787.4,10238,158,25,18,126,2,37,0,0,17.5,12,22,30.5,17.5,141,64,45,36,17,0
CRS3035RES200mN2890200E3768600,200,870,291,71,67,50,77,58,16416944.2,21619,247,44,9,67,185,30,0,188,40,32.5,70,103,65.5,148,179,112,83,22,15
CRS3035RES200mN2890200E3773000,200,555.5,221,36,77,24,87,34,12096984.7,12922,200,21,12,6,4,199,0,76,47,30.5,43.5,44.5,38,174,114,33,23,8,0
CRS3035RES200mN2890200E3773200,200,1367,543,170,170,58,5,134,22407462.2,31511,538,5,4,8,437,93,1,529,80,45.5,111.5,160.5,108.5,257,269,173,134,28,0
CRS3035RES200mN2890200E3778200,200,732,371,70,175,18,131,67,15484354.5,21129,364,7,4,188,31,148,0,138,48,13,46,57,44,184,136,64,95,45,0
CRS3035RES200mN2890200E3778400,200,1327,610,108,256,46,227,106,27075808.8,37858,584,26,30,0,266,313,1,264,68.5,38,97,117.5,78,257,261,141,170,99,0
CRS3035RES200mN2890400E3755200,200,1287,618,93,283,40,275,61,65555415.7,55567,543,75,327,174,84,32,1,25,45,30,84,94.5,114.5,208,265,151,193,102,0
CRS3035RES200mN2890400E3755800,200,1269,662,93,334,37,298,59,60169443.4,53549,614,48,339,264,25,34,0,36,43.5,25,52.5,90,104,268,242,131,214,99,0
CRS3035RES200mN2890400E3760000,200,630.5,337,40,176,16,132,25,29463651,21659,333,4,294,0,0,43,0,0,27,9,25,39,38,188.5,136,77,68,23,0
CRS3035RES200mN2890400E3760200,200,875.5,498,61,262,13,132,46,33691242.2,25150,489,9,422,0,42,33,1,30,35,14,29,35.5,56,297,190,97,94,28,0
CRS3035RES200mN2890400E3760400,200,1896.5,1185,159,728,19,422,83,75146707.1,54732,1175,10,977,9,0,192,7,14,64,23,69.5,69,118,660,395,219,214,64,1
CRS3035RES200mN2890400E3760600,200,1677.5,1025,169,624,23,367,61,59675664.2,46379,1017,8,796,0,38,189,2,72,46,18.5,57.5,76,98.5,568,395,173,194,51,0
CRS3035RES200mN2890400E3760800,200,887,447,62,215,24,183,46,36687170.7,28616,434,13,376,0,0,59,12,45,32,16,48,73,75,214,223,105,72,26,3
CRS3035RES200mN2890400E3761000,200,330,146,6,57,15,27,17,13131531.4,10188,146,0,105,0,0,40,1,60,16,5,13,21,39,76,72,50,31,7,0
CRS3035RES200mN2890400E3761200,200,1160,644,87,356,19,228,50,44535395.5,33037,638,6,550,0,1,89,4,14,35,20,46,67,70,409,264,126,96,27,0
CRS3035RES200mN2890400E3762200,200,1364.5,756,77,403,23,219,72,44920650.8,37432,747,9,380,121,16,239,0,131,63.5,21.5,51.5,72.5,72.5,430,285,162,148,58,0
CRS3035RES200mN2890400E3762400,200,1760,1061,172,649,29,421,81,53858346.4,41497,1059,2,920,15,15,108,3,36,58,26,56.5,95,92.5,661,336,199,191,45,0
CRS3035RES200mN2890400E3762600,200,1880,1159,176,762,27,417,77,56297855.3,47982,1157,2,614,0,83,460,2,88,77.5,22.5,57.5,86.5,85,659,409,209,178,61,35
CRS3035RES200mN2890400E3762800,200,2258.5,1181,254,647,65,296,114,55136374.5,58480,1177,4,533,0,160,487,1,496,67,40,89.5,125.5,133.5,565,463,291,345,98,41
CRS3035RES200mN2890400E3763000,200,1612,838,149,421,35,427,59,52022792.8,44179,837,1,316,22,97,402,1,73,71.5,29.5,72.5,82.5,91,481,330,173,210,71,0
CRS3035RES200mN2890400E3763200,200,1755,934,141,510,42,329,68,51100204.4,43382,930,4,593,27,69,244,1,153,77,35,77,100.5,93.5,627,353,175,168,49,0
CRS3035RES200mN2890400E3763400,200,1048.5,566,102,326,24,179,48,26981072.6,24775,564,2,345,0,101,119,1,123,40.5,13,40.5,61,54.5,329,223,100,118,51,18
CRS3035RES200mN2890400E3763600,200,1747,881,132,470,50,219,90,43166862.6,40690,874,7,528,37,1,313,2,286,78.5,40,62,102.5,113,565,343,200,179,46,18
CRS3035RES200mN2890400E3763800,200,1674,660,151,266,76,179,87,40152733.3,33183,640,20,297,13,58,291,1,270,71.5,50.5,103.5,161.5,103,333,357,206,125,27,136
CRS3035RES200mN2890400E3764200,200,2382,1187,137,565,51,480,107,74189278.9,66519,1180,7,501,227,152,306,1,253,98.5,44,121.5,150.5,107.5,591,495,322,335,106,11
CRS3035RES200mN2890400E3764400,200,2071.5,1164,153,638,38,421,112,62065535.3,55667,1158,6,720,160,91,182,11,61,99,38.5,89.5,91.5,123,612,466,219,231,100,2
CRS3035RES200mN2890400E3764600,200,1803,905,94,417,36,528,71,62901722.2,52345,892,13,245,143,251,264,2,31,72.5,34.5,98,124,112,427,415,205,204,111,0
CRS3035RES200mN2890400E3764800,200,1321.5,718,74,379,22,361,54,42776799.5,38018,684,34,200,25,148,344,1,51,47.5,23,48,84.5,84.5,289,319,183,189,54,0
CRS3035RES200mN2890400E3768200,200,379.5,176,29,81,16,105,14,8706496.5,9909,134,42,40,85,6,44,1,0,23,8,19.5,23.5,26.5,97,85,47,37,12,1
CRS3035RES200mN2890400E3768800,200,1490,479,156,130,105,45,101,24331645.9,34077,466,13,6,11,375,87,0,424,74.5,34.5,118.5,187.5,116,252,291,188,142,36,50
CRS3035RES200mN2890400E3778400,200,649,293,25,108,22,229,47,16117403.8,22683,277,16,11,3,114,163,2,0,28,12.5,48,52.5,47,118,117,64,107,55,0
CRS3035RES200mN2890600E3755200,200,1355,628,79,282,51,251,73,62152321.6,47539,597,31,383,42,118,85,0,38,39,27.5,94.5,118.5,139.5,279,260,137,170,90,0
CRS3035RES200mN2890600E3760000,200,636.5,317,45,147,15,95,23,28039705,20764,314,3,223,12,22,60,0,31,24,14,24,51.5,46,163,147,73,71,20,3
CRS3035RES200mN2890600E3760200,200,842,475,55,268,13,174,26,35460036.4,24255,471,4,418,0,0,57,0,11,36,14.5,35.5,46.5,55.5,293,194,90,59,18,0
CRS3035RES200mN2890600E3760400,200,1554,890,145,503,33,313,72,55106159.6,43729,872,18,714,44,0,131,1,78,37.5,17.5,48,101.5,121.5,508,330,178,171,41,0
CRS3035RES200mN2890600E3760800,200,1245.5,691,115,370,26,239,55,44602998.7,32873,675,16,652,0,0,39,0,0,42.5,21,38.5,55.5,94,449,268,116,140,21,0
CRS3035RES200mN2890600E3761000,200,900.5,518,68,291,17,177,34,33344327.1,24647,507,11,420,16,6,76,0,1,36,17,20.5,47.5,57.5,375,185,82,66,14,0
CRS3035RES200mN2890600E3761200,200,1596,935,151,576,35,353,52,52660850.4,44064,919,16,777,21,9,121,7,111,56.5,18,63.5,90.5,86.5,530,343,170,178,60,0
CRS3035RES200mN2890600E3761400,200,1240,636,108,323,27,276,44,45533005.1,37263,614,22,544,4,0,80,8,62,52,16,52.5,90,79.5,351,247,136,160,53,3
CRS3035RES200mN2890600E3761600,200,831,362,39,147,27,130,18,30769479.7,27859,354,8,252,0,0,108,2,0,33,8,47.5,81.5,82,205,212,80,54,24,4
CRS3035RES200mN2890600E3761800,200,1229.5,671,86,343,23,282,51,41723969.9,32688,670,1,506,79,34,51,1,57,45.5,23.5,44,53,62.5,444,259,120,121,50,7
CRS3035RES200mN2890600E3762200,200,2008.5,1162,139,640,22,510,90,71087201.2,54241,1157,5,1111,0,2,44,5,20,81,24,70.5,103.5,112.5,746,425,200,178,68,0
CRS3035RES200mN2890600E3762400,200,1562.5,929,159,565,22,378,78,48961400.5,39740,928,1,664,72,32,161,0,12,61.5,29.5,65.5,89,72,537,340,139,161,60,8
CRS3035RES200mN2890600E3762600,200,2157,880,322,391,123,159,100,39272011,39981,879,1,356,0,206,315,3,525,102.5,53,161.5,242.5,95.5,372,362,270,304,70,124
CRS3035RES200mN2890600E3762800,200,1556.5,823,161,464,44,293,77,39099494.6,37103,823,0,349,0,116,356,2,203,46.5,21,63.5,98,73.5,448,337,192,217,41,19
CRS3035RES200mN2890600E3763000,200,2573,1056,213,429,104,127,162,55779664.9,63354,1055,1,133,92,472,316,43,849,126,75.5,174.5,229.5,165,464.5,525,329,332,120,32
CRS3035RES200mN2890600E3763200,200,1330,556,63,193,50,366,52,40472401.3,36165,556,0,21,460,14,61,0,14,59,44.5,85,105.5,68,339,254,153,153,68,1
CRS3035RES200mN2890600E3763600,200,1757,774,139,352,64,163,107,43443060,41213,767,7,321,100,141,210,2,383,76,45,94,172,130,420,386,206,184,39,5
CRS3035RES200mN2890600E3763800,200,1084.5,588,81,314,19,286,46,34572796.7,29560,558,30,253,104,80,151,0,47,43.5,26,50.5,63.5,51,327,252,118,118,35,0
CRS3035RES200mN2890600E3764000,200,1561,849,136,452,31,231,92,41594654,39361,840,9,437,232,77,103,0,290,56,30.5,67.5,97,77,436,370,208,160,57,2
CRS3035RES200mN2890600E3764200,200,1649,763,126,359,55,340,77,46336506.1,45055,755,8,219,29,422,93,0,44,67.5,34.5,80.5,125,73.5,308,334,204,275,101,46
CRS3035RES200mN2890600E3764400,200,2908.5,1248,196,522,133,177,197,66511673.1,73441,1230,18,480,157,509,101,1,890,135.5,78,191.5,290,196.5,532,593,350,385,133,24
CRS3035RES200mN2890600E3764600,200,884.5,467,44,239,18,200,36,30048895.6,26564,460,7,169,151,48,96,3,50,42,15,35,51.5,52,222,184,88,130,65,0
CRS3035RES200mN2890600E3764800,200,1094.5,449,38,166,48,140,55,32439800.8,30107,449,0,16,64,105,264,0,236,46,22,67,91,107,182.5,237,155,148,31,8
CRS3035RES200mN2890600E3768200,200,475,191,62,69,20,73,35,9669589.8,11802,106,85,29,109,10,43,0,94,26,16.5,39,49.5,34,91,91,64,47,17,0
CRS3035RES200mN2890600E3768600,200,1048.5,354,72,81,60,101,68,19605944.8,22274,321,33,16,243,23,72,0,211,82.5,40.5,105.5,126,74,227,215,86,64,18,10
CRS3035RES200mN2890600E3768800,200,329.5,131,19,41,15,49,26,7157243,9140,90,41,28,18,30,55,0,47,8,1.5,20.5,40.5,37,50,84,45,35,8,0
CRS3035RES200mN2890600E3787000,200,646,243,55,66,27,24,61,11924668.8,15367,220,23,9,3,199,32,0,218,36,24.5,58,72,33.5,125,122,71,78,17,9
CRS3035RES200mN2890600E3787400,200,182,47,3,1,14,30,4,4773921.9,5097,0,47,0,0,0,47,0,16,1,2,13,32.5,30.5,14,55,28,4,2,0
CRS3035RES200mN2890800E3756000,200,591.5,318,41,166,12,116,23,27727379.2,25196,295,23,188,75,13,42,0,0,21,9,16.5,36,49,153,101,75,79,52,0
CRS3035RES200mN2890800E3760200,200,775.5,446,70,266,19,143,31,29192076.7,21928,444,2,291,14,24,115,2,59,22,15,29.5,46,51,260,171,93,77,9,2
CRS3035RES200mN2890800E3760600,200,1812,1136,175,753,30,344,63,62099424.3,46843,1125,11,956,16,0,140,24,87,69,25,55.5,77,106.5,706,366,199,148,60,0
CRS3035RES200mN2890800E3760800,200,1442.5,875,175,527,19,309,37,46535681.2,35521,863,12,786,0,12,77,0,0,37,14.5,56,48,88,560,336,150,128,25,0
CRS3035RES200mN2890800E3761000,200,1384.5,626,124,292,59,263,53,43969539.8,36562,621,5,487,14,9,106,10,98,60.5,29.5,60.5,126,98,351,336,145,128,42,8
CRS3035RES200mN2890800E3761200,200,1634,881,161,458,34,385,48,56031508,42795,874,7,729,0,68,82,2,38,64,25,64.5,78,90.5,556,362,176,162,56,0
CRS3035RES200mN2890800E3761400,200,1759.5,837,137,365,47,374,76,61233152.2,50400,813,24,717,14,0,104,2,118,81,36.5,103,96.5,105.5,464,390,196,222,55,10
CRS3035RES200mN2890800E3761600,200,1445,705,75,306,33,333,49,59149292.2,43971,690,15,637,0,7,51,10,47,71,25.5,63.5,85.5,80.5,449,295,151,165,59,0
CRS3035RES200mN2890800E3761800,200,756,396,49,202,14,130,34,27846444.7,22232,394,2,280,13,38,65,0,28,36.5,18.5,34.5,36.5,42,246,152,68,88,25,9
CRS3035RES200mN2890800E3762000,200,2344,1312,219,742,54,416,117,71212694.5,59309,1311,1,438,18,477,378,1,302,72.5,41.5,104,157,123,752,457,276,279,80,2
CRS3035RES200mN2890800E3762200,200,1919,1116,178,640,40,458,67,61247192.8,47589,1105,11,888,71,32,123,2,30,71.5,27.5,64,89.5,102.5,713,412,183,201,55,0
CRS3035RES200mN2890800E3762400,200,1590,843,180,464,39,386,74,42864708.4,39757,839,4,621,12,131,76,3,72,62,23.5,77,102,122.5,470,347,168,169,40,9
CRS3035RES200mN2890800E3762600,200,1912,893,232,438,73,181,106,39443002.7,42956,890,3,422,0,208,260,3,448,68.5,38,103.5,150,114,443,408,266,253,54,14
CRS3035RES200mN2890800E3762800,200,2017.5,740,225,298,114,137,103,35989949.6,35351,737,3,375,0,213,152,0,421,91,47,143,197,133.5,472,386,233,233,52,30
CRS3035RES200mN2890800E3763000,200,1838.5,751,194,330,91,126,102,36336867.5,38503,750,1,349,20,58,324,0,384,75.5,39,122,151.5,152.5,444,352,222,209,34,37
CRS3035RES200mN2890800E3763200,200,575,314,108,185,18,44,26,12052569.5,12183,312,2,141,0,37,135,1,165,14,8,25.5,36.5,30,140,96,68,108,42,7
CRS3035RES200mN2890800E3763400,200,2325,1097,181,534,69,355,125,57889823.2,57238,1078,19,301,342,327,127,0,438,99,51.5,125.5,179,162,550,491,284,283,86,14
CRS3035RES200mN2890800E3763600,200,1930.5,1026,189,561,49,367,100,50899567.9,46653,1012,14,632,87,218,86,3,194,81,26.5,84.5,112.5,121,640,436,209,163,41,16
CRS3035RES200mN2890800E3763800,200,1348.5,754,96,414,23,209,56,37545827.1,33615,744,10,485,51,99,119,0,111,68,25,46.5,68,72,489,272,145,119,44,0
CRS3035RES200mN2890800E3764000,200,2333.5,1028,177,466,92,318,120,58586818,54730,1013,15,193,304,219,311,1,453,100,51,144,204,151.5,539,519,279,230,79,37
CRS3035RES200mN2890800E3764200,200,2071,821,183,340,100,277,88,47461773.2,43868,800,21,198,199,97,326,1,308,77.5,39.5,124.5,176,113.5,386,401,245,216,67,225
CRS3035RES200mN2890800E3764400,200,3349.5,1612,299,860,128,344,206,76471074.3,82384,1601,11,272,66,810,464,0,871,138.5,77,186,232,191,767,655,457,464,130,52
CRS3035RES200mN2890800E3764600,200,2083.5,1027,114,486,51,465,84,64359278.3,59780,1027,0,263,295,423,45,1,120,101,55.5,103.5,130,114.5,521,447,213,247,142,9
CRS3035RES200mN2890800E3764800,200,1382,668,45,281,26,350,59,48101164.3,41647,659,9,60,390,87,131,0,104,53.5,27,68.5,87,87,329,323,160,178,69,0
CRS3035RES200mN2890800E3768800,200,495.5,206,45,77,23,113,20,10478259.7,11812,136,70,60,41,67,38,0,0,31.5,15,17,43,30,132,98,56,57,16,0
CRS3035RES200mN2890800E3774600,200,452.5,183,28,57,18,102,22,10275069,10838,128,55,56,29,22,76,0,0,27,19.5,43.5,35.5,22,138,81,34,45,7,0
CRS3035RES200mN2890800E3778000,200,290,119,10,44,12,89,7,6601299,8158,49,70,5,66,2,46,0,1,22.5,8,17.5,26,11,78,58,26,28,15,0
CRS3035RES200mN2891000E3749200,200,197,61,3,8,11,56,2,9590576.8,8208,4,57,9,5,0,47,0,0,7,4,15,26,19,22,43,30,27,4,0
CRS3035RES200mN2891000E3750000,200,599,280,41,109,16,77,50,15435464.1,16917,239,41,117,103,0,60,0,193,30,13,42.5,47.5,44,112,147,57,78,28,0
CRS3035RES200mN2891000E3755200,200,1184,586,93,284,36,288,28,61055976.8,58918,502,84,395,151,4,36,0,0,27,21,36,96.5,106.5,207,239,182,177,90,2
CRS3035RES200mN2891000E3755800,200,1314,653,126,325,41,216,69,52188663.7,48311,609,44,226,35,280,112,0,112,62,18.5,89.5,103,115,277,260,139,164,86,0
CRS3035RES200mN2891000E3756000,200,1177,548,77,243,38,237,48,57202332.4,46122,484,64,459,38,8,43,0,0,52,29.5,54,93.5,102,254,240,162,125,65,0
CRS3035RES200mN2891000E3760000,200,631,368,65,213,13,127,28,25069260.9,19034,367,1,272,46,0,47,3,0,26.5,11,29.5,38,37,179,150,70,67,23,0
CRS3035RES200mN2891000E3760200,200,622,301,32,134,18,74,29,27846278.3,19385,297,4,264,0,0,37,0,42,26,11.5,40,50.5,34,194,140,61,50,15,0
CRS3035RES200mN2891000E3760800,200,1432.5,766,120,397,24,317,58,50789849.5,38199,757,9,687,25,7,44,3,51,58.5,27.5,51,96.5,57,495,318,154,138,36,1
CRS3035RES200mN2891000E3761000,200,1564.5,774,155,389,46,302,65,46259330.5,37314,763,11,659,14,0,100,1,132,46,23.5,76,110.5,101.5,476,371,184,126,42,8
CRS3035RES200mN2891000E3761200,200,1693,875,133,432,38,330,73,55235111.4,42497,867,8,763,2,65,42,3,161,81.5,29.5,92,101.5,78.5,578,383,173,132,43,1
CRS3035RES200mN2891000E3761400,200,1783,1026,156,604,34,463,67,59238637.9,46560,1012,14,854,17,29,112,14,6,51,29,68.5,98.5,79,606,390,201,203,57,0
CRS3035RES200mN2891000E3761600,200,1991.5,1051,137,529,44,441,91,67459816.8,51978,1046,5,863,18,7,152,11,101,80.5,32.5,77.5,106.5,104.5,634,425,218,245,67,1
CRS3035RES200mN2891000E3761800,200,1431,747,107,379,34,263,70,48783279.2,37557,744,3,477,0,95,174,1,176,71,29,71,80.5,87.5,416,310,159,174,33,0
CRS3035RES200mN2891000E3762400,200,1872.5,862,175,402,72,147,146,42669516.6,46418,861,1,257,0,231,374,0,467,76,30,80.5,142.5,170.5,470,356,283,207,38,19
CRS3035RES200mN2891000E3762600,200,1522,735,173,351,56,317,52,39795929.4,32878,729,6,572,0,0,159,4,84,62.5,21,76.5,92,94,514,328,167,125,41,1
CRS3035RES200mN2891000E3762800,200,2800.5,1203,251,492,105,441,136,66552359.3,68558,1200,3,373,90,365,375,0,260,123.5,57.5,157.5,207,155,666,541,375,371,138,9
CRS3035RES200mN2891000E3763000,200,2028.5,1077,188,561,44,476,80,57952467.2,49523,1076,1,736,15,57,267,2,163,89,28,71.5,124,110,636,439,246,235,49,1
CRS3035RES200mN2891000E3763200,200,1918,941,180,489,59,240,98,46849237.4,47171,937,4,392,1,272,276,0,409,68,39.5,87,124.5,122,525,399,227,249,61,16
CRS3035RES200mN2891000E3763400,200,1311,669,111,308,23,246,67,40371462,33979,669,0,379,7,80,203,0,174,61.5,25.5,51.5,69,70.5,353,322,165,150,41,2
CRS3035RES200mN2891000E3763600,200,1322,715,121,367,19,323,65,40900540.5,36053,705,10,532,25,67,91,0,118,64,23.5,48,78.5,52.5,386.5,319,138,171,41,0
CRS3035RES200mN2891000E3763800,200,2525,1128,249,485,91,222,169,54942993.9,61484,1123,5,345,75,667,41,0,666,83.5,50.5,142.5,237,159.5,518,504,352,379,96,3
CRS3035RES200mN2891000E3766000,200,409,197,32,83,10,88,33,9952815.9,11903,153,44,81,50,10,56,0,45,25,5.5,17.5,34.5,35.5,118,81,43,32,17,0
CRS3035RES200mN2891000E3766200,200,394.5,137,35,41,24,30,24,7793876.1,8544,121,16,31,1,0,104,1,83,42.5,19.5,46.5,32,21,109,80,29,13,2,0
CRS3035RES200mN2891000E3766400,200,483,192,35,50,15,59,40,10606478.3,12012,185,7,38,2,0,152,0,77,36,21,44,35,35,119,117,50,20,5,1
CRS3035RES200mN2891000E3766600,200,421,144,24,30,24,19,30,8881198.6,9873,91,53,28,8,1,107,0,105,18,14.5,33,44.5,49,78,94,52,29,8,1
CRS3035RES200mN2891000E3766800,200,414,175,46,56,15,94,22,8266759.9,9481,120,55,80,15,47,33,0,23,28,9,27,25,20,90,101,53,45,16,0
CRS3035RES200mN2891000E3772000,200,192.5,58,3,7,13,1,10,3961638.3,3982,57,1,0,0,0,58,0,0,26,17,30,10.5,4,60,28,12,4,1,0
CRS3035RES200mN2891000E3773000,200,372,171,28,72,13,74,25,8339853.9,9535,133,38,60,70,1,40,0,42,19,10,19.5,38.5,25,83,82,32,48,15,0
CRS3035RES200mN2891000E3773400,200,405.5,188,29,84,11,69,17,9603374.4,11064,149,39,74,44,1,69,0,14,32.5,11,28,32.5,25.5,122,74,30,33,17,0
CRS3035RES200mN2891000E3773800,200,448,211,39,90,13,97,26,9707172.3,10493,203,8,44,67,46,54,0,0,26,24.5,29,16.5,34,127,85,40,44,22,0
CRS3035RES200mN2891000E3774000,200,558,311,37,174,11,148,37,13012983.6,16696,302,9,21,21,125,143,1,0,33.5,12,22,32.5,28,143,109,76,59,42,1
CRS3035RES200mN2891000E3774200,200,527.5,210,36,78,25,55,46,10185723.9,12405,199,11,26,0,119,65,0,115,35,19,46,51.5,39,130,85,51,47,17,7
CRS3035RES200mN2891000E3774400,200,543.5,261,55,115,16,113,41,11551882.3,13332,213,48,120,0,57,84,0,31,37.5,25,31.5,32.5,28,167,125,40,42,15,0
CRS3035RES200mN2891000E3774600,200,302,106,10,24,20,26,19,7270618.7,7103,40,66,32,34,2,38,0,0,32.5,10,29.5,23,19,70,60,24,23,11,0
CRS3035RES200mN2891000E3781000,200,257,72,6,4,17,66,9,6665901.6,7081,1,71,0,0,0,72,0,0,9,8,18.5,30.5,46,37,60,33,12,3,0
CRS3035RES200mN2891200E3749000,200,488,149,3,19,34,72,12,20029461.1,16764,7,142,10,7,4,128,0,0,17,11,42,66,61,54,116,75,35,9,2
CRS3035RES200mN2891200E3749200,200,527,212,13,65,20,0,35,12741427.4,12972,211,1,0,0,0,212,0,48,56,16,49.5,39,27.5,165,106,45,17,6,0
CRS3035RES200mN2891200E3749400,200,328,129,14,34,10,32,25,9689349.7,9772,92,37,17,23,3,86,0,52,22,10,24,25.5,30,64.5,73,38,27,14,0
CRS3035RES200mN2891200E3750000,200,1003,426,94,147,38,1,108,18487594.5,24078,426,0,365,7,0,54,0,421,37,32.5,75,113,72.5,189,224,116,115,29,0
CRS3035RES200mN2891200E3750400,200,913.5,434,30,173,16,190,53,31526879.7,25458,428,6,78,4,0,351,1,68,80,28.5,42,58.5,55,344.5,165,67,56,17,0
CRS3035RES200mN2891200E3750600,200,367.5,160,3,54,13,113,12,14449570.3,10760,140,20,29,33,5,93,0,0,25.5,15,15,18,32,138,63,31,26,4,0
CRS3035RES200mN2891200E3755800,200,1187,576,73,279,29,236,67,55595291.4,44445,546,30,224,208,36,107,1,52,51,22.5,57,96.5,111,251,217,137,130,103,11
CRS3035RES200mN2891200E3756000,200,1164.5,496,75,182,43,136,64,58069212.2,46610,428,68,376,32,0,86,2,15,63,33.5,67.5,100.5,114,247,261,122,119,28,9
CRS3035RES200mN2891200E3756200,200,1059.5,562,63,280,25,232,53,48724755.5,36601,551,11,413,48,19,80,2,48,41.5,10.5,42.5,83.5,86.5,264,204,123,135,68,1
CRS3035RES200mN2891200E3760200,200,1185,561,94,254,36,173,64,39686569.2,31783,546,15,399,12,14,136,0,155,56,21.5,57,80.5,99,338,229,139,136,29,0
CRS3035RES200mN2891200E3760400,200,672,323,58,148,19,110,25,25148190.1,20888,317,6,261,0,0,60,2,59,33,21.5,42,42.5,40,169,164,67,69,24,0
CRS3035RES200mN2891200E3760600,200,1286.5,632,83,287,28,195,58,49840977.8,38876,625,7,535,15,0,79,3,116,44.5,21,55.5,88.5,83,364,296,148,146,23,17
CRS3035RES200mN2891200E3760800,200,1688,864,109,414,37,333,71,64734107.5,49067,856,8,553,50,132,129,0,149,66.5,31,85,112.5,97,490,407,186,181,32,0
CRS3035RES200mN2891200E3761000,200,1768,938,149,485,40,355,80,62071171.9,49069,923,15,781,2,12,142,1,66,61,31.5,83,120.5,69,587,388,192,177,48,11
CRS3035RES200mN2891200E3761200,200,1593.5,832,127,431,40,346,61,54338635.1,41673,811,21,746,0,52,31,3,88,72.5,33,68,89,101.5,518,354.5,178,133,46,0
CRS3035RES200mN2891200E3761400,200,1165,606,91,312,30,264,41,40112418.1,30749,593,13,542,3,26,35,0,72,44,23,48.5,51.5,74,348,262,137,138,31,8
CRS3035RES200mN2891200E3761800,200,1055,590,83,314,14,219,48,40459571.2,31800,589,1,339,49,19,182,1,16,46,19.5,36,66,65.5,317,239,121,113,30,2
CRS3035RES200mN2891200E3762200,200,1393,779,139,434,25,226,60,37324364.9,31534,777,2,466,73,156,74,10,150,51,22.5,51,64,65.5,533,245,143,165,43,10
CRS3035RES200mN2891200E3762400,200,1958.5,1030,213,553,49,255,90,47533926.3,40291,1029,1,808,12,13,197,0,199,73,35.5,91,107.5,125.5,611,433,239,200,42,1
CRS3035RES200mN2891200E3762600,200,1753.5,721,126,269,73,281,78,49608104.3,49392,718,3,184,3,144,387,3,203,80.5,38.5,102.5,155.5,110.5,340,358,263,223,64,18
CRS3035RES200mN2891200E3762800,200,2411.5,1026,194,396,99,319,140,61593806,63404,1024,2,182,0,287,554,3,513,118,64.5,164.5,213.5,140,514,535,274,287,84,17
CRS3035RES200mN2891200E3763000,200,1518.5,873,129,526,23,351,66,48283890.5,38649,853,20,569,65,61,176,2,74,67,31,62.5,89.5,82.5,538,324,136,143,44,1
CRS3035RES200mN2891200E3763200,200,1345.5,719,89,372,24,323,74,39632247.8,35016,714,5,424,218,0,76,1,89,50,25.5,74.5,83,72.5,367,289,155,154,75,0
CRS3035RES200mN2891200E3763400,200,2154,1146,126,588,40,451,128,66753429.4,57559,1127,19,707,70,116,250,3,125,100.5,44.5,100.5,139.5,111,592.5,448.5,278,258,81,0
CRS3035RES200mN2891200E3763800,200,1848.5,986,122,495,38,265,110,54917246.4,49657,932,54,573,0,147,265,1,489,73,32,59,114,100.5,485,424,230,269,59,3
CRS3035RES200mN2891200E3766000,200,674,314,59,151,25,112,45,14242979.5,16793,264,50,67,128,3,115,1,94,44,22.5,60,71.5,40,172,147,55,44,18,0
CRS3035RES200mN2891200E3766400,200,336,156,49,77,11,23,18,5886014.8,6643,145,11,111,1,13,31,0,102,28,7,18.5,21.5,15,84,79,35,29,9,10
CRS3035RES200mN2891200E3766800,200,774,362,101,164,26,86,57,14133873.7,16626,336,26,163,96,1,102,0,218,54.5,31,49,48.5,37,191,164,92,78,28,1
CRS3035RES200mN2891200E3773400,200,448.5,169,18,53,24,40,23,10083528.2,10793,148,21,17,3,2,147,0,44,57,21,32,32.5,36,154,70,26,12,7,1
CRS3035RES200mN2891200E3773800,200,376,166,19,69,12,112,17,10123896.8,11817,117,49,63,46,17,40,0,0,22,6.5,17,39.5,43,81,70,38,40,19,0
CRS3035RES200mN2891400E3749200,200,1259.5,418,87,81,73,1,110,22746085,28774,418,0,0,335,0,83,0,417,77,39.5,105.5,147,109.5,245,217,151,117,50,1
CRS3035RES200mN2891400E3750000,200,351,154,30,57,10,27,26,8525479.9,9279,154,0,114,5,0,35,0,115,19,11.5,23.5,30.5,20.5,85,72,37,40,12,0
CRS3035RES200mN2891400E3750200,200,831.5,380,37,152,26,107,53,22923977.8,23447,368,12,141,5,4,230,0,230,46,17,46,52.5,72,181,180,123,74,39,1
CRS3035RES200mN2891400E3750400,200,724,331,53,158,26,101,37,22370242.7,20139,273,58,38,177,45,71,0,183,30,16.5,52.5,59,52,149,148,65,83,69,0
CRS3035RES200mN2891400E3750600,200,497,218,22,77,19,80,25,16286150.6,14999,167,51,42,133,7,35,1,117,17,8.5,30.5,39.5,40.5,81,112,65,70,31,2
CRS3035RES200mN2891400E3750800,200,580.5,219,10,65,19,129,24,22584590.9,17415,148,71,70,74,10,65,0,13,38,15,58,51.5,48,143,128,42,38,19,0
CRS3035RES200mN2891400E3755800,200,1101.5,492,58,206,43,129,59,56935441.1,46156,450,42,394,53,6,39,0,0,48,21.5,75,108,94,200,247,118,131,59,0
CRS3035RES200mN2891400E3756200,200,691,319,43,144,26,124,25,34346829.3,28796,290,29,253,11,19,35,1,0,21,10,30,50,77,125,139,94,103,42,0
CRS3035RES200mN2891400E3758200,200,531,287,43,147,10,106,25,24732269.4,22665,274,13,230,0,14,41,2,15,18,9,20.5,24.5,46,132,114,64,89,14,0
CRS3035RES200mN2891400E3760000,200,679,349,46,182,13,133,20,30389323.4,23047,342,7,213,0,38,98,0,27,14.5,12,27.5,60,54,148,154,84,88,37,0
CRS3035RES200mN2891400E3760200,200,1617,838,102,419,40,309,85,60130116.7,46420,829,9,642,0,7,185,4,58,67.5,29,73,104.5,121,524,349,164,145,40,0
CRS3035RES200mN2891400E3760400,200,1476,743,95,364,34,329,55,60310815.1,47605,725,18,608,4,55,76,0,87,57,32,93.5,103.5,98,402,315,136,180,59,0
CRS3035RES200mN2891400E3760600,200,1090,550,58,256,22,239,46,46380893.1,37402,538,12,446,7,9,88,0,45,41.5,17,42,67.5,75,309,236,118,136,40,8
CRS3035RES200mN2891400E3760800,200,702,313,32,124,15,144,36,31561205.6,21563,309,4,232,0,1,80,0,57,45.5,22.5,49,42,47,165,182,82,51,15,1
CRS3035RES200mN2891400E3761200,200,966,497,66,252,18,232,30,33720115.5,24953,486,11,427,0,20,49,1,1,50,17,29,61.5,57.5,323,212,90,85,40,1
CRS3035RES200mN2891400E3762000,200,1383,648,81,292,46,145,84,41045656.5,35352,647,1,166,167,133,182,0,220,70,38,113.5,105.5,103,433,313,105,69,31,2
CRS3035RES200mN2891400E3762200,200,1616.5,949,173,570,30,314,67,44846047.5,34555,945,4,609,67,48,224,1,123,63.5,26,55.5,64,90.5,590,316,183,180,38,10
CRS3035RES200mN2891400E3762400,200,1455,743,139,360,34,251,89,40690949.4,39173,743,0,356,211,0,175,1,260,51.5,28,84,96.5,77,373,325,194,162,62,2
CRS3035RES200mN2891400E3762600,200,1301.5,723,92,405,32,279,59,42203773.9,38757,711,12,280,6,44,392,1,202,52,18,55,65.5,78,329,267,182,199,56,0
CRS3035RES200mN2891400E3762800,200,1417.5,800,99,450,20,426,66,49074724.6,38964,780,20,576,10,62,152,0,10,59,25,72.5,63,64,415,322,138,164,83,12
CRS3035RES200mN2891400E3763200,200,1129,550,68,270,29,201,60,34502154.2,33390,548,2,158,259,0,133,0,203,36,31,57.5,91,78.5,197,248,130,172,80,8
CRS3035RES200mN2891400E3763400,200,1379,790,118,461,29,265,66,42162982.1,36467,789,1,210,59,136,383,2,91,56.5,19.5,51.5,72.5,89,415,301,152,159,53,10
CRS3035RES200mN2891400E3763600,200,1902,947,148,440,45,469,107,55402040.7,50442,926,21,468,58,218,203,0,152,88.5,43,91,135,111.5,428,408,228,253,116,0
CRS3035RES200mN2891400E3763800,200,2536.5,1070,204,428,129,231,153,55425555.3,66496,1070,0,313,73,293,389,2,712,110,56.5,152,219,158.5,447.5,479,312,447,125,30
CRS3035RES200mN2891400E3766000,200,1195.5,545,59,231,43,226,54,31292854.8,32508,517,28,104,182,77,181,1,136,71,38.5,81,89,57,291,255,123,139,51,0
CRS3035RES200mN2891400E3766400,200,1761.5,703,145,256,86,30,141,33997311.3,49059,699,4,2,0,523,178,0,648,94,38,120,174.5,127,308,353,247,220,66,14
CRS3035RES200mN2891400E3766600,200,689,282,52,103,22,139,38,16776258,17865,237,45,38,72,25,147,0,89,49,17,45.5,58,50.5,144,147,84,69,22,3
CRS3035RES200mN2891400E3766800,200,1499.5,593,196,209,68,57,124,24365058.1,35886,591,2,0,525,1,67,0,525,69,46,121.5,173,107,276,320,172,146,68,1
CRS3035RES200mN2891400E3772000,200,284,105,16,34,12,55,15,6262253.8,7143,60,45,39,10,5,51,0,0,13,14,30,31,20,61,57,22,27,9,0
CRS3035RES200mN2891400E3772200,200,410.5,158,26,46,13,48,23,9681372.3,9931,116,42,68,8,0,82,0,44,43.5,19.5,31,29.5,26,122,69,42,20,7,1
CRS3035RES200mN2891400E3772400,200,862,434,37,196,15,239,44,22759573.3,25718,394,40,48,25,193,167,1,0,58,14,40,52,62,257,152,73,97,57,0
CRS3035RES200mN2891400E3773600,200,911.5,397,35,157,29,288,52,22131413.5,26240,362,35,30,53,280,34,0,1,48,34,75.5,71,67,164,165,111,109,57,10
CRS3035RES200mN2891400E3774000,200,506,233,16,114,17,118,22,12562404.5,15458,200,33,8,62,99,64,0,63,34.5,20,33,40.5,17,130,88,54,56,32,1
CRS3035RES200mN2891400E3774400,200,554.5,237,38,92,24,115,33,12006199.8,13041,190,47,68,15,51,103,0,0,27.5,17.5,44.5,51,44,145,113,48,50,14,0
CRS3035RES200mN2891600E3748400,200,416.5,174,2,57,17,129,20,18059172.4,14924,124,50,6,27,104,37,0,0,11,4,28,50,44.5,56,97,51,47,28,0
CRS3035RES200mN2891600E3749000,200,618.5,246,20,52,15,195,40,20580932.7,17738,216,30,1,172,8,65,0,0,36,14,51,43.5,46,122,143,74,57,32,0
CRS3035RES200mN2891600E3749400,200,1239,483,24,136,42,346,63,35923842.6,32159,469,14,5,382,2,94,0,19,69,44.5,82,137,75.5,261,282,123,124,41,0
CRS3035RES200mN2891600E3749800,200,329.5,139,21,51,13,27,23,8550355.9,9759,123,16,5,4,95,35,0,103,13,7.5,14.5,25,24.5,41,81,56,45,22,0
CRS3035RES200mN2891600E3750000,200,496,241,13,101,10,131,21,17652390.6,14323,207,34,64,11,3,163,0,0,24,11,26,29,42,149,84,53,50,28,0
CRS3035RES200mN2891600E3750800,200,428.5,187,5,75,14,107,14,17774374.5,14887,107,80,63,13,7,104,0,0,16,10,31.5,41.5,25.5,89,99,48,48,20,0
CRS3035RES200mN2891600E3756200,200,399,182,21,75,18,86,13,20991766.4,21195,167,15,67,45,5,65,0,0,11,7,11,35,42,58,74,56,65,40,0
CRS3035RES200mN2891600E3760000,200,821,407,54,199,21,153,31,35161352.5,25144,398,9,339,15,0,53,0,20,33.5,17.5,34.5,54,72.5,250,178,82,67,32,0
CRS3035RES200mN2891600E3760200,200,1001,527,75,264,22,218,38,37710971.4,29726,513,14,409,13,0,103,2,24,38,11.5,34,62.5,60,310,211,112,122,39,1
CRS3035RES200mN2891600E3760400,200,1428.5,680,93,341,52,244,58,53074116.5,40759,665,15,460,0,20,199,1,144,60,31.5,84.5,126.5,114,390,303,144,127,41,7
CRS3035RES200mN2891600E3760600,200,1553,786,87,379,32,382,60,64217503.2,49017,773,13,596,31,13,145,1,24,87.5,20,81,103.5,90,458,330,147,168,68,0
CRS3035RES200mN2891600E3760800,200,1937,863,94,343,52,290,62,68075184.3,56609,841,22,547,0,27,268,21,105,99.5,43.5,85.5,177,174.5,576,393,161,185,42,0
CRS3035RES200mN2891600E3761200,200,1206,572,70,264,33,235,55,39843639.2,32845,563,9,498,1,15,53,5,58,60.5,22.5,56.5,85,84.5,382,263,120,101,31,0
CRS3035RES200mN2891600E3761600,200,1240.5,585,114,271,41,176,81,32410557.9,31002,585,0,127,232,108,116,2,235,55,29.5,72,99,75,300,248,142,174,46,0
CRS3035RES200mN2891600E3761800,200,1490,821,105,457,28,204,66,46445613.7,39827,821,0,286,58,184,293,0,302,67,28.5,61.5,89,71,406,318,156,204,89,0
CRS3035RES200mN2891600E3762200,200,1803,664,142,222,101,52,107,39550878.9,44590,663,1,209,1,344,110,0,542,70,41,103,189,150,313,339,251,275,48,24
CRS3035RES200mN2891600E3762400,200,1892.5,870,165,359,70,196,107,47844054.5,49097,868,2,424,39,85,320,2,384,70.5,32,96,133,119,374,374,266,311,115,2
CRS3035RES200mN2891600E3762600,200,1568,893,117,519,34,452,60,54264723.9,43966,879,14,352,259,70,209,3,0,79,24.5,75.5,80,62,467,309,140,205,126,0
CRS3035RES200mN2891600E3763400,200,1891,797,76,316,68,310,73,64395937.2,50945,792,5,136,56,12,557,36,222,95.5,50.5,147.5,191,124.5,365,446,230,185,56,0
CRS3035RES200mN2891600E3763600,200,1566,821,113,426,38,250,72,47747463.1,39058,815,6,454,209,30,128,0,206,96.5,42,79,82,63.5,481,331,167,161,63,0
CRS3035RES200mN2891600E3763800,200,921,498,58,256,17,219,41,32336507.8,25966,472,26,237,30,25,205,1,60,37.5,15,42,45.5,60,250,198,116,120,37,0
CRS3035RES200mN2891600E3766000,200,927.5,476,78,218,14,197,50,23525090.8,24319,457,19,259,92,43,79,3,86,51,25,38.5,51,41,254,216,96,114,41,0
CRS3035RES200mN2891600E3766400,200,637.5,246,34,81,36,88,36,15571476.7,16296,200,46,96,4,1,145,0,120,33,17,52,61.5,53,136,154,67,56,8,0
CRS3035RES200mN2891600E3766600,200,522,244,39,101,12,135,26,13681164.6,14443,204,40,66,79,0,98,1,6,34,13.5,29.5,34,32,140,112,63,49,15,0
CRS3035RES200mN2891600E3772400,200,404.5,193,16,82,13,109,21,11351320.7,11856,156,37,51,2,50,90,0,0,14,11,25,33,30.5,116,87,36,38,14,0
CRS3035RES200mN2891600E3772600,200,702.5,316,47,130,17,143,38,17547546.4,20457,285,31,133,12,55,113,3,8,52.5,20,50,35,47,182,140,64,71,41,0
CRS3035RES200mN2891600E3772800,200,396,213,66,122,11,87,26,9889756.4,11552,163,50,115,7,3,88,0,87,15,8,12.5,29.5,64,125,70,35,24,11,2
CRS3035RES200mN2891600E3773000,200,398,156,28,55,19,51,20,9622435.2,10578,119,37,33,2,2,119,0,56,37,20,29,42,24,127,66,25,20,7,1
CRS3035RES200mN2891600E3774400,200,310.5,118,13,27,15,91,15,7955631.7,9658,38,80,57,6,24,30,1,0,6,4.5,14,34,32,45,67,49,48,9,2
CRS3035RES200mN2891800E3749400,200,549.5,262,22,99,12,142,43,16382293.1,15452,253,9,0,116,3,142,1,35,29.5,13.5,29.5,32,52,161,108,70,39,15,0
CRS3035RES200mN2891800E3749600,200,560,255,37,109,14,31,51,12057021.6,14123,238,17,4,173,3,75,0,179,32,19.5,45,47,46.5,117,123,56,50,22,2
CRS3035RES200mN2891800E3749800,200,333.5,124,2,28,12,108,16,13260611.6,11911,59,65,34,24,33,33,0,0,12,9,21.5,33,42,33,76,49,35,23,0
CRS3035RES200mN2891800E3750000,200,594.5,230,7,71,24,130,31,21942095,16725,193,37,32,11,2,185,0,56,19.5,11,45.5,88,52.5,95,183,56,34,10,0
CRS3035RES200mN2891800E3758200,200,580,268,41,130,23,92,21,26828435.8,21393,261,7,237,0,0,30,1,24,21,12,32.5,64.5,59,130,126,72,51,12,0
CRS3035RES200mN2891800E3758800,200,581.5,286,39,135,19,85,21,23516355.9,18920,271,15,248,0,0,37,1,50,18.5,7,23,52,54,154,141,53,59,19,1
CRS3035RES200mN2891800E3760000,200,1859.5,1024,104,555,23,436,69,79901588.8,55788,1006,18,912,10,0,99,3,0,87,26,78,108.5,103,598,367,199,215,74,4
CRS3035RES200mN2891800E3760200,200,1948.5,1089,129,598,30,427,79,75899251.1,55454,1070,19,989,11,25,64,0,4,77,39.5,71,109.5,114,648,444.5,160,205,79,1
CRS3035RES200mN2891800E3760400,200,1863.5,1056,146,615,35,423,72,70801770.6,52698,987,69,841,32,1,182,0,34,74.5,32.5,84,114.5,123,634,387,173,175,66,0
CRS3035RES200mN2891800E3760600,200,1849,919,98,456,47,435,69,81939348.7,60709,879,40,787,29,29,74,0,0,99.5,38.5,96.5,141.5,112,514,410,180,179,78,0
CRS3035RES200mN2891800E3760800,200,949.5,455,59,216,32,217,40,39740332.8,30756,445,10,363,0,30,61,1,12,42.5,10,52.5,77,72.5,234,232,103,97,29,0
CRS3035RES200mN2891800E3761200,200,1435.5,744,98,370,32,286,52,49572885.1,41225,728,16,638,17,0,89,0,40,61.5,23.5,65.5,85,76,508,300,145,121,42,8
CRS3035RES200mN2891800E3761400,200,792,445,72,242,15,191,33,26089239.9,19695,440,5,413,0,0,30,2,10,32,11,41.5,37,43.5,282,170,80,79,16,0
CRS3035RES200mN2891800E3761800,200,1750,1008,139,564,24,349,65,60189192.5,46913,1005,3,803,11,63,130,1,55,68.5,16,61,84,105.5,686,338,184,150,56,1
CRS3035RES200mN2891800E3762000,200,918,495,54,265,15,172,45,31083559.1,24873,495,0,289,0,101,104,1,107,48.5,23.5,51.5,50,53.5,293,227,81,63,26,1
CRS3035RES200mN2891800E3762200,200,841,421,65,214,28,92,54,19939269.1,20715,419,2,125,85,0,211,0,173,20,11.5,39,68,62.5,212,174,107,99,33,15
CRS3035RES200mN2891800E3762400,200,2418.5,996,155,373,112,291,128,69244943.7,59736,996,0,184,560,106,146,0,247,142,91,153,216,183.5,503,448,257,303,121,1
CRS3035RES200mN2891800E3762600,200,1107.5,540,72,259,38,179,52,34319715.2,29057,539,1,211,163,92,72,2,8,47.5,23,60,89,61,306,231,125,110,54,1
CRS3035RES200mN2891800E3763600,200,1224.5,644,76,341,34,360,39,45047376.7,36995,608,36,406,67,89,81,1,0,47,27,58,85,72.5,311,293,128,130,72,1
CRS3035RES200mN2891800E3766600,200,798,321,41,94,30,229,32,19651083.1,22690,275,46,43,11,123,144,0,38,54,24,50,60.5,50.5,174,165,89,105,26,0
CRS3035RES200mN2891800E3766800,200,662,263,38,92,36,144,33,16032703.2,16753,224,39,57,7,24,175,0,42,45.5,30,50.5,62.5,51.5,158,136,68,45,15,0
CRS3035RES200mN2891800E3772600,200,727,358,77,168,18,126,46,16108388.5,17465,350,8,175,12,63,106,2,0,52.5,15.5,43,49,68,259,121,56,41,22,0
CRS3035RES200mN2891800E3774800,200,242,78,9,18,16,60,5,5718885.2,6487,16,62,19,13,16,30,0,0,10,9.5,18,24,24.5,37,55,23,23,18,0
CRS3035RES200mN2892000E3752000,200,874.5,381,23,148,25,80,44,29109243.9,24541,378,3,63,9,190,119,0,0,52.5,21,45.5,72.5,64,228,200,107,64,12,8
CRS3035RES200mN2892000E3756800,200,1101,607,75,314,15,181,44,47385674.6,34826,588,19,510,26,20,49,2,0,43.5,24,48,42.5,72,380,190,115,146,39,1
CRS3035RES200mN2892000E3758000,200,699.5,282,27,91,33,144,27,41100961.3,30543,266,16,249,0,0,32,1,0,29,10,57,77.5,52,94,181,86,87,24,2
CRS3035RES200mN2892000E3758600,200,685.5,284,19,106,34,128,17,37200258.6,26633,271,13,209,0,0,75,0,9,30.5,20.5,38.5,71,67,123,152,68,85,30,0
CRS3035RES200mN2892000E3758800,200,299,106,8,27,13,37,9,13577240.3,9545,106,0,76,0,0,30,0,44,5,10,28,38.5,26.5,45,81,32,27,6,0
CRS3035RES200mN2892000E3759400,200,933,447,35,198,30,237,25,44958501.8,35295,424,23,322,11,78,36,0,15,37,29.5,52,60,62.5,205,195,127,119,46,0
CRS3035RES200mN2892000E3759600,200,1556.5,780,111,389,43,310,73,61342626.4,50475,760,20,652,0,0,128,0,114,46.5,24,96,148,114,386,310,195,181,56,0
CRS3035RES200mN2892000E3760000,200,1402,787,84,433,22,336,60,61297235,44341,776,11,694,0,10,82,1,29,52,19.5,56.5,73,82,441,254,150,185,81,8
CRS3035RES200mN2892000E3760200,200,1959.5,1060,135,532,29,412,119,75381536.4,57274,1048,12,754,21,38,247,0,181,84.5,26,85,118,123,610,399,229,211,74,0
CRS3035RES200mN2892000E3760400,200,2131.5,1149,143,598,31,504,102,85519769.7,62639,1126,23,939,74,59,76,1,54,104.5,50,95.5,115.5,126,695,427,218,218,82,0
CRS3035RES200mN2892000E3760600,200,1454,730,92,355,32,370,43,63906943.9,48043,717,13,651,37,0,42,0,21,57,34.5,66,94.5,93,375,311,167,196,58,2
CRS3035RES200mN2892000E3760800,200,1676,834,94,391,36,392,63,67691808.7,53109,805,29,754,0,48,32,0,34,66,32.5,89,110.5,116,453,373,180,178,77,1
CRS3035RES200mN2892000E3761400,200,1155.5,529,84,228,42,169,58,36830329.5,32586,524,5,405,0,54,63,7,133,36,14,60.5,101.5,85.5,320,263,142,102,20,11
CRS3035RES200mN2892000E3761800,200,1815.5,877,149,416,58,330,71,55557392.4,44323,856,21,713,0,0,161,3,87,100.5,38.5,97.5,113,109.5,603.5,378,159,149,56,11
CRS3035RES200mN2892000E3762000,200,1120.5,576,77,289,28,216,53,38049532.7,29448,575,1,396,0,9,170,1,80,49.5,18,50.5,80.5,83,340,249,109,89,49,3
CRS3035RES200mN2892000E3762400,200,1992,1118,182,652,48,303,86,57221099,47071,1117,1,608,0,135,372,3,262,78.5,38,97,105.5,129,685,394,223,195,46,1
CRS3035RES200mN2892000E3762600,200,1377.5,721,115,388,36,192,76,37954539.3,34444,720,1,263,10,0,432,16,264,46,21,60,96.5,91,417,295,183,125,28,15
CRS3035RES200mN2892000E3762800,200,459,179,40,70,23,18,32,9044348.6,11612,179,0,24,102,0,53,0,141,8,11,34,53.5,34.5,65,62,70,64,38,19
CRS3035RES200mN2892000E3764000,200,2045.5,787,212,278,108,46,112,39548407.7,50215,783,4,23,7,424,330,3,667,99,54,122,203.5,143,389,376,308,281,56,14
CRS3035RES200mN2892000E3764200,200,2107,850,179,295,105,0,186,39326439,51271,850,0,701,60,0,88,1,849,111,53.5,164,230,145.5,354,403,286,259,77,24
CRS3035RES200mN2892000E3764800,200,1036,440,75,179,37,103,58,23487996.3,25859,396,44,201,94,7,138,0,267,53,24.5,82.5,111,60,214,232,152,83,24,0
CRS3035RES200mN2892000E3772800,200,621.5,338,34,170,12,170,29,17189734.6,20656,325,13,87,0,76,175,0,15,40.5,12,23.5,31.5,52,152,109,59,79,63,0
CRS3035RES200mN2892200E3752000,200,1225.5,535,31,166,29,175,54,49617556.2,33029,521,14,51,7,15,461,1,39,103.5,46,76,78.5,69.5,467,258,72,47,8,0
CRS3035RES200mN2892200E3752200,200,941,409,29,143,30,124,66,33829730.2,25387,409,0,0,0,92,316,1,117,65,27,66.5,84,67.5,253,245,83,35,13,2
CRS3035RES200mN2892200E3756600,200,1315.5,750,95,419,21,262,62,58150790.4,41396,734,16,577,96,0,76,1,21,66,18,55,56.5,85,439,245,124,168,59,0
CRS3035RES200mN2892200E3756800,200,885,479,49,252,23,138,30,37363514.7,27821,465,14,421,11,2,44,1,17,26,10.5,29.5,56,69,297,163,95,97,41,1
CRS3035RES200mN2892200E3757000,200,762,402,51,195,13,159,33,36183679.7,29181,378,24,318,30,13,41,0,16,20,9.5,35.5,56,51,177,164,107,104,38,0
CRS3035RES200mN2892200E3757400,200,652.5,281,33,111,31,128,15,37212995.9,29930,255,26,249,1,0,30,1,0,31.5,18,37.5,55.5,53,120,142,65,103,27,0
CRS3035RES200mN2892200E3758600,200,1819,766,75,298,66,305,53,94854237.9,61328,736,30,603,0,0,163,0,46,101,39.5,101,172,138.5,383,388,224,176,82,14
CRS3035RES200mN2892200E3758800,200,887,416,48,186,28,211,35,42060559.8,31575,386,30,376,2,0,38,0,0,33,21.5,60,77.5,66,224,184,86,87,48,0
CRS3035RES200mN2892200E3759200,200,1185,574,38,263,35,280,52,59743681.8,46746,542,32,484,0,4,48,38,0,38.5,19,60,99,115.5,265,258,157,120,53,0
CRS3035RES200mN2892200E3759400,200,1517,707,70,293,41,353,53,76703660,58290,672,35,642,6,0,59,0,5,63,28.5,65.5,118.5,124.5,379,326,181,152,77,2
CRS3035RES200mN2892200E3759600,200,1617,879,83,445,25,421,72,71192042.5,54316,858,21,787,11,0,80,1,34,45.5,34.5,65.5,95,101.5,477,343,185,181,88,1
CRS3035RES200mN2892200E3759800,200,1895,980,138,521,60,366,101,66130788.5,56570,957,23,700,110,0,169,1,177,67,28.5,72,164.5,172,480,376,242,197,88,8
CRS3035RES200mN2892200E3760200,200,1218,610,67,299,25,335,44,55138127.6,42768,597,13,580,0,0,30,0,24,58,22.5,67,89.5,85,286,254,151,147,56,2
CRS3035RES200mN2892200E3760400,200,1184.5,677,61,367,12,271,57,46656446.2,35780,669,8,591,11,0,74,1,79,62,19.5,32,57,75.5,368,244.5,147,127,52,0
CRS3035RES200mN2892200E3760600,200,1847,994,137,542,41,404,93,65044491.9,49301,981,13,766,16,45,167,0,97,82,30.5,81,156,75.5,568,426,209,149,61,9
CRS3035RES200mN2892200E3760800,200,1951,949,114,430,63,440,85,78387216.3,62400,911,38,805,14,56,71,3,87,89.5,42,121.5,133,128,535,416,188,215,81,2
CRS3035RES200mN2892200E3761000,200,758,368,42,144,19,144,28,27391585.5,22970,355,13,281,17,0,70,0,54,25,9.5,39,47.5,47,196,172,96,96,30,0
CRS3035RES200mN2892200E3761400,200,601,290,40,124,16,136,29,19595471.7,16254,287,3,202,0,3,85,0,13,32.5,11.5,32.5,37,35.5,193,131,75,40,13,0
CRS3035RES200mN2892200E3761600,200,1558.5,804,125,409,41,356,95,46209476,41799,794,10,752,0,1,51,0,123,66.5,35.5,79.5,111.5,97.5,465,372,143,140,48,0
CRS3035RES200mN2892200E3761800,200,993,538,47,272,17,269,37,34226120.8,29351,538,0,209,0,78,236,15,24,39,20.5,34.5,61,50,318,213,85,119,52,1
CRS3035RES200mN2892200E3762000,200,1864.5,1003,139,505,29,413,88,62166795.8,49705,995,8,765,31,89,117,1,108,85.5,35.5,83,91.5,104,677,391,174,153,70,0
CRS3035RES200mN2892200E3762200,200,1395.5,627,145,303,64,117,81,29812017.4,29263,624,3,348,40,0,239,0,194,72,35,91.5,135.5,108.5,392,271,147,107,29,7
CRS3035RES200mN2892200E3762400,200,1004,471,62,212,32,161,53,29339358.4,25683,470,1,234,19,10,208,0,122,53,29,49,70,57,313,193,114,86,37,3
CRS3035RES200mN2892200E3762600,200,1918,946,157,462,63,373,94,55414070.3,54056,946,0,366,26,173,374,7,278,81,39,105.5,129,120.5,433,384,238,268,101,19
CRS3035RES200mN2892200E3762800,200,2018.5,1029,200,509,53,177,162,46125718.1,53094,1026,3,399,320,67,231,12,463,70,25.5,103.5,159.5,133,489,379,285,271,96,7
CRS3035RES200mN2892200E3764000,200,1728.5,814,151,426,74,143,93,39697127.5,39185,805,9,285,252,39,238,0,451,112.5,51.5,114.5,134.5,87.5,436,344,206,175,43,24
CRS3035RES200mN2892200E3764400,200,619,228,34,68,29,32,45,12655594,14465,226,2,19,13,8,188,0,163,28,27.5,45.5,68,46,119,147,82,49,6,1
CRS3035RES200mN2892200E3764600,200,675,320,49,136,19,165,44,16657596.1,18085,302,18,58,89,52,119,2,37,38,20,41,48.5,31.5,169,166,76,60,25,0
CRS3035RES200mN2892200E3764800,200,1202.5,454,70,141,68,123,63,26683085.4,29508,436,18,98,46,0,309,1,227,71.5,38,80.5,134.5,102,235,294,136,85,26,0
CRS3035RES200mN2892200E3772800,200,591.5,294,36,134,13,106,39,14639120.8,16817,265,29,170,26,21,76,1,7,46,15,37,31.5,35,180,111,52,58,26,0
CRS3035RES200mN2892400E3752000,200,1326,584,58,213,35,214,83,42271502.9,35718,579,5,43,0,77,463,1,236,70.5,41,79,104.5,105,355,334,134,79,23,1
CRS3035RES200mN2892400E3752200,200,1111,428,18,108,27,156,45,42924646.1,31023,428,0,14,0,144,270,0,205,98,37.5,71,89.5,84,287,249,118,55,22,0
CRS3035RES200mN2892400E3752400,200,538,219,23,83,20,65,24,17864796.8,13084,212,7,28,0,38,153,0,70,39.5,21,47.5,56,32,153,119,32,33,2,3
CRS3035RES200mN2892400E3756600,200,1639.5,765,79,329,54,317,50,82585288.4,60271,711,54,605,23,66,71,0,11,67,37,86.5,134.5,133.5,395,314,189,191,91,1
CRS3035RES200mN2892400E3757800,200,634.5,272,26,106,30,98,17,34659953.1,30050,239,33,206,14,0,51,1,0,21.5,10,35,61,69.5,106.5,129,93,76,33,0
CRS3035RES200mN2892400E3758400,200,1563.5,778,79,372,43,300,55,76913607.7,55635,748,30,671,75,0,32,0,0,77,32,67,126.5,109,426,322,127,210,67,0
CRS3035RES200mN2892400E3758800,200,1359.5,651,69,282,37,284,56,62560868.3,44446,628,23,556,29,0,66,0,0,46,30.5,81.5,100,101.5,358,284,134,162,61,1
CRS3035RES200mN2892400E3759000,200,1619.5,743,78,318,53,412,56,77786803.3,59552,690,53,653,0,0,89,1,12,59,30.5,75.5,148,149.5,349,332,181,214,81,0
CRS3035RES200mN2892400E3759200,200,1353.5,691,64,345,32,319,39,59940027.5,44976,659,32,628,16,1,44,2,6,56,28,66.5,75,96,409,263,159,141,60,0
CRS3035RES200mN2892400E3759400,200,1074,552,76,261,24,223,55,46735368.8,37811,511,41,477,0,9,66,0,56,44,14.5,43,78,93.5,255,228,146,126,46,0
CRS3035RES200mN2892400E3759600,200,1558.5,871,102,480,25,361,77,61814707.2,47107,838,33,758,40,0,72,1,23,64.5,27,79,81,107,508,340,144,153,54,1
CRS3035RES200mN2892400E3759800,200,1516,879,160,509,27,339,75,47436668.2,41619,867,12,816,11,13,39,0,150,39.5,25.5,48,74.5,88.5,474,312,208,189,48,9
CRS3035RES200mN2892400E3760000,200,1455.5,841,101,474,27,348,79,50720542.2,39805,834,7,776,1,10,52,2,78,50.5,18,43,87.5,79.5,469,317,175,163,52,1
CRS3035RES200mN2892400E3760200,200,1646.5,962,135,544,20,405,77,58681096.9,44387,958,4,889,0,0,73,0,11,57.5,20.5,58.5,87,77,576,328,177,202,62,1
CRS3035RES200mN2892400E3760400,200,1184.5,723,104,445,20,272,51,38825479.4,30216,715,8,633,18,2,69,1,0,37,23,54.5,38.5,58.5,470,231,105,133,34,0
CRS3035RES200mN2892400E3760600,200,1608.5,912,105,494,25,346,78,55100707.3,43572,907,5,669,0,17,226,0,168,58.5,18,54.5,80.5,90,570,367,194,140,35,1
CRS3035RES200mN2892400E3760800,200,1645.5,796,200,382,47,332,80,44114518.9,40759,773,23,681,0,0,114,1,125,78.5,31.5,77.5,100,85,443,345,198,196,68,23
CRS3035RES200mN2892400E3761000,200,869.5,304,94,109,49,54,50,15284585.1,16304,303,1,146,13,0,145,0,163,41,20,60,76.5,82,197,152,119,93,14,15
CRS3035RES200mN2892400E3761200,200,1038,376,128,135,58,32,52,17930171.1,21657,376,0,92,30,6,248,0,267,36.5,30.5,52,105.5,73.5,208,191,149,148,36,8
CRS3035RES200mN2892400E3761600,200,2102,977,184,440,66,393,102,54527579.9,55490,969,8,612,33,91,240,1,311,102,47.5,107,137.5,151,556,436,251,223,78,13
CRS3035RES200mN2892400E3761800,200,1087,505,116,226,39,74,59,24423282.4,25480,504,1,339,16,92,57,1,255,53,29,66.5,89,58.5,303,226,126,103,29,4
CRS3035RES200mN2892400E3762000,200,2037.5,791,208,330,109,175,93,41306334.9,38267,781,10,409,0,28,354,0,301,107.5,53.5,135.5,222.5,133,557,389.5,212,148,44,35
CRS3035RES200mN2892400E3762200,200,1204.5,453,105,173,67,47,71,24127154.1,27430,453,0,73,51,26,303,0,321,51.5,24,68.5,111.5,115,270,238,182,113,24,7
CRS3035RES200mN2892400E3762600,200,575.5,252,21,102,16,75,38,17865087.1,16921,252,0,0,0,58,194,0,90,22,18,27,45.5,52,106,130,90,52,17,16
CRS3035RES200mN2892400E3762800,200,1782,695,127,245,77,163,102,44028034.2,45321,695,0,207,43,30,414,1,392,93.5,43,110.5,160,125,362,339,226,235,64,24
CRS3035RES200mN2892400E3764600,200,807,382,90,170,20,154,43,19014942.1,18195,366,16,191,24,42,119,6,1,50.5,24.5,54.5,45,51.5,243,206,81,37,13,1
CRS3035RES200mN2892400E3764800,200,1371,586,105,227,50,176,84,32104292.6,32803,574,12,142,122,14,307,1,159,77,53,117,104,78,380,308,146,83,17,8
CRS3035RES200mN2892400E3772800,200,572.5,280,37,131,13,122,30,15448922.8,17513,250,30,168,4,4,104,0,3,28.5,15,27,49.5,44.5,155,107,59,56,31,0
CRS3035RES200mN2892400E4106200,200,311,137,42,55,11,52,26,5399750.7,9818,132,5,6,98,0,33,0,31,17,10,20.5,26.5,29,60,71,35,33,9,0
CRS3035RES200mN2892600E3752000,200,1380.5,628,70,255,31,202,78,43616251.1,37661,601,27,128,281,2,217,0,301,75,40,85,112.5,91,345,306,127,140,59,0
CRS3035RES200mN2892600E3752200,200,1352,605,31,218,27,308,61,53466005.4,41253,597,8,44,32,16,513,0,117,88.5,41,85,93,90.5,407,299,105,103,40,0
CRS3035RES200mN2892600E3752600,200,1223,551,41,207,35,283,52,46966735.6,31530,521,30,165,2,0,336,48,0,110,42.5,87,67.5,52,462,245,68,70,19,0
CRS3035RES200mN2892600E3752800,200,744.5,302,29,106,31,68,45,22812507,21554,297,5,98,0,8,195,1,148,40,18,47,57.5,68,169,164,92,70,18,1
CRS3035RES200mN2892600E3757200,200,1593.5,634,69,206,66,332,45,94249400.4,68974,559,75,559,5,14,56,0,0,59,35,91,156.5,153,277,337,197,211,76,1
CRS3035RES200mN2892600E3757600,200,1175.5,510,49,206,58,246,36,63712309.9,51600,464,46,372,32,10,96,0,0,54,32,73.5,94,103,221,209,123,190,75,1
CRS3035RES200mN2892600E3758200,200,1991,1092,127,586,37,321,75,90363754.6,59048,1074,18,982,49,31,30,0,0,99.5,29.5,84.5,115,136.5,742,363,148,192,81,0
CRS3035RES200mN2892600E3758400,200,2009.5,1242,171,770,25,408,72,73810508.1,52227,1225,17,1102,0,38,99,3,64,65.5,18,69.5,85.5,153,827,363,172,176,80,0
CRS3035RES200mN2892600E3758600,200,1324.5,728,71,395,24,281,42,55973276.3,37372,715,13,612,21,46,49,0,0,75,32,50.5,64.5,76.5,523,224,107,112,60,0
CRS3035RES200mN2892600E3758800,200,1226.5,644,73,336,21,283,45,54138119.9,35752,634,10,557,20,0,67,0,0,60.5,14,49,92.5,86.5,364,234,143,135,48,0
CRS3035RES200mN2892600E3759000,200,1532,784,104,395,33,338,57,63659989.9,41973,764,20,717,1,20,44,2,23,86,27,72,96,115,493,302,146,149,46,0
CRS3035RES200mN2892600E3759200,200,977.5,548,69,296,13,158,34,36075421.1,28305,532,16,477,3,0,67,1,4,45.5,18,41,40,48,351,201,116,92,23,2
CRS3035RES200mN2892600E3759400,200,1121,570,60,285,31,248,43,46319288.2,39053,550,20,506,22,6,33,3,44,37,20,62,78,75,272,241,137,148,51,0
CRS3035RES200mN2892600E3759600,200,1205,692,136,423,17,211,51,38332439.4,31176,684,8,579,20,8,80,5,99,49.5,17.5,61,67,67,388,274,121,122,27,11
CRS3035RES200mN2892600E3759800,200,1830.5,1095,163,657,27,463,80,62913083.2,46443,1088,7,900,52,36,106,1,33,61,26,65,102,99.5,653,383,197,177,59,8
CRS3035RES200mN2892600E3760000,200,1483,908,131,569,24,367,84,50340712.9,37106,902,6,754,58,48,48,0,33,45,22.5,47.5,80.5,94.5,489,290,171,179,55,9
CRS3035RES200mN2892600E3760600,200,1544,965,131,609,16,265,67,47821384,39689,960,5,809,54,18,83,1,0,48,21.5,37.5,79,76,649,321,149,125,38,0
CRS3035RES200mN2892600E3760800,200,1976,922,186,407,61,391,106,56757778.2,52212,911,11,591,14,12,304,1,208,82.5,38.5,110.5,158,126.5,531,441,235,187,65,1
CRS3035RES200mN2892600E3761000,200,1935,729,222,277,105,123,100,36508665.8,39859,725,4,326,18,24,361,0,407,89,47.5,106.5,190,139,473,335,275,226,53,1
CRS3035RES200mN2892600E3761200,200,1211.5,636,130,349,34,254,58,28736645,26934,636,0,585,6,0,45,0,59,56,24.5,55,75,48,408,264,121,124,33,3
CRS3035RES200mN2892600E3761400,200,959,545,114,312,21,204,41,25303327,23584,541,4,373,20,0,152,0,74,43.5,13.5,31.5,46.5,45,353,188,91,108,39,0
CRS3035RES200mN2892600E3761600,200,1298.5,660,140,361,39,230,53,30519296.5,30768,654,6,450,54,55,101,0,121,58,29.5,60,83.5,61.5,372,297,139,142,31,25
CRS3035RES200mN2892600E3761800,200,623.5,306,50,152,21,81,24,16208202.2,15657,306,0,148,0,0,158,0,116,22.5,6,33.5,32.5,34,219,113,72,64,20,7
CRS3035RES200mN2892600E3762000,200,460.5,208,61,114,27,68,19,8940529,7263,208,0,106,24,0,77,1,27,23,9,37,39.5,28,149,97,35,32,9,2
CRS3035RES200mN2892600E3762200,200,1993.5,855,204,393,101,181,92,40363715.3,41567,855,0,363,61,32,399,0,399,83.5,40,124.5,180.5,130,518,412,254,196,45,10
CRS3035RES200mN2892600E3762400,200,1157.5,477,116,177,47,38,76,22973933.7,28391,477,0,68,78,240,91,0,398,54.5,28.5,70,98.5,67,224,218,129,179,77,12
CRS3035RES200mN2892600E3762600,200,1229,570,100,260,46,197,54,32226757.9,32513,570,0,152,1,155,261,1,199,53.5,24,59.5,85,81,264,247,166,173,59,17
CRS3035RES200mN2892600E3762800,200,923,397,48,167,41,24,46,25279015.1,22341,397,0,26,160,0,209,2,204,47,29.5,55.5,75,59,165,223,115,111,42,1
CRS3035RES200mN2892600E3764400,200,795.5,308,72,102,38,146,40,16186475.6,18787,304,4,35,132,100,41,0,96,40,16,39,81.5,69,156,175,112,65,42,0
CRS3035RES200mN2892600E3764600,200,1151,553,154,246,28,179,63,23431365.4,24182,522,31,446,6,26,75,0,44,76,35,78,63,59,400,250,87,81,22,0
CRS3035RES200mN2892600E3764800,200,691.5,337,80,157,11,148,32,16387030.7,16953,319,18,218,12,0,107,0,3,38,16.5,42.5,29,38.5,247,174,56,39,11,0
CRS3035RES200mN2892600E3772000,200,366,134,16,31,14,73,25,8356393.4,9861,84,50,42,50,3,39,0,19,20.5,12.5,34,47.5,25.5,78,80,35,23,10,0
CRS3035RES200mN2892600E3774200,200,356.5,141,22,44,11,62,20,8274622.2,10109,91,50,57,5,16,63,0,35,18,9,20,42.5,29,76,85,31,37,8,1
CRS3035RES200mN2892600E3774400,200,306,125,27,49,16,65,14,6353298,8776,62,63,66,6,9,43,1,0,13,8,26,24,27,59,66,36,28,10,9
CRS3035RES200mN2892800E3752000,200,934.5,374,24,128,33,233,36,41541711.7,27946,353,21,7,0,0,367,0,39,48,23.5,81.5,87,69.5,226,251,91,53,4,0
CRS3035RES200mN2892800E3752200,200,1219.5,611,59,286,18,245,52,42296613.8,33695,595,16,180,3,80,347,1,96,79,29,65.5,64.5,71.5,413,269,133,75,20,0
CRS3035RES200mN2892800E3752400,200,1326.5,652,56,290,29,277,56,46551176.7,33122,633,19,205,1,177,269,0,66,81.5,37,73.5,84.5,81,478,298,94,75,23,1
CRS3035RES200mN2892800E3752600,200,1154.5,560,60,240,20,240,40,39142046.9,27955,550,10,188,118,49,205,0,30,67,29.5,67,63,52,411,248,109,86,22,0
CRS3035RES200mN2892800E3752800,200,1046.5,484,55,192,26,189,55,38587551.2,26749,468,16,258,1,12,179,34,28,59,38,67.5,69,65,343,220,81,87,17,0
CRS3035RES200mN2892800E3756400,200,1620,881,92,471,28,427,55,71062013.4,52592,872,9,197,179,448,57,0,23,84,25,66.5,72.5,91,435,294,203,231,117,1
CRS3035RES200mN2892800E3757000,200,1131.5,463,58,168,47,215,43,55477210.7,42633,419,44,418,7,6,32,0,17,54,23.5,70.5,104,102.5,220,223,154,120,60,0
CRS3035RES200mN2892800E3757200,200,1310,553,46,205,61,317,37,73158666.6,53244,495,58,481,11,0,61,0,0,48,26,89.5,125.5,95,232,284,162,162,86,0
CRS3035RES200mN2892800E3757400,200,1066.5,489,56,209,36,201,37,52865215.8,40756,449,40,379,80,0,30,0,16,49,16.5,51,97,95,215,205,123,154,58,3
CRS3035RES200mN2892800E3757800,200,1245,584,79,265,49,217,66,51459720.1,42456,556,28,472,0,5,107,0,156,45,27.5,73,115,105.5,227,279,158,119,94,2
CRS3035RES200mN2892800E3758000,200,1230,660,67,336,27,280,47,56306185.9,37700,643,17,552,24,0,84,0,0,49.5,21.5,61.5,64,80.5,400,238,120,132,63,0
CRS3035RES200mN2892800E3758200,200,1843,1035,131,573,32,456,53,81461999,55738,1007,28,763,222,0,49,1,4,81.5,34,67.5,104,103,618,321,176,220,117,1
CRS3035RES200mN2892800E3758400,200,1952,1063,126,562,32,389,91,78374131.7,52490,1054,9,907,77,25,54,0,68,109,43,82,102.5,101.5,752,362,177,154,67,2
CRS3035RES200mN2892800E3758600,200,1688,963,83,515,21,420,64,70392458.2,45741,945,18,840,12,39,71,1,22,72.5,27,54,69.5,96,687,295,152,160,73,2
CRS3035RES200mN2892800E3758800,200,1741,967,102,532,23,455,62,74676394.9,48803,945,22,905,1,20,41,0,0,92,32,69,87.5,111,614,364.5,146,174,51,0
CRS3035RES200mN2892800E3759000,200,2163,1200,181,660,42,487,87,81097056.6,55426,1184,16,1129,28,0,41,2,81,106,39,96.5,113.5,121,786,438,213,193,57,0
CRS3035RES200mN2892800E3759200,200,1791.5,1036,154,590,24,441,69,66971150.3,48222,1022,14,811,48,3,171,3,10,78.5,25.5,81,82.5,112,653,365,175,153,64,2
CRS3035RES200mN2892800E3759600,200,1007,616,72,371,15,256,40,36894880.9,29586,607,9,573,13,0,30,0,6,33.5,13.5,28,45.5,56.5,323,194,121,128,62,2
CRS3035RES200mN2892800E3759800,200,1780,1111,160,695,23,448,85,62453019.5,45247,1101,10,1062,10,4,31,4,21,68.5,15,51,82,101.5,633,347,211,206,64,1
CRS3035RES200mN2892800E3760000,200,1121,674,95,409,10,284,43,43785840.6,31152,656,18,598,13,20,39,4,18,38.5,9,47.5,53,61.5,350,228,139.5,143,51,0
CRS3035RES200mN2892800E3760600,200,2137,1272,195,759,26,472,91,64723875.6,46290,1260,12,1120,66,3,78,5,44,92,23,84.5,103,123.5,841,434,177,209,42,8
CRS3035RES200mN2892800E3760800,200,2432.5,1325,255,699,55,545,129,68159475.7,56337,1324,1,1250,15,0,59,1,163,106.5,51,117.5,133,111.5,894,520,230,202,60,7
CRS3035RES200mN2892800E3761000,200,2966,1489,378,804,107,419,163,63548838.9,59623,1482,7,1284,11,11,183,0,311,145.5,69,125.5,225,174,1054,531,305,270,62,5
CRS3035RES200mN2892800E3761200,200,2182.5,1060,251,586,73,306,101,47947453.6,45144,1052,8,819,13,43,185,0,163,84,43,114,146,111.5,670,469,249,188,46,62
CRS3035RES200mN2892800E3761600,200,1559,879,159,503,35,373,72,40313428.1,37108,873,6,423,74,233,149,0,124,77,32.5,72,56.5,91,562,312,180,143,32,1
CRS3035RES200mN2892800E3762200,200,1668,608,164,212,84,4,121,30350017.2,39016,608,0,77,2,77,452,0,595,75,48.5,109,174,126.5,241,321,234,228,45,66
CRS3035RES200mN2892800E3762400,200,3282.5,1226,328,466,181,48,213,56790168.2,77653,1226,0,55,248,9,914,0,1142,145.5,73.5,262.5,376,240,516,623,405,438,175,28
CRS3035RES200mN2892800E3762600,200,1401.5,625,135,298,55,40,77,28158522.5,33879,623,2,75,26,7,517,0,497,73,32.5,61,126,81,301,277,183,196,62,9
CRS3035RES200mN2892800E3762800,200,2192.5,1037,158,473,70,436,98,60325681.7,57280,1035,2,363,95,393,186,0,161,81,58,119.5,142.5,128.5,572,457,273,248,100,13
CRS3035RES200mN2892800E3764600,200,1034,463,115,187,43,174,46,21430275,23819,457,6,223,15,30,194,1,46,58,28.5,55,84,63,334.5,210,104,78,19,0
CRS3035RES200mN2892800E3764800,200,2464,926,187,269,126,87,162,47658513.2,61114,920,6,129,39,448,310,0,603,129,83.5,164,271.5,155,525,501,318,266,44,7
CRS3035RES200mN2892800E3774200,200,245,96,13,33,11,51,8,5454402.8,7062,50,46,43,4,12,36,1,0,18,7,18,19.5,21,57.5,42,27,23,12,0
CRS3035RES200mN2892800E3775000,200,280,90,29,18,20,56,8,5486208.5,6617,41,49,31,21,5,32,1,0,25,5,19,25,25,61,49,34,31,6,0
CRS3035RES200mN2893000E3748200,200,774,374,28,157,19,208,46,30601661.7,28463,362,12,19,67,185,103,0,50,24,11.5,46,70,56.5,122,160,88,91,105,0
CRS3035RES200mN2893000E3748400,200,441.5,207,16,88,16,53,36,16674735.9,13129,193,14,96,36,18,57,0,35,30,9.5,34,37,35,113,107,38,31,7,0
CRS3035RES200mN2893000E3748600,200,903.5,454,41,214,14,173,67,30707131.6,26474,434,20,185,25,88,155,1,124,39.5,27.5,57,69,75.5,226,191,104,80,33,1
CRS3035RES200mN2893000E3748800,200,678,267,29,80,21,77,49,19494177,17476,249,18,30,55,12,170,0,100,47,16.5,61,59.5,57,151,156,71,44,15,0
CRS3035RES200mN2893000E3751200,200,426.5,177,12,56,14,98,17,15389463.8,12810,112,65,63,6,17,91,0,15,21,14,21,42.5,34,109,90,46,33,16,0
CRS3035RES200mN2893000E3751400,200,570,219,7,60,16,158,18,24705366.6,17116,146,73,73,13,8,125,0,0,40,18,39,48,42,160,130,51,29,13,0
CRS3035RES200mN2893000E3752200,200,686.5,316,27,118,19,175,31,25030653.1,18299,266,50,91,27,33,164,1,4,41,19,32.5,44.5,46.5,253,138,50,55,6,1
CRS3035RES200mN2893000E3752400,200,1508,738,50,332,39,334,52,56128376.8,39617,714,24,249,67,235,186,1,30,97,39.5,69.5,89,86,546,315,108,113,44,1
CRS3035RES200mN2893000E3752600,200,997,482,48,204,27,233,33,36383918,25044,472,10,161,159,29,133,0,14,66.5,23.5,63,55.5,57.5,366,205,51,86,23,0
CRS3035RES200mN2893000E3752800,200,1220.5,544,63,216,38,256,61,42140433.9,30240,519,25,288,42,3,210,1,45,83,42,86,86.5,77,406,252,100,61,27,0
CRS3035RES200mN2893000E3755000,200,596.5,254,17,95,29,113,25,28804762.4,23631,236,18,156,31,12,55,0,0,24,15.5,47.5,44.5,57,95,115,65,81,52,0
CRS3035RES200mN2893000E3755200,200,711.5,337,32,141,25,174,26,35905271.7,31697,313,24,116,139,0,82,0,0,28.5,12,38,55,53,117,136,90,133,49,0
CRS3035RES200mN2893000E3755400,200,1003,450,45,181,32,217,54,45857651.7,37390,399,51,146,175,36,93,0,0,30,19.5,68,97.5,87,132,218,118,159,74,0
CRS3035RES200mN2893000E3755600,200,866.5,372,29,146,37,218,31,43324859.7,32526,305,67,208,97,36,31,0,0,37,18,48.5,87,83,152,172,105,109,54,1
CRS3035RES200mN2893000E3756000,200,710.5,372,41,190,16,208,23,33264259.7,28378,370,2,46,0,295,31,0,0,26,12,29,42.5,52,115,120,87,150,77,0
CRS3035RES200mN2893000E3756600,200,1128.5,594,75,315,29,244,43,45619327.5,30738,578,16,427,33,101,33,0,49,51,28,44,60.5,94,353,189,116,136,57,0
CRS3035RES200mN2893000E3757400,200,1290.5,515,47,149,58,231,48,65940511.7,51228,469,46,409,7,22,76,1,48,70,33,79.5,117.5,106,239.5,248,158,171,64,4
CRS3035RES200mN2893000E3757800,200,1705.5,759,73,303,58,398,60,88236186.3,61937,704,55,667,5,10,77,0,0,73.5,38.5,96,133,145.5,392,333,202,204,88,0
CRS3035RES200mN2893000E3759000,200,1908.5,1046,147,590,52,387,88,66688711.1,47454,1040,6,920,45,0,81,0,100,77,35,101,94,115.5,726,372,181,159,48,0
CRS3035RES200mN2893000E3759200,200,1847.5,932,114,457,54,325,90,61591282.6,48991,928,4,570,83,40,238,1,204,86,40.5,86,135,100,545,382,215,183,65,10
CRS3035RES200mN2893000E3760400,200,1420,765,87,387,22,262,69,53002739.5,40690,760,5,604,78,39,43,1,93,53,17.5,62,87,89.5,360,313,189,185,64,0
CRS3035RES200mN2893000E3760600,200,1882,1121,175,671,26,393,75,56750863.6,45799,1112,9,952,72,42,53,2,116,81.5,27,64,89,114.5,729,366,182,194,35,0
CRS3035RES200mN2893000E3760800,200,1624.5,846,112,398,27,325,107,52465651.2,43834,840,6,596,21,112,116,1,102,99,39.5,66,98.5,97.5,483,351,158,176,56,0
CRS3035RES200mN2893000E3761000,200,2061,1071,233,587,53,441,100,51629107,44318,1070,1,625,238,106,102,0,115,83.5,39.5,93.5,115.5,116,644,471,225,203,53,17
CRS3035RES200mN2893000E3761200,200,2009,990,254,549,80,267,100,42684811.8,44042,988,2,520,72,265,132,1,341,68,35,93,154.5,127.5,565,426,252,216,42,30
CRS3035RES200mN2893000E3761600,200,1978,1038,191,559,62,436,100,52890367.3,46645,1033,5,722,73,150,91,2,88,90.5,31,94,135.5,139,617,431,210,176,54,0
CRS3035RES200mN2893000E3761800,200,1652.5,869,222,476,51,296,73,38580240.9,35194,865,4,742,24,0,102,1,122,70,26.5,72,102,96,528,351,193,143,63,8
CRS3035RES200mN2893000E3770200,200,550.5,236,55,94,21,130,28,11489369.2,13829,178,58,77,44,23,92,0,0,48,16,36.5,42.5,22,151.5,112,60,49,13,0
CRS3035RES200mN2893000E3770600,200,904.5,378,95,133,34,116,67,16977512.7,20895,334,44,49,93,60,176,0,156,82,31,61,77.5,53,243,187,80,69,21,0
CRS3035RES200mN2893000E3772000,200,393.5,165,29,56,12,78,31,8436826,10533,122,43,33,60,32,40,0,56,27.5,6.5,37.5,29,30,91,73,44,46,9,0
CRS3035RES200mN2893000E3775400,200,2236,704,295,170,150,9,137,32043838.1,44975,687,17,3,4,641,56,0,690,115.5,65.5,203.5,316.5,176,377,395,279,245,55,8
CRS3035RES200mN2893000E3775800,200,128.5,30,8,2,13,0,3,1970706.6,2726,0,30,0,0,0,30,0,30,4,1,17,24,18,17,27.5,12,8,0,0
CRS3035RES200mN2893000E3776200,200,1328.5,392,200,59,94,1,60,18546099.2,27218,392,0,0,88,41,263,0,391,65,33,89,171.5,96,227,230,153,208,34,22
CRS3035RES200mN2893000E3776400,200,571,176,76,43,44,33,27,8001489.4,11043,176,0,0,41,0,134,1,141,24,22,54,78,45,118,100,58,57,8,7
CRS3035RES200mN2893200E3741600,200,196,66,7,19,14,50,11,7819583.5,6520,28,38,5,11,13,37,0,0,5,4,15,28,34,18,51,20,15,6,0
CRS3035RES200mN2893200E3742400,200,289,104,1,22,14,88,10,10686364.6,11023,36,68,3,22,46,33,0,11,4,3,12,43,40,19,67,42,36,23,0
CRS3035RES200mN2893200E3745400,200,384.5,144,19,37,20,24,38,9524940.8,11146,117,27,9,0,90,44,1,113,28.5,14,38.5,41.5,31,88,69,34,32,7,1
CRS3035RES200mN2893200E3748400,200,488.5,229,23,93,13,128,24,18740475.4,17443,211,18,75,26,34,94,0,14,20,10,26.5,43,35,110,94,51,75,24,0
CRS3035RES200mN2893200E3748600,200,964.5,465,50,200,26,215,57,33693657.4,29905,429,36,139,3,278,45,0,78,41.5,14.5,47.5,65,93,206,196,126,132,43,0
CRS3035RES200mN2893200E3748800,200,650.5,324,12,165,17,120,18,23914003.7,19831,319,5,55,0,16,253,0,93,39.5,18.5,30,45.5,37,148,139,61,67,65,0
CRS3035RES200mN2893200E3751400,200,654,266,22,78,17,160,30,22677079.9,18111,204,62,63,3,66,134,0,46,37.5,22,37,62.5,51,140,155,70,56,23,0
CRS3035RES200mN2893200E3751600,200,1614.5,639,73,181,55,144,111,43816304.2,42436,625,14,23,325,25,266,0,400,109,37,100,167.5,125,370,343,165,147,49,2
CRS3035RES200mN2893200E3751800,200,555.5,224,24,79,25,130,13,21573231.2,16023,141,83,101,30,2,90,1,0,32,18,47,49,24.5,144,131,42,55,13,0
CRS3035RES200mN2893200E3752000,200,1513.5,719,97,298,27,175,101,44629228,43037,709,10,79,46,366,227,1,414,75,41.5,95.5,117,95.5,319,302,199,196,73,0
CRS3035RES200mN2893200E3752400,200,739,368,28,168,11,193,32,28034076.7,21769,336,32,94,70,118,86,0,8,40,22,25.5,47,47.5,201,144,72,69,69,2
CRS3035RES200mN2893200E3752800,200,1091,525,45,227,24,263,38,40945214,29680,514,11,186,27,35,275,2,0,56,20,62,70.5,71.5,321,251,119,95,25,0
CRS3035RES200mN2893200E3755800,200,646.5,289,25,124,27,153,25,32089902.1,23851,273,16,122,56,39,72,0,0,23.5,20,43.5,65,46.5,108,133,74,94,38,1
CRS3035RES200mN2893200E3756200,200,1159,435,63,129,56,54,87,31200960.7,30244,431,4,78,16,197,144,0,348,54,31,79.5,142.5,99,196,237,151,140,21,8
CRS3035RES200mN2893200E3756800,200,1271,621,92,298,50,199,55,50026176,45949,567,54,495,88,0,38,0,191,58,23,69.5,91.5,88,220,264,166,191,87,13
CRS3035RES200mN2893200E3759000,200,1967.5,1118,133,629,30,450,60,67658977.6,48334,1107,11,1030,0,0,88,0,83,95.5,41.5,69,79,97.5,809,388,171,162,55,0
CRS3035RES200mN2893200E3759200,200,1677,998,149,602,28,467,54,54732200.5,42894,995,3,668,11,46,198,75,19,71,22,55,76,99,597,302,165,210,79,1
CRS3035RES200mN2893200E3759600,200,2168,1172,139,609,43,405,93,72159818.8,61142,1169,3,847,14,84,223,4,173,90.5,30,74,102,118.5,708,422,251,260,98,14
CRS3035RES200mN2893200E3759800,200,2214,1193,111,590,29,518,86,91013575.7,65056,1182,11,1120,26,7,37,3,0,105.5,39,98,110.5,109,703,441,234,247,127,0
CRS3035RES200mN2893200E3760000,200,1716.5,976,90,516,19,420,63,67341301.3,49242,973,3,891,23,0,60,2,11,83,38,63,72.5,73,590,334,166,209,88,0
CRS3035RES200mN2893200E3760400,200,2438,1445,155,845,32,628,109,84165263.3,64591,1438,7,1372,13,0,59,1,96,93.5,38.5,104,108,125,901,492,231,245,100,0
CRS3035RES200mN2893200E3760600,200,2314,1394,176,853,29,642,98,72095752,55400,1390,4,1199,39,68,88,0,74,87.5,30,59.5,103.5,123,886.5,415,268,247,77,17
CRS3035RES200mN2893200E3761000,200,2878.5,1321,209,608,109,510,128,75681334.9,70201,1316,5,624,98,256,343,0,401,183,93,207.5,215.5,140,847.5,598,263,224,100,7
CRS3035RES200mN2893200E3761600,200,1321,645,104,324,33,248,59,35238988,32089,642,3,346,0,199,100,0,134,59,34,65,75,63,388,266,156,161,52,2
CRS3035RES200mN2893200E3761800,200,1473.5,818,141,459,28,343,65,39909628.8,36766,817,1,488,14,184,131,1,61,59.5,25,55.5,84,80.5,471,318,158,170,47,5
CRS3035RES200mN2893200E3770200,200,454,177,41,56,22,102,27,9338778.1,11285,113,64,102,36,3,36,0,13,20,14,37,47,36,76,109,47,48,20,0
CRS3035RES200mN2893200E3770400,200,846.5,397,74,184,32,245,38,17777006.3,21760,351,46,114,119,70,93,1,0,59.5,29.5,60.5,56.5,44.5,203,166,72,96,51,8
CRS3035RES200mN2893200E3770600,200,464,196,35,76,21,129,18,9193091.8,10936,153,43,61,52,1,82,0,0,42,21,32,21,13,150,87,40,35,23,0
CRS3035RES200mN2893200E3770800,200,1151.5,377,156,90,82,30,97,16927854.5,22396,369,8,5,271,1,100,0,330,80,44.5,129,148,79,215,228,104,94,30,0
CRS3035RES200mN2893200E3773600,200,325,143,24,53,10,68,23,7907870.1,9026,88,55,95,8,4,36,0,0,11,12,25,32,21,78,78,25,28,15,0
CRS3035RES200mN2893200E3775000,200,188,69,7,24,10,34,3,4448216.7,5645,33,36,13,9,9,38,0,0,18,8.5,15.5,10,4,79,14,11,22,4,2
CRS3035RES200mN2893200E3775600,200,1199,324,133,54,99,0,51,17464490.4,22413,324,0,0,0,0,324,0,324,58,42,114,199,95,234,204,133,102,8,10
CRS3035RES200mN2893200E3776200,200,191,70,12,20,10,40,18,3362830.2,4339,70,0,0,0,0,70,0,24,35.5,14,14.5,13,9,73,23,6,2,1,0
CRS3035RES200mN2893400E3741200,200,390,168,12,64,15,71,17,11141995.1,12176,150,18,0,0,3,165,0,77,13,9,22.5,39,31.5,75,97,43,51,9,0
CRS3035RES200mN2893400E3741400,200,349.5,152,20,57,14,30,26,9779128.4,12184,118,34,3,9,10,130,0,118,14,2.5,24,27,34,49,76,61,47,15,0
CRS3035RES200mN2893400E3742000,200,370,140,6,36,13,105,30,11268182,10876,116,24,3,35,4,98,0,0,27.5,13,25,44,31.5,59,77,40,28,23,2
CRS3035RES200mN2893400E3745600,200,452,212,12,92,16,120,26,17218896.9,15625,175,37,80,6,47,79,0,9,26,9,25.5,32.5,28,98,99,37,66,31,0
CRS3035RES200mN2893400E3745800,200,452.5,213,18,89,13,88,21,15594690.7,14030,183,30,72,4,8,129,0,31,15,6.5,35.5,38.5,31,115,96,62,34,19,0
CRS3035RES200mN2893400E3748200,200,732,367,17,170,15,270,15,34326137.7,29153,310,57,10,1,236,120,0,0,17.5,5,34,46.5,54,72,135,92,147,129,0
CRS3035RES200mN2893400E3748400,200,267,127,6,55,10,87,8,11713383.6,10523,102,25,27,1,43,55,1,0,6,3,16.5,18.5,24,50,49,36,37,26,1
CRS3035RES200mN2893400E3748600,200,659.5,279,22,100,24,127,49,21798818.4,21194,256,23,25,63,46,145,0,91,31,19.5,45,60,56.5,114,152,60,76,44,1.5
CRS3035RES200mN2893400E3748800,200,856.5,302,18,90,50,78,33,24999823,22880,297,5,35,28,53,186,0,179,57,31,90.5,99,68,217,173,68,29,17,7
CRS3035RES200mN2893400E3750600,200,367,144,11,35,15,82,23,11066828.1,10840,74,70,39,15,36,54,0,35,13,7,32,39,28,66,84,44,44,10,0
CRS3035RES200mN2893400E3751200,200,277,102,3,23,11,84,8,12058125.3,9108,23,79,40,4,9,49,0,0,20,8,20,22,18,49,75,27,33,5,0
CRS3035RES200mN2893400E3751400,200,815.5,330,38,103,25,179,35,26492200.5,21549,249,81,93,56,30,150,1,31,64,30,56.5,66,45,246,156,86,43,23,0
CRS3035RES200mN2893400E3751600,200,1086,477,26,154,20,256,29,42253983.3,30148,434,43,40,36,51,349,1,9,124,32.5,59.5,45.5,36.5,461,206,57,48,16,0
CRS3035RES200mN2893400E3752000,200,882.5,380,41,133,27,50,55,25429958.7,25363,380,0,0,122,75,183,0,312,37,25.5,75,72.5,52.5,213,188,98,92,29,0
CRS3035RES200mN2893400E3752600,200,518,218,14,72,16,149,17,23382059.5,17784,148,70,96,33,15,74,0,0,24,13,36,49,29,124,124,35,57,27,0
CRS3035RES200mN2893400E3755200,200,673.5,346,33,179,22,152,25,31268352.3,26215,306,40,113,92,49,92,0,86,26,10.5,24,45.5,53,102.5,107,83,138,84,0
CRS3035RES200mN2893400E3755400,200,627.5,265,17,88,21,165,19,34409310.4,27038,245,20,43,133,56,33,0,0,16,12,44,64.5,52,77,133,69,106,54,0
CRS3035RES200mN2893400E3755800,200,715,350,42,168,20,145,39,30867747.6,22228,338,12,113,42,151,44,0,54,41.5,18,39,49,56.5,129,146,67,130,38,1
CRS3035RES200mN2893400E3756000,200,1390.5,751,93,416,33,325,53,52050720,37640,742,9,471,110,46,124,0,71,65,38.5,76.5,86.5,79,412,281,131,143,77,1
CRS3035RES200mN2893400E3756200,200,1472,702,61,317,35,337,51,60204106.7,42362,683,19,441,8,29,214,10,12,95,35,84.5,96.5,92,410,315,120,155,67,2
CRS3035RES200mN2893400E3756400,200,1151.5,534,59,245,39,147,65,34079996.4,29992,532,2,270,7,161,96,0,220,56,26,67,99,87.5,304,218,125,131,38,0
CRS3035RES200mN2893400E3756800,200,584,220,29,72,24,1,35,12482934.9,15157,220,0,0,0,47,173,0,216,14,6,39.5,76.5,52,66,116,62,121,22,9
CRS3035RES200mN2893400E3757400,200,1698,560,117,152,110,61,128,41015757.4,43010,552,8,518,1,0,41,0,425,70.5,60.5,159.5,256.5,163,240,341,167,163,69,8
CRS3035RES200mN2893400E3757600,200,2423.5,1018,180,385,91,272,147,69304178.6,63824,1010,8,356,390,57,214,1,495,140.5,68,152.5,215,206.5,565,455,263,275,80,3
CRS3035RES200mN2893400E3759000,200,2542,1418,167,782,37,625,89,93009592.3,64290,1403,15,1213,24,102,79,0,36,114.5,55.5,92,118.5,144,963.5,472,245,246,81,10
CRS3035RES200mN2893400E3759200,200,2068.5,1179,162,663,30,458,83,70280918.6,51291,1174,5,963,124,52,39,1,14,112.5,39,79.5,81,96.5,843,367,185,180,85,0
CRS3035RES200mN2893400E3759400,200,2086,1215,110,660,19,601,82,77803397.9,57713,1209,6,991,105,20,99,0,1,86,33.5,77,75.5,96,762,396,216,245,98,1
CRS3035RES200mN2893400E3759600,200,1705,916,92,464,28,333,73,59903242.2,46844,913,3,792,83,0,41,0,10,74.5,35,78,98,83.5,570,347,156,197,65,1
CRS3035RES200mN2893400E3759800,200,1729.5,1037,107,614,16,463,64,63127290,47348,1026,11,676,110,92,144,15,0,83,35.5,49.5,64.5,94,636,354,152,172,89,0
CRS3035RES200mN2893400E3760000,200,1898.5,1110,138,636,21,522,75,63814987.6,52240,1102,8,589,150,226,143,2,84,87,29.5,85,97.5,74.5,591,404,182,240,108,0
CRS3035RES200mN2893400E3760200,200,1374,840,90,513,15,340,55,46364076.9,37211,836,4,460,114,124,142,0,81,49,20.5,40,76.5,66,480,244,145,181,72,0
CRS3035RES200mN2893400E3760800,200,2255.5,1241,200,699,59,479,84,66972083.7,55072,1231,10,927,112,0,201,1,123,110.5,48,107,113,124,850,448,187,191,72,5
CRS3035RES200mN2893400E3761000,200,2368,1129,196,574,95,245,125,55601015.8,53657,1125,4,502,275,68,282,2,505,87.5,62.5,148.5,209.5,144,616,540,284,206,69,1
CRS3035RES200mN2893400E3761600,200,1164,582,165,301,41,196,50,23958506.4,21999,580,2,390,24,19,149,0,49,60,19,62,74,72,392,235,118,103,29,0
CRS3035RES200mN2893400E3761800,200,1479,822,158,482,38,286,83,34794893,34648,820,2,515,133,33,139,2,170,66,22.5,52.5,85,109.5,475.5,311,154,151,50,2
CRS3035RES200mN2893400E3770400,200,574.5,243,44,88,25,147,30,12243251.9,15728,229,14,12,133,62,36,0,26,31,19,49,58,25.5,112,131,45,72,32,0
CRS3035RES200mN2893400E3770600,200,324.5,131,32,49,16,53,23,6060047.1,8142,120,11,13,33,21,64,0,38,17,13,26.5,36.5,18.5,82,61,28,25,17,0
CRS3035RES200mN2893400E3770800,200,562,221,47,73,28,157,22,11273810.3,13772,221,0,0,28,82,111,0,0,40,18,42.5,48.5,35,135,118,48,62,15,0
CRS3035RES200mN2893400E3772400,200,407,187,23,77,11,106,28,9866445.8,11504,130,57,88,19,8,71,1,0,25,13.5,21,23,30.5,95,95,42,45,17,0
CRS3035RES200mN2893400E3773400,200,288,113,22,31,10,61,12,6506831.7,8462,36,77,53,26,4,30,0,2,23,10.5,16.5,21,23,57,54,38,30,14,1
CRS3035RES200mN2893400E3775800,200,173.5,49,14,6,14,2,12,2639380.4,3419,49,0,0,0,0,48,1,46,10,7.5,19,28,12,32,38,12,13,0,2
CRS3035RES200mN2893400E3776000,200,824.5,239,112,30,66,0,50,11417533,17370,229,10,0,0,117,122,0,239,54,39.5,98.5,99.5,60,154,166,73,70,10,0
CRS3035RES200mN2893400E3776200,200,907.5,250,119,31,80,0,33,12602017.6,19308,250,0,0,170,0,80,0,250,33,29,80.5,134,74,159,169,108,94,20,7
CRS3035RES200mN2893600E3741600,200,395.5,164,9,49,15,65,32,11406561.9,11821,140,24,18,0,106,40,0,61,16,13,25.5,43,33,74,73,50,45,23,0
CRS3035RES200mN2893600E3742800,200,298,123,5,44,10,89,7,10546930.5,9824,93,30,11,7,47,58,0,0,14,7,17,32,19,47,79,32,33,11,7
CRS3035RES200mN2893600E3748800,200,463.5,184,12,51,14,93,33,16457067.8,12786,141,43,71,28,50,35,0,47,30,9.5,43.5,47,34.5,117,95,45,28,14,0
CRS3035RES200mN2893600E3750600,200,163,50,6,4,10,24,9,4425636.2,3772,38,12,5,0,0,45,0,19,8,3,15.5,23.5,12,24,42,24,11,0,0
CRS3035RES200mN2893600E3750800,200,507,225,43,82,17,113,22,14314548.9,11097,157,68,105,48,5,67,0,12,27,12,23.5,43.5,47,135,128,42,36,13,0
CRS3035RES200mN2893600E3751200,200,487,209,19,69,12,108,21,14220478.9,12665,174,35,81,2,70,56,0,18,32.5,8.5,25,35,38,159,95,44,35,15,0
CRS3035RES200mN2893600E3751400,200,602.5,257,46,96,27,69,42,14883947.4,16278,238,19,40,150,2,65,0,111,26.5,16,42.5,63,38.5,168,109,70,44,25,0
CRS3035RES200mN2893600E3751600,200,1256,462,102,134,73,85,74,29033257.4,30971,449,13,25,199,1,237,0,278,86,48.5,82,137,87.5,311,239,122,103,40,0
CRS3035RES200mN2893600E3751800,200,477,176,52,54,28,3,33,8199544.2,10945,169,7,37,26,0,113,0,137,27,17,34.5,47.5,44,76,102,62,44,22,1
CRS3035RES200mN2893600E3752200,200,2239,1139,103,553,52,2,165,52442691.3,69106,1139,0,0,1038,0,101,0,1137,74.5,33.5,113,174.5,174,450.5,460,304,306,149,0
CRS3035RES200mN2893600E3752400,200,942,432,28,167,15,227,34,35522087.6,27962,422,10,23,36,116,257,0,34,62,27.5,49.5,61.5,51.5,301,191,102,73,23,0
CRS3035RES200mN2893600E3752600,200,989.5,468,76,191,25,262,31,32851861.4,30336,435,33,67,68,5,328,0,30,55,16.5,56.5,57.5,56,271,225,104,117,31,0
CRS3035RES200mN2893600E3752800,200,1135,460,40,121,31,317,40,38215055.1,35147,459,1,19,0,373,68,0,36,57,39.5,64.5,78.5,49.5,255,215,123,156,97,0
CRS3035RES200mN2893600E3755000,200,835,414,48,198,23,248,31,41916584.7,31745,374,40,135,189,60,30,0,0,41.5,20,47,54.5,36,187,175,93,122,59,0
CRS3035RES200mN2893600E3755200,200,738,323,26,117,22,221,33,34366656.3,28723,293,30,23,153,92,55,0,0,23.5,23,55,66.5,46,113,160,85,98,67,1
CRS3035RES200mN2893600E3756000,200,1644,764,59,342,50,367,63,68336187.8,44273,746,18,472,37,0,255,0,28,106.5,62.5,98,122,96.5,487.5,334,139,148,50,0
CRS3035RES200mN2893600E3756200,200,1471.5,700,52,301,38,347,53,61728724.5,40101,693,7,338,20,80,262,0,0,98,40,77.5,97.5,99.5,476,286,109,125,63,0
CRS3035RES200mN2893600E3756400,200,1466.5,765,69,383,33,250,76,53411111.9,38824,756,9,506,103,2,152,2,97,85.5,30.5,77,81.5,103,535,266,107,128,52,1
CRS3035RES200mN2893600E3756600,200,1657.5,851,80,425,41,330,68,64011607.9,43876,839,12,611,0,0,240,0,28,91.5,31,98.5,94,96.5,591,292,144,169,50,0
CRS3035RES200mN2893600E3756800,200,1784.5,754,63,264,60,229,104,56433262.6,52810,752,2,53,0,450,251,0,348,93,52.5,117,153,124,321,336,204,287,96,1
CRS3035RES200mN2893600E3757600,200,1102,386,43,104,59,136,50,37123204.4,31190,386,0,3,0,36,347,0,211,47.5,25,74,117.5,113,194,224,159,112,33,3
CRS3035RES200mN2893600E3757800,200,223,58,17,11,17,0,18,4118749.2,4270,58,0,0,0,0,58,0,58,11,7,16,27,38,38,42,23,12,1,8
CRS3035RES200mN2893600E3759000,200,1935.5,1081,128,606,34,425,66,64877520,49332,1076,5,819,88,109,64,1,25,89,32,77.5,90,117,726,341,191,188,83,1
CRS3035RES200mN2893600E3759200,200,2299,1322,171,744,36,517,91,79402157.1,56356,1313,9,1140,16,49,117,0,18,96.5,44.5,87.5,112.5,116,852,444,223,234,88,1
CRS3035RES200mN2893600E3759800,200,1741,1090,149,666,13,367,88,56311409.9,45575,1085,5,860,142,30,58,0,119,61.5,26.5,54,60.5,93.5,603,351,186,209,95,1
CRS3035RES200mN2893600E3760000,200,2687.5,1392,196,735,72,368,129,82953316.6,66909,1375,17,821,354,17,199,1,320,118.5,42.5,134,190.5,160,812,539,320,261,96,14
CRS3035RES200mN2893600E3760200,200,2018.5,1223,139,747,22,509,67,68246307.1,52444,1220,3,1003,27,9,182,2,22,85,32,70.5,91,100,810,408,173,174,75,0
CRS3035RES200mN2893600E3760600,200,2232,1403,197,886,25,585,81,71990488.3,56838,1395,8,1206,70,55,72,0,70,96,33,63.5,70.5,103,897,449,190,235,94,1
CRS3035RES200mN2893600E3760800,200,2257.5,1146,174,576,56,470,98,62906085.6,53883,1141,5,763,280,41,60,2,125,116,45,129,118.5,122,719,488,203,216,92,9
CRS3035RES200mN2893600E3761200,200,1473.5,596,158,258,87,51,97,27145013.3,35090,596,0,120,26,301,144,5,462,64,31.5,103.5,157.5,110,286,287,176,178,63,17
CRS3035RES200mN2893600E3761600,200,543,214,36,81,24,4,38,11913355.9,13425,214,0,26,65,76,47,0,94,28.5,21,37,43.5,50,110,96,77,60,12,8
CRS3035RES200mN2893600E3761800,200,2258,917,182,343,117,222,125,49099492.8,54388,914,3,0,244,573,100,0,346,87.5,41.5,139,232,155,469,487,279,275,77,16
CRS3035RES200mN2893600E3770200,200,287,95,15,21,17,43,13,5829919.7,6798,76,19,16,17,13,49,0,42,16,11,28.5,36,23.5,45,53,34,25,15,0
CRS3035RES200mN2893600E3770400,200,1582,632,152,254,86,196,104,28896851,35396,619,13,66,114,28,424,0,277,113.5,68,151.5,162.5,86.5,399,344,141,83,26,7
CRS3035RES200mN2893600E3770600,200,803,317,93,110,36,115,54,14207261.7,17679,317,0,3,0,57,257,0,101,59.5,30.5,71,77,55,181,153,89,52,35,0
CRS3035RES200mN2893600E3770800,200,1312.5,462,158,144,92,55,92,20401954.1,26932,453,9,12,250,0,200,0,365,118.5,47.5,137,140.5,84,304,219,129,99,30,4
CRS3035RES200mN2893600E3772200,200,487,205,31,71,22,112,27,11578061.9,12814,144,61,49,60,47,49,0,0,32,18,20,44.5,28.5,128,97,50,50,19,0
CRS3035RES200mN2893600E3772400,200,295,128,18,49,16,60,24,6734556.2,8619,87,41,60,3,14,51,0,0,21,8,21,30.5,18.5,61,60,20,39,16,0
CRS3035RES200mN2893600E3772600,200,267,100,7,28,12,72,5,7413289.1,9149,24,76,49,7,13,31,0,21,12,5,22.5,24,23.5,36,63,24,32,25,0
CRS3035RES200mN2893600E3773200,200,315.5,140,17,54,11,83,22,7415239.9,9115,80,60,70,7,32,31,0,0,15,7,20,25.5,26,51,86,36,32,17,0
CRS3035RES200mN2893600E3773400,200,309.5,148,11,61,10,98,9,8513951,9977,101,47,39,16,19,73,1,0,4,11,17,18.5,20,51,66,48,41,33,0
CRS3035RES200mN2893600E3773600,200,496,285,35,167,14,147,14,11663378.2,17647,268,17,12,3,12,258,0,51,29,5.5,26,26,24,114,80.5,55,87,49,0
CRS3035RES200mN2893600E3775000,200,2875,734,413,116,270,260,134,37199770.4,46304,734,0,0,495,0,238,1,0,251,147,369.5,418.5,191,526,542,228,117,29,56
CRS3035RES200mN2893600E3776000,200,476.5,142,42,16,40,0,23,7439683.4,9978,142,0,0,0,97,45,0,142,27.5,16,48,62,24,103,79,49,57,11,0
CRS3035RES200mN2893800E3741400,200,303,121,12,36,13,33,26,8162915.8,9853,87,34,17,15,7,82,0,82,11,8.5,24.5,35,26,33,70,31,47,17,0
CRS3035RES200mN2893800E3748200,200,318,114,5,21,18,99,7,14404887.4,10884,49,65,59,15,6,34,0,0,13,7.5,13,37.5,37,46,79,38,30,17,0
CRS3035RES200mN2893800E3748800,200,415.5,162,10,55,17,100,10,15306354.1,10678,77,85,28,88,8,34,4,22,16,12,25,37.5,47,78,89,66,35,8,2
CRS3035RES200mN2893800E3750000,200,869,330,45,100,38,115,39,23670628,22191,292,38,62,5,5,258,0,121,50,19.5,69.5,104,68,207,217,73,49,12,0
CRS3035RES200mN2893800E3750200,200,550.5,198,26,56,33,110,16,15265117.3,13681,88,110,103,10,5,80,0,31,21.5,10,30,69,59,110,131,56,43,21,0
CRS3035RES200mN2893800E3750400,200,449,206,38,82,18,102,25,11568538.1,12480,167,39,57,78,5,66,0,26,33,13,30,34,21,115,102,43,40,18,0
CRS3035RES200mN2893800E3750600,200,384.5,173,20,69,10,79,14,10884534.4,9221,166,7,58,36,1,78,0,0,37.5,11,15,18.5,21.5,149,70,30,22,10,0
CRS3035RES200mN2893800E3751600,200,1070,394,125,119,68,0,79,17961792,26054,394,0,0,291,0,103,0,394,39.5,28,79.5,101,83,189,207,146,158,39,0
CRS3035RES200mN2893800E3751800,200,927,289,96,79,73,0,51,14362788.1,18985,289,0,0,0,96,193,0,289,53,43,104,116.5,69.5,175,168,98,65,26,9
CRS3035RES200mN2893800E3752000,200,1226,487,86,174,60,0,94,24442646.6,29772,487,0,0,0,1,486,0,487,56.5,40,83,128,120.5,219,256,159,116,48,0
CRS3035RES200mN2893800E3752600,200,411,184,20,67,10,93,15,12293523.4,13492,184,0,0,42,81,61,0,56,16,7,31,28,29,109,66,40,46,39,0
CRS3035RES200mN2893800E3752800,200,266.5,109,9,32,11,80,14,9165497.4,8258,109,0,0,0,29,80,0,0,18,8,7,18,20.5,71,51,27,24,22,0
CRS3035RES200mN2893800E3755800,200,756,375,29,187,23,187,29,31295253.9,25828,341,34,133,61,48,132,1,49,33,13.5,42.5,57,64,157,129,86,97,77,0
CRS3035RES200mN2893800E3756000,200,787,425,44,217,14,165,43,28832645.3,20488,424,1,211,37,45,132,0,21,41,24.5,37.5,47,40,247,172,75,56,45,2
CRS3035RES200mN2893800E3756200,200,1436,666,58,275,38,305,63,58790456.8,40290,655,11,326,80,1,259,0,52,95.5,35,90.5,111.5,95.5,396,312,122,136,42,0
CRS3035RES200mN2893800E3756400,200,1261,638,47,302,27,221,66,47474855,31915,633,5,543,18,5,70,2,10,89,38.5,72.5,63,72,448,240,89,98,50,1
CRS3035RES200mN2893800E3756600,200,1970,933,86,411,56,410,62,80420988.5,53944,922,11,589,11,65,267,1,80,136,58.5,125.5,118,126,612,371,166,188,69,0
CRS3035RES200mN2893800E3756800,200,2444.5,1214,169,560,66,280,187,69327576.5,66310,1204,10,314,255,338,306,1,622,109,54.5,125,182.5,162.5,578,478,297,329,127,2
CRS3035RES200mN2893800E3757200,200,1761.5,811,118,333,57,105,133,42712645.3,51710,811,0,12,0,761,38,0,598,43,28.5,81.5,142.5,141.5,248,324.5,220,393,137,2
CRS3035RES200mN2893800E3757400,200,1910,603,237,153,138,0,89,28194802.9,24589,603,0,0,0,324,279,0,603,82,50.5,177.5,272,100,258,323,220,222,47,158
CRS3035RES200mN2893800E3757600,200,561.5,173,43,45,44,46,28,11612430.6,11793,173,0,0,0,0,173,0,125,22,13.5,33.5,90.5,55,81,122,87,37,11,9
CRS3035RES200mN2893800E3759000,200,2271,1254,164,697,46,456,97,72689812.7,56542,1244,10,948,99,120,87,0,195,98,37.5,101,122.5,133,759,448,219,241,112,0
CRS3035RES200mN2893800E3759200,200,1557.5,784,92,404,41,377,55,54213955.4,42148,779,5,306,96,256,126,0,67,81,40,89.5,94.5,89.5,380,331,155,151,146,0
CRS3035RES200mN2893800E3759400,200,1996.5,1067,145,564,53,258,108,59225263.7,51875,1061,6,568,0,428,71,0,230,75,28.5,85.5,107,138.5,596,416,233,217,91,9
CRS3035RES200mN2893800E3759600,200,1767,821,138,386,64,209,99,48749826.3,49577,813,8,429,54,224,114,0,494,77.5,41,111.5,140.5,110.5,310,351,205,281,129,10
CRS3035RES200mN2893800E3759800,200,657.5,366,65,196,17,120,36,19162985.6,17678,365,1,186,0,103,77,0,110,18,8,27.5,39,37,164,134,80,98,52,0
CRS3035RES200mN2893800E3760000,200,1827,1052,107,575,27,576,74,62272816.4,52765,1050,2,379,463,0,209,1,15,81,27.5,71.5,73.5,78.5,560,347,202,255,129,2
CRS3035RES200mN2893800E3760200,200,1320.5,815,118,505,21,364,52,40191442.9,32867,805,10,479,83,146,106,1,59,46,15.5,40,51.5,64.5,509,262,149,130,53,0
CRS3035RES200mN2893800E3760400,200,2144.5,1133,293,611,61,250,129,45512059.3,45133,1126,7,1015,4,29,84,1,472,89.5,30.5,98,125.5,104,664,436,255,258,82,2
CRS3035RES200mN2893800E3760600,200,1658,972,155,576,29,409,69,48612838.5,41693,968,4,768,0,111,93,0,69,76.5,27,61.5,83.5,76,622.5,320,167,158,51,15
CRS3035RES200mN2893800E3760800,200,1119,600,138,332,29,199,67,26340722,21803,593,7,510,22,0,68,0,62,68.5,23,49.5,66,64,401,223,112,84,27,1
CRS3035RES200mN2893800E3761600,200,886,332,97,105,51,79,49,15909052.1,18400,331,1,60,38,143,91,0,168,33,17.5,55.5,116,67,184,202,99,102,10,0
CRS3035RES200mN2893800E3770400,200,615.5,237,63,85,32,73,29,10960630.7,14370,210,27,32,11,1,193,0,84,38,20,53,55.5,37,155,131,63,48,14,1
CRS3035RES200mN2893800E3770800,200,764.5,286,91,100,39,0,64,12393599.3,15591,286,0,0,208,0,78,0,286,65.5,29.5,67,87.5,42,176,146,77,53,13,8
CRS3035RES200mN2893800E3773200,200,804,373,70,170,30,136,58,17223337.7,20816,324,49,61,15,4,293,0,130,61,20.5,52,62.5,51,190,166,93,77,31,0
CRS3035RES200mN2893800E3773400,200,411,199,47,81,10,69,36,7717075.2,9386,177,22,119,3,12,65,0,24,30,21,33.5,19.5,26,121,72,33,43,12,0
CRS3035RES200mN2893800E3773600,200,310.5,149,23,66,10,98,17,7253532.4,9798,90,59,66,13,4,65,1,0,15.5,8,16,20,27,49,58,43,57,17,0
CRS3035RES200mN2894000E3742200,200,1480,626,58,218,61,289,101,38020393.5,46457,625,1,1,387,11,227,0,255,59,33.5,111,158.5,97,244,309,162,216,88,2
CRS3035RES200mN2894000E3745000,200,530.5,229,13,75,14,91,34,17217498.2,16393,204,25,29,57,30,111,2,91,41.5,11,34,40.5,35.5,127,121,54,55,11,0
CRS3035RES200mN2894000E3749200,200,1010.5,451,27,143,19,377,44,33383241.1,32510,412,39,48,2,352,49,0,1,50,21,60.5,78,45,168,214,107,172,95,0
CRS3035RES200mN2894000E3749400,200,365.5,165,22,69,13,75,15,10971619.5,9797,122,43,46,56,1,61,1,0,13,10,24,33.5,37,91,67,30,39,21,0
CRS3035RES200mN2894000E3749600,200,477,170,19,45,24,83,15,13732466.7,11451,155,15,20,1,0,149,0,51,46,26.5,60,33.5,30,153,86,26,12,4,0
CRS3035RES200mN2894000E3749800,200,466,178,30,59,24,63,24,12540760.9,11359,162,16,31,1,0,146,0,43,55,31,28.5,33,30.5,157,80,26,19,6,0
CRS3035RES200mN2894000E3750600,200,821.5,328,33,112,38,94,46,22110005.4,20232,327,1,0,0,1,327,0,127,59.5,30.5,71.5,82,52,262,175,51,28,9,1
CRS3035RES200mN2894000E3750800,200,164,49,5,8,11,0,8,3249474.1,3282,49,0,0,0,0,49,0,49,18,12.5,16,16.5,12,47,28,12,1,1,0
CRS3035RES200mN2894000E3754000,200,1100.5,474,43,170,33,77,54,36483791.4,32506,470,4,3,162,259,50,0,147,71,30,66,99,65.5,263,235,117,118,35,1
CRS3035RES200mN2894000E3764000,200,647.5,287,133,131,34,73,34,9579332.3,11121,284,3,233,0,0,53,1,49,32.5,17,48.5,57.5,31,168,156,64,54,18,1
CRS3035RES200mN2894000E3764200,200,1577.5,664,240,259,73,86,86,24881507.4,29382,661,3,296,28,0,338,2,284,93,54,105.5,116.5,91.5,397,391,172,136,20,1
CRS3035RES200mN2894000E3764800,200,445,180,47,64,19,66,25,8789776.9,9110,155,25,107,8,4,60,1,21,39,10,31,44,36,130,104,30,16,5,0
CRS3035RES200mN2894000E3769600,200,473.5,142,33,34,37,38,21,8214324.6,9415,117,25,17,6,1,118,0,85,30,25,53,69,38.5,102,95,35,21,5,0
CRS3035RES200mN2894000E3769800,200,279,103,33,37,20,51,6,4627507.2,5623,60,43,50,18,4,31,0,20,17.5,10,8.5,23,20,59,59,34,38,10,0
CRS3035RES200mN2894000E3773200,200,540.5,233,65,97,19,59,31,9909682.6,12853,208,25,119,33,0,81,0,45,47.5,20,46,50,32,139,121,34,33,18,0
CRS3035RES200mN2894000E3773400,200,884.5,389,71,167,35,111,58,17058465,21568,369,20,109,38,2,237,3,120,58,35,64,85,55.5,244,178,77,54,32,2
CRS3035RES200mN2894200E3746600,200,416.5,174,16,69,14,51,14,15184620.4,12602,148,26,87,10,0,77,0,46,27,12,29,39.5,28,112,105,34,19,10,1
CRS3035RES200mN2894200E3749200,200,583.5,286,29,118,12,148,38,18270421.1,18117,250,36,21,160,29,76,0,36,28,18.5,39,37,33,185,120,38,56,29,0
CRS3035RES200mN2894200E3749400,200,421.5,201,24,98,15,112,7,12880697.3,12630,179,22,26,122,18,35,0,12,41,17,16.5,20,18,143,55,43,48,20,0
CRS3035RES200mN2894200E3749800,200,695.5,315,64,140,26,68,37,17767533.4,18107,294,21,77,2,25,210,1,155,37,24,40.5,56,88,176,140,67,46,21,0
CRS3035RES200mN2894200E3750000,200,495,236,18,102,15,117,17,18374666.6,16601,178,58,95,5,66,70,0,3,19.5,6,24,31,40.5,135,100,55,62,22,0
CRS3035RES200mN2894200E3750600,200,800,254,57,60,59,0,48,15171394.9,17040,254,0,0,0,0,254,0,254,56.5,25.5,74,92,89.5,139.5,172,90,50,11,0
CRS3035RES200mN2894200E3750800,200,465,161,34,43,30,0,34,8947006.6,11438,161,0,0,0,0,161,0,161,32.5,18,35,57.5,49,86,93,65,27,2,0
CRS3035RES200mN2894200E3754200,200,614,313,30,155,10,160,27,21942265.3,21088,313,0,0,0,258,55,0,51,30.5,14,41,33,24.5,123,113,86,97,52,0
CRS3035RES200mN2894200E3754400,200,1066.5,542,38,246,24,356,24,45082145,40968,541,1,0,37,354,151,0,0,39.5,20.5,37.5,67.5,51.5,177,179,166,238,89,1
CRS3035RES200mN2894200E3754800,200,555,274,23,118,14,109,37,20332652.6,17711,264,10,39,0,95,140,0,57,26,15,38.5,26.5,37,133,105,63,74,37,0
CRS3035RES200mN2894200E3764000,200,2230.5,830,310,285,124,213,98,36956316.2,42127,822,8,390,67,0,371,2,240,165.5,87,188,205,151,563,518,204,100,31,18
CRS3035RES200mN2894200E3764200,200,1301,516,166,186,62,78,69,22284836.9,30975,515,1,172,40,7,297,0,269,82,41.5,108.5,128.5,71.5,307,279,138,118,27,0
CRS3035RES200mN2894200E3764400,200,580.5,250,85,103,28,70,26,9692852.8,10669,236,14,186,4,0,56,4,35,37,25.5,40.5,44,28.5,181,138,49,30,7,0
CRS3035RES200mN2894200E3769000,200,587,177,57,48,39,29,29,9523845,11420,144,33,18,12,3,144,0,134,32,17,64,80,36,104,122,61,54,7,10
CRS3035RES200mN2894200E3769400,200,600,183,53,44,47,48,35,10405254.7,12299,132,51,50,6,8,119,0,115,42,26.5,74,78.5,48,142,104,48,35,2,0
CRS3035RES200mN2894200E3769800,200,578,196,67,53,42,63,38,9554137.6,12115,140,56,85,10,14,87,0,6,44,21.5,70,60,31.5,121,114,53,47,16,0
CRS3035RES200mN2894200E3773000,200,402,162,58,51,16,50,24,6975769.6,8752,143,19,73,17,23,48,1,20,30.5,19,31.5,31,27,120,75,30,25,12,1
CRS3035RES200mN2894200E3773400,200,560,218,57,74,27,70,35,9866041.6,12935,189,29,53,67,11,87,0,66,55.5,23,45,58.5,39,155,101,38,28,16,1
CRS3035RES200mN2894200E3773600,200,459,193,73,66,17,43,36,7661314.1,10042,181,12,92,35,23,43,0,18,47,13,37,26.5,30,135,73,38,44,14,1.5
CRS3035RES200mN2894200E3773800,200,485,213,41,91,13,99,20,9929373.1,12324,167,46,46,124,5,38,0,36,40.5,19,24,39.5,28,130,106,40,42,16,0
CRS3035RES200mN2894400E3749000,200,376,131,17,46,24,58,8,10527944.9,10113,79,52,50,21,8,52,0,41,20,7,25.5,41.5,41,73,81,44,29,14,0
CRS3035RES200mN2894400E3749200,200,1015,382,63,109,45,112,65,22129372.5,23187,377,5,17,138,71,156,0,228,97.5,43.5,88.5,74.5,51,298,171,84,81,26,0
CRS3035RES200mN2894400E3749400,200,505,248,21,108,12,134,25,15750161.5,13652,232,16,102,75,23,48,0,20,37.5,12,25.5,29,25,172,92,44,40,28,0
CRS3035RES200mN2894400E3749600,200,639.5,317,41,161,19,135,23,18555675.2,15983,287,30,187,14,15,101,0,11,33,19.5,28,43,40,206,132,57,63,18,0
CRS3035RES200mN2894400E3750000,200,550,237,19,91,23,146,26,18149963.4,16977,186,51,62,71,11,93,0,13,27,17,41.5,50.5,43,135,135,45,39,17,0
CRS3035RES200mN2894400E3754400,200,1067,460,37,157,28,209,57,37522135.6,31477,459,1,0,57,287,116,0,113,59,21,89.5,91,60.5,197,222,144,145,35,3
CRS3035RES200mN2894400E3764000,200,984,423,173,178,39,99,47,14646330.7,16510,413,10,351,0,9,59,4,66,53,25,59.5,64,62.5,267,269,97,74,13,0
CRS3035RES200mN2894400E3764200,200,857.5,360,142,136,40,71,50,14142702.7,16787,354,6,189,0,83,87,1,87,59.5,27,67.5,55.5,36,249,204,83,59,17,0
CRS3035RES200mN2894400E3764400,200,857,335,79,114,46,99,33,17133325.4,16652,326,9,147,0,0,187,1,95,77,39.5,77.5,55.5,52.5,277,163,68,33,6,8
CRS3035RES200mN2894400E3773400,200,422,174,20,63,19,75,20,9428736.4,11415,148,26,17,13,32,112,0,47,29,17,31,37,23,96,83,40,53,13,0
CRS3035RES200mN2894400E3773800,200,382.5,138,30,40,22,52,25,7210641.5,8804,121,17,20,3,40,74,1,54,31,16,42.5,39.5,21.5,106,67,26,22,11,0
CRS3035RES200mN2894600E3749000,200,392,156,43,54,21,4,37,7213547.2,9448,154,2,2,15,0,139,0,152,23,14,35,37,23,70,78,50,42,20,0
CRS3035RES200mN2894600E3749400,200,445.5,199,22,74,16,77,29,15301180.9,14776,161,38,46,109,1,43,0,83,22,12,34.5,36,33,81,100,56,53,17,1
CRS3035RES200mN2894600E3749600,200,594,285,33,123,12,98,28,19370985.4,17684,248,37,133,24,42,86,0,39,40,10.5,31,32.5,48,209,94,65,46,18,0
CRS3035RES200mN2894600E3749800,200,802.5,392,34,175,19,153,25,26169453.9,22056,353,39,102,34,172,84,0,1,51,28,45.5,34.5,51.5,271,151,80,68,20,2
CRS3035RES200mN2894600E3750000,200,355,149,12,46,12,73,26,12888345.9,11312,104,45,77,7,4,61,0,44,12,6.5,24.5,38,27,80,72,40,37,18,0
CRS3035RES200mN2894600E3754200,200,492.5,248,25,105,13,131,27,16681775.4,15634,245,3,27,72,113,36,0,24,20,8.5,29,34,25,106,105,61,74,30,0
CRS3035RES200mN2894600E3754400,200,848.5,416,24,173,15,236,35,33070245.6,26882,410,6,102,28,124,162,0,0,37,23,45.5,53,50,192,183,93,115,57,0
CRS3035RES200mN2894600E3754600,200,842,397,34,171,18,163,32,28911869.3,22366,387,10,90,72,20,215,0,37,52,29.5,46,59.5,51,253,193,81,54,23,0
CRS3035RES200mN2894600E3754800,200,777,362,21,145,18,154,56,26584668,22820,350,12,106,34,158,64,0,90,33,24,36,64,54,162,175,107,92,29,1
CRS3035RES200mN2894600E3764000,200,436.5,182,60,82,25,57,24,7336199.8,8642,177,5,73,45,0,62,2,13,20.5,14,34.5,37.5,25,113,119,34,31,8,0
CRS3035RES200mN2894600E3764200,200,656.5,241,96,75,33,48,33,10796150.3,12341,236,5,149,42,5,31,14,67,40.5,21,49.5,79.5,36,159,161,61,40,7,2
CRS3035RES200mN2894600E3769000,200,411.5,132,33,32,24,100,13,8066605.9,10462,53,79,33,24,18,56,1,0,22,9,35,45.5,39,65,103,44,39,10,0
CRS3035RES200mN2894600E3773600,200,275.5,91,14,25,16,59,11,6437559.5,8214,24,67,41,11,8,31,0,20,10,10.5,32,24,20,53,58,40,18,10,0
CRS3035RES200mN2894600E3773800,200,431.5,163,21,44,23,73,22,9715906.1,11710,102,61,52,4,29,78,0,70,26,19,35.5,45,35,86,89,46,40,10,0
CRS3035RES200mN2894600E4041000,200,446.5,214,37,103,19,42,32,8932985.4,15028,211,3,23,6,0,185,0,76,20,12.5,38.5,43.5,38,136,85,33,26,13,1
CRS3035RES200mN2894800E3742000,200,283.5,106,12,23,12,34,24,7053350.4,6894,94,12,8,31,0,66,1,64,16,19.5,31.5,32.5,11,71,63,19,18,2,0
CRS3035RES200mN2894800E3742600,200,713,273,35,74,31,134,66,16825405.7,17253,273,0,0,233,0,40,0,109,48.5,25,57.5,71.5,60.5,154,153,65,48,27,3
CRS3035RES200mN2894800E3745200,200,289,144,14,69,10,66,10,11101310.5,11685,117,27,55,3,23,63,0,0,10,5,20,19,24,66,49,37,29,30,0
CRS3035RES200mN2894800E3749600,200,581,272,44,109,16,63,37,14118903.9,16100,258,14,38,40,24,169,1,158,40.5,13,38,32,42.5,146,119,65,62,23,0
CRS3035RES200mN2894800E3750800,200,786,325,83,137,35,23,61,14156019.2,17511,325,0,0,137,55,133,0,302,49,24.5,64,81,57.5,179,144,91,74,21,1
CRS3035RES200mN2894800E3754000,200,1433.5,589,69,185,49,222,96,50980776.9,40935,589,0,32,212,0,345,0,213,75,34.5,98,136.5,131.5,261,322,188,136,51,0
CRS3035RES200mN2894800E3754200,200,336,136,16,49,16,46,14,9810479,8657,132,4,23,63,8,42,0,52,7,12,20,36,28,51,86,37,36,16,7
CRS3035RES200mN2894800E3754400,200,726.5,349,40,157,15,145,43,24504708.2,21244,330,19,89,134,0,126,0,79,39,24,39.5,55.5,44.5,166,160,80,89,29,0
CRS3035RES200mN2894800E3754600,200,1697.5,746,85,283,51,279,113,51675931.6,45011,742,4,182,22,151,391,0,161,95,56.5,132.5,165.5,108,408,402,162,134,33,1
CRS3035RES200mN2894800E3754800,200,1630,707,42,261,48,365,73,68245231.4,47970,684,23,28,0,102,577,0,73,68,46,111,152.5,142.5,329,398,179,162,41,1
CRS3035RES200mN2894800E3764000,200,1607,525,147,152,96,51,98,26961877.8,31345,525,0,69,0,398,56,2,3,126,74.5,139.5,182.5,93,329.5,307,164,127,24,40
CRS3035RES200mN2894800E3769400,200,764,300,79,110,34,160,46,13757312.9,16513,260,40,21,99,32,148,0,2,53.5,25.5,46,70.5,44.5,226,128,78,68,17,7
CRS3035RES200mN2894800E3773200,200,300.5,117,22,30,10,55,22,6491844.7,8514,60,57,31,16,14,56,0,25,26,8,21.5,28,16,61,58,42,29,11,0
CRS3035RES200mN2895000E3746000,200,292,118,4,34,13,103,13,12107595.4,11765,91,27,20,7,0,91,0,0,11,6,15.5,36.5,25,35,66,29,48,20,0
CRS3035RES200mN2895000E3753000,200,1235.5,543,62,211,34,186,84,39584842.4,33213,540,3,13,28,102,400,0,196,89.5,46.5,65.5,108,87,345,288,94,84,20,8
CRS3035RES200mN2895000E3753200,200,868,449,26,199,14,244,40,32375197.5,28131,420,29,65,19,213,152,0,24,38.5,14,39,54,52.5,200,175,108,118,69,0
CRS3035RES200mN2895000E3753600,200,815,397,27,171,17,210,41,29763421.8,24384,365,32,73,199,13,112,0,56,44.5,17,58.5,47.5,55.5,236,166,78,72,40,0
CRS3035RES200mN2895000E3753800,200,554.5,278,22,136,15,148,17,20175979.5,16680,229,49,149,67,2,60,0,25,21,8,31,38.5,46,161,116,65,54,14,0
CRS3035RES200mN2895000E3755200,200,1228,604,31,268,20,356,42,51216337.9,38602,582,22,79,142,149,234,0,0,61,24.5,70,85.5,72,332,236,117,151,79,0
CRS3035RES200mN2895000E3755400,200,1367.5,597,48,209,37,356,60,52498520.4,41163,584,13,124,200,151,122,0,65,72,36.5,98,105,83,331,284,158,138,58,4
CRS3035RES200mN2895000E3755600,200,633,270,21,99,22,124,28,23006779.2,19198,240,30,40,138,29,63,0,82,36,21,37.5,43.5,61,132,147,62,73,17,3
CRS3035RES200mN2895000E3756000,200,921.5,504,31,267,16,278,30,34219820.9,27550,488,16,234,68,91,111,0,0,60.5,18,41,45.5,45.5,311,183,83,94,40,0
CRS3035RES200mN2895000E3756800,200,1173.5,405,73,89,65,39,84,24965583.1,24724,405,0,16,0,0,389,0,317,107,55.5,117,127,77,297,262,72,51,6,2
CRS3035RES200mN2895000E3760000,200,725.5,378,75,183,19,144,33,16745313,18512,330,48,289,9,20,58,2,20,26,20.5,30.5,43.5,42,200,169,101,67,25,1
CRS3035RES200mN2895000E3760200,200,422,170,37,57,15,31,34,8883096,11073,163,7,28,0,0,142,0,115,23,8.5,45.5,41,27,99,90,52,33,3,0
CRS3035RES200mN2895000E3760600,200,971.5,454,155,221,45,101,52,16854716,21864,448,6,236,105,1,112,0,183,50.5,25,57.5,73.5,53,260,212,108,110,22,0
CRS3035RES200mN2895000E3763000,200,222.5,76,28,22,14,19,13,3468438.7,4620,76,0,9,0,0,67,0,30,11,4.5,15,28,17,49,51,24,11,2,10
CRS3035RES200mN2895000E3764000,200,880.5,309,127,100,49,78,58,13601915.6,14565,296,13,140,4,1,164,0,117,73.5,36.5,98.5,76,46,232,196,70,29,6,17
CRS3035RES200mN2895000E3764600,200,707.5,287,76,132,38,94,21,13266387,15307,279,8,28,1,0,257,1,107,71.5,33,54,66,61,228,134,35,22,2,1
CRS3035RES200mN2895000E3770200,200,674.5,204,56,42,53,150,19,11958190.7,14319,126,78,32,111,27,34,0,0,55,17,79.5,78,32,156,120,70,50,17,0
CRS3035RES200mN2895000E3770600,200,1930,666,285,192,122,23,141,28069174.7,37855,641,25,2,581,3,80,0,637,124,78,155,217.5,150,357.5,359,221,208,40,20
CRS3035RES200mN2895000E3770800,200,953.5,335,122,115,67,46,53,15253048,19282,282,53,16,97,9,213,0,277,80.5,38,87,118,50,186,201,69,89,34,1
CRS3035RES200mN2895200E3753000,200,359,181,26,92,11,63,19,9954773.4,9736,163,18,59,21,18,83,0,44,17.5,9,22,34.5,15,114,73,34,29,10,1
CRS3035RES200mN2895200E3753200,200,1054.5,452,67,145,29,238,52,35957831.6,28988,428,24,102,105,62,183,0,105,62,17,61,104,72.5,239,243,101,115,40,0
CRS3035RES200mN2895200E3753400,200,830.5,390,27,160,22,233,39,31234722.1,25036,354,36,76,90,80,144,0,0,36,16,52.5,63,58,199,209,87,80,27,3
CRS3035RES200mN2895200E3753800,200,636,291,23,122,17,176,24,22820242,20672,225,66,136,4,115,32,4,29,33,26,42.5,44.5,40,161,122,58,78,30,1
CRS3035RES200mN2895200E3755000,200,1256,629,39,283,20,361,52,46067687.2,38530,604,25,200,336,57,36,0,65,69.5,26,62.5,89.5,70.5,298,267,119,150,104,0
CRS3035RES200mN2895200E3755200,200,1318.5,682,40,321,18,387,63,51124320.3,41279,661,21,469,31,66,116,0,1,75,33.5,71,63.5,89.5,397,244,131,149,65,0
CRS3035RES200mN2895200E3755400,200,744.5,374,26,178,13,219,29,27065474.2,21506,370,4,117,65,146,46,0,0,41.5,19,47,41.5,41.5,209,178,57,82,27,1
CRS3035RES200mN2895200E3755800,200,829,349,8,130,25,267,20,39871820.4,28075,327,22,177,75,31,66,0,0,48,26,51,64,64,145,188,100,94,48,1
CRS3035RES200mN2895200E3756000,200,935,423,24,160,16,273,33,39091720.9,30694,392,31,88,155,19,161,0,0,73,18.5,48.5,62,56,232,187,91,96,71,0
CRS3035RES200mN2895200E3756200,200,944,482,32,247,24,237,36,35792734.4,29225,469,13,171,129,71,111,0,0,65,29.5,48,62.5,62,316,170,79,84,28,0
CRS3035RES200mN2895200E3760000,200,726,340,71,149,18,113,40,15657250.4,17162,322,18,152,64,71,50,3,91,47.5,17,50,50.5,37,172,162,92,77,21,0
CRS3035RES200mN2895200E3760400,200,731,351,58,148,12,160,31,19118342.6,18435,345,6,207,4,0,140,0,17,70.5,17.5,41,39,30,247,173,62,41,10,0
CRS3035RES200mN2895200E3760600,200,1238.5,513,121,183,52,135,65,25245257,29714,490,23,119,21,232,139,2,230,90,37.5,100.5,109.5,53,300,298,112,99,32,7
CRS3035RES200mN2895200E3763000,200,755,273,76,92,38,94,38,13868420.5,15863,273,0,29,26,28,190,0,84,39,27,69,74,56,179,135,89,65,12,10
CRS3035RES200mN2895200E3763800,200,1193.5,385,101,103,78,104,60,21728593.1,24041,377,8,37,47,74,226,1,229,91.5,65,124.5,151.5,73,258,262,93,54,12,9
CRS3035RES200mN2895200E3764200,200,786,309,89,109,41,182,32,14620674.6,17228,280,29,33,222,0,52,2,0,47,30,65,55,50,166,187,92,60,33,1
CRS3035RES200mN2895200E3764600,200,472,160,48,46,30,72,13,8248509.8,9740,117,43,54,58,2,46,0,45,31.5,19,39.5,66,26,100,96,39,40,15,0
CRS3035RES200mN2895200E3764800,200,958.5,351,126,119,62,0,64,14841728.9,20896,351,0,172,67,59,53,0,346,52.5,23,97,100.5,50.5,184,197,121,105,21,7
CRS3035RES200mN2895200E3765000,200,412.5,122,37,25,35,1,22,6492719.6,6986,122,0,23,0,0,99,0,99,43,25,51,40.5,32,90,81,24,17,2,7
CRS3035RES200mN2895200E3765800,200,684,229,77,54,45,36,45,11035314.3,13531,229,0,0,183,0,46,0,183,51.5,24,63.5,80,38,141,113,83,76,14,0
CRS3035RES200mN2895200E3769000,200,693,282,44,98,24,166,34,14524407.7,15741,238,44,53,7,19,203,0,3,64,29,57.5,49.5,40,225,125,68,29,6,0
CRS3035RES200mN2895200E3769200,200,488.5,206,48,72,19,88,25,9737558.8,13583,130,76,53,17,22,114,0,78,37,13,33,32.5,41,103,89,57,60,23,0
CRS3035RES200mN2895200E3769400,200,382.5,121,27,26,29,77,9,7591406.5,9300,18,103,40,26,18,37,0,15,16,10,27.5,53,25,75,68,55,30,16,7
CRS3035RES200mN2895200E3769600,200,649,268,84,109,34,46,34,11267765.9,17662,203,65,41,14,33,180,0,196,37,22.5,45.5,63.5,48.5,125,119,71,85,32,0
CRS3035RES200mN2895200E3770600,200,192,54,14,10,14,5,9,3243399.4,3870,47,7,0,0,0,54,0,47,21,14,32,17,8,61,22,9,7,1,0
CRS3035RES200mN2895200E3801600,200,426.5,97,30,7,41,13,18,6680855.2,8354,0,97,0,0,0,97,0,84,25,18,45.5,72,38,82,75,40,21,2,8
CRS3035RES200mN2895400E3746000,200,410.5,159,9,50,20,115,13,14849893.9,11884,111,48,31,83,9,36,0,0,16,9,34.5,33,48.5,77.5,121,35,27,9,0
CRS3035RES200mN2895400E3753400,200,475.5,205,9,77,15,142,14,21331072.3,16691,147,58,65,4,2,134,0,0,23.5,14.5,26,45.5,38,96,109,56,45,22,0
CRS3035RES200mN2895400E3753600,200,595.5,255,11,87,14,172,28,23817945.6,17977,207,48,104,10,38,103,0,13,19,13,32.5,59,54,105,153,74,60,26,0
CRS3035RES200mN2895400E3753800,200,806,348,12,126,26,224,34,33582630.6,25545,293,55,145,23,5,175,0,17,29.5,15.5,52.5,79,75.5,147,213,97,78,19,0
CRS3035RES200mN2895400E3755000,200,338,158,14,68,12,62,21,10006470.5,9064,156,2,79,15,7,57,0,56,21,5,21,32,17,100,63,33,31,15,0
CRS3035RES200mN2895400E3755600,200,964,481,39,236,21,284,34,38409925.1,30044,416,65,297,49,63,72,0,0,51,14.5,51.5,71,74,251,196,103,105,45,2
CRS3035RES200mN2895400E3756200,200,500,247,19,118,15,123,26,18512631.4,15602,232,15,130,17,52,48,0,26,25.5,8,29.5,37,40,143,96,65,40,16,0
CRS3035RES200mN2895400E3756400,200,1577,739,44,302,30,393,69,61879590.3,46511,725,14,285,113,22,319,0,0,109.5,49,104.5,95,81,464,321,137,135,81,0
CRS3035RES200mN2895400E3756600,200,720.5,385,49,210,15,130,30,22313913,20245,358,27,219,13,83,69,1,64,36.5,18,34.5,35.5,49,207,151,72,86,31,0
CRS3035RES200mN2895400E3756800,200,616.5,293,19,114,11,187,27,22672721.5,18819,282,11,25,0,124,144,0,3,54,19,29,29,35.5,177,123,57,56,37,0
CRS3035RES200mN2895400E3760000,200,1035,498,86,234,29,161,58,23225173.1,30048,488,10,115,56,266,61,0,217,40,21.5,63,86,63.5,205,211,131,133,80,1
CRS3035RES200mN2895400E3760200,200,629,317,68,158,18,63,41,13028168.8,16804,299,18,111,154,2,49,1,181,27.5,10,30.5,49,39,129,137,84,85,38,0
CRS3035RES200mN2895400E3760400,200,755,308,64,115,39,100,47,16081202.6,17008,297,11,151,26,0,130,1,114,52,29.5,70.5,72.5,48.5,195,157,70,41,19,0
CRS3035RES200mN2895400E3760600,200,347,133,24,46,19,19,23,7145431,7881,123,10,38,2,1,92,0,51,30,13,41.5,31.5,10,80,78,37,23,3,0
CRS3035RES200mN2895400E3763000,200,491,200,77,75,26,65,32,8158637.1,9305,190,10,86,2,39,71,2,10,42,18.5,24.5,37.5,37.5,150,87,41,42,11,0
CRS3035RES200mN2895400E3763200,200,409,176,60,72,15,69,19,7356048.3,8719,159,17,114,22,0,39,1,0,25.5,13.5,25.5,34,26,119,81.5,43,29,12,0
CRS3035RES200mN2895400E3763400,200,918.5,355,101,124,50,90,58,16806588.8,21138,349,6,118,82,15,133,7,170,37,34.5,60.5,102.5,76,190,175,108,90,43,2
CRS3035RES200mN2895400E3763800,200,1640,628,295,270,84,88,76,23944153,22824,613,15,87,255,0,283,3,392,142.5,73,146,167,93.5,398,301,119,109,20,71
CRS3035RES200mN2895400E3764200,200,831.5,345,186,125,41,43,43,11403516.8,12017,337,8,99,0,11,232,3,38,59,37,90,59.5,33,161,180,90,97,24,1
CRS3035RES200mN2895400E3764400,200,781,269,66,73,45,68,40,13986720.7,19295,229,40,49,5,97,118,0,143,38,25,63.5,92.5,47,166,158,89,71,18,13
CRS3035RES200mN2895400E3764600,200,1290,480,208,198,80,27,84,20088652.6,28955,475,5,4,10,306,92,68,377,67.5,35.5,129.5,145.5,123,240,247,134,110,47,11
CRS3035RES200mN2895400E3764800,200,1642.5,488,207,129,119,36,99,23631376.3,28532,488,0,0,391,54,42,1,411,100,60.5,165.5,210.5,106,290,348,179,125,27,31
CRS3035RES200mN2895400E3765000,200,529,170,60,43,37,61,22,8358540,8603,169,1,78,3,2,87,0,57,50,21,46,50,34,118,110,71,25,4,0
CRS3035RES200mN2895400E3765200,200,880,317,104,93,48,0,71,13580268.2,19388,317,0,0,261,1,55,0,316,50,32.5,71.5,97.5,41.5,154,144,123,105,49,12
CRS3035RES200mN2895400E3765600,200,1362.5,444,149,123,89,0,98,20937379,27572,444,0,0,369,0,74,1,166,129.5,70,130.5,147.5,91,271,259,124,104,36,0
CRS3035RES200mN2895400E3765800,200,972.5,467,139,273,51,137,38,17438851.2,18499,467,0,0,69,0,398,0,263,61.5,33,64,82,110,354,177,47,34,10,0
CRS3035RES200mN2895400E3768800,200,440.5,177,33,58,19,94,24,9269187,9822,121,56,64,26,12,75,0,3,36,13.5,33,40,19,117,84,46,41,11,0
CRS3035RES200mN2895400E3769000,200,623.5,248,66,81,31,85,42,11716897.7,14899,203,45,142,21,15,70,0,0,44,24,46.5,64,38,153,112,58,63,21,0
CRS3035RES200mN2895400E3769400,200,1185.5,464,128,157,56,8,81,20381861.1,33378,433,31,6,2,208,248,0,418,62,45.5,96.5,137,86.5,243,224,138,126,27,0
CRS3035RES200mN2895400E3769600,200,234,81,20,25,17,23,17,4272666.7,6236,53,28,9,3,5,64,0,54,18,11,24,22.5,17,60.5,39,23,14,5,0
CRS3035RES200mN2895400E3773800,200,235,95,14,34,11,69,9,5878718.9,7763,40,55,26,15,17,37,0,0,11,5,14,20,24,50,31,47,23,10,0
CRS3035RES200mN2895400E3801400,200,658.5,244,48,73,34,57,49,12678872,16089,209,35,0,0,0,244,0,87,48.5,37,67,75,32,171,126,50,48,4,0
CRS3035RES200mN2895400E3801600,200,775,376,27,167,20,280,62,17431598,22123,372,4,0,0,43,333,0,0,78,29.5,61,40.5,51,322,135,32,22,4,0
CRS3035RES200mN2895400E3801800,200,512,178,34,47,35,56,40,9421590.8,13224,178,0,2,0,112,64,0,111,48,20,48,66.5,34.5,102,101,38,43,11,0
CRS3035RES200mN2895600E3746800,200,316.5,117,6,29,10,74,10,10952393.9,9816,68,49,31,2,11,73,0,0,9,15.5,38.5,28.5,18,47,90,37,27,6,0
CRS3035RES200mN2895600E3753000,200,819,413,41,187,15,213,42,26240286.1,23342,407,6,96,43,163,111,0,37,37,21.5,47.5,47.5,53.5,204,180,95,90,43,0
CRS3035RES200mN2895600E3753200,200,546,236,19,99,21,148,12,23116857.9,17988,180,56,100,1,7,128,0,0,31,21.5,29,41.5,51,124,134,48,42,24,0
CRS3035RES200mN2895600E3753600,200,763.5,391,34,189,13,203,35,27647376.1,23720,347,44,204,36,26,125,0,0,29.5,11,46,42.5,66.5,195,171,77,82,43,0
CRS3035RES200mN2895600E3753800,200,699.5,339,34,146,15,179,33,24684104.5,21442,297,42,146,60,9,124,0,8,23,10.5,37,59.5,53.5,159,164,83,77,33,0
CRS3035RES200mN2895600E3755000,200,1269.5,637,42,290,25,300,55,43993305.8,35084,615,22,297,154,0,186,0,84,77,31.5,58.5,69.5,74,426,231,126,114,62,0
CRS3035RES200mN2895600E3755200,200,1504.5,726,55,291,19,382,80,53256632.5,42735,718,8,529,154,0,42,1,38,109,47.5,82.5,85,86.5,474,302,131,115,71,1
CRS3035RES200mN2895600E3755400,200,1199,563,43,234,22,232,57,42204609.3,36594,536,27,297,101,49,116,0,142,74.5,23.5,69,84,71,292,256,141,135,53,0
CRS3035RES200mN2895600E3756000,200,442.5,193,6,76,21,128,15,17918461.4,16135,146,47,74,12,55,52,0,20,18,6,33,39,34.5,80,87,51,55,39,0
CRS3035RES200mN2895600E3756200,200,1202.5,636,44,347,26,262,52,44099791.2,34843,596,40,498,15,7,116,0,0,77,28,73.5,60,82,386,216,137,88,55,0
CRS3035RES200mN2895600E3756400,200,1152.5,572,50,266,20,248,44,44139151.5,31791,556,16,302,14,12,242,2,15,79,37,80,66,61.5,419,255,78,56,21,0
CRS3035RES200mN2895600E3756600,200,1217.5,651,54,344,27,349,51,43639443,36397,602,49,438,47,47,119,0,0,74.5,28,54.5,72.5,76,377,231,114,119,70,1
CRS3035RES200mN2895600E3756800,200,834.5,359,33,127,32,190,55,32116439.3,24940,300,59,211,84,3,61,0,73,43.5,23,66,75.5,64.5,180,201,72,83,26,0
CRS3035RES200mN2895600E3760600,200,171.5,58,13,13,10,19,9,3733365.2,4191,51,7,17,0,0,41,0,32,13.5,4,12,27.5,14.5,31,43,18,8,0,0
CRS3035RES200mN2895600E3763000,200,455.5,169,59,44,18,38,36,7967173.3,9595,165,4,26,0,0,143,0,80,25,16,47.5,50,28,101,113,37,29,9,0
CRS3035RES200mN2895600E3763200,200,963.5,371,121,128,50,146,57,17230766.4,19013,343,28,171,41,1,156,2,40,70,39.5,85,82.5,42.5,268,209,86,59,20,2
CRS3035RES200mN2895600E3763800,200,1744,667,199,233,99,99,107,29926152.2,40363,662,5,63,437,13,154,0,487,101.5,58,133.5,188.5,90.5,362,314,232,185,75,4
CRS3035RES200mN2895600E3764800,200,618,190,75,54,43,59,22,9603703.3,12496,143,47,62,5,91,30,2,75,33,24,47.5,72.5,51,113,115,68,44,19,31
CRS3035RES200mN2895600E3765600,200,441.5,145,48,46,32,46,12,7945071.8,9243,93,52,56,13,7,69,0,56,23,8.5,28,41,23,103,81,62,51,14,7
CRS3035RES200mN2895600E3765800,200,602,197,53,44,41,146,19,10390050.3,11753,160,37,29,3,1,164,0,0,28,16,43,83,46,137,183,43,20,3,0
CRS3035RES200mN2895600E3768200,200,494.5,189,51,62,29,102,21,10637717,11744,109,80,98,22,9,60,0,2,24,14,32,49,41.5,108,103,48,52,23,0
CRS3035RES200mN2895600E3768600,200,324.5,143,46,61,14,56,14,5823368.8,7027,122,21,45,29,11,58,0,0,21.5,14,17.5,26.5,26,86,65,34,20,14,0
CRS3035RES200mN2895600E3769200,200,1241,551,63,227,34,176,43,26804483.9,37129,537,14,3,216,286,46,0,0,98,45,90,80.5,133,434,220,62.5,50,28,0
CRS3035RES200mN2895600E3770400,200,821,303,111,90,47,3,58,12820640.4,17515,301,2,1,228,1,58,15,279,56,27.5,64,83,48.5,164,151,101,91,28,7
CRS3035RES200mN2895600E3773800,200,328.5,109,33,22,17,38,33,5620987.8,7065,79,30,28,4,9,67,1,43,48,23,27.5,26,21,95,51,22,11,3,1
CRS3035RES200mN2895600E3801000,200,324,96,8,14,25,40,20,6603319.8,7484,41,55,0,1,1,94,0,43,24.5,12.5,42.5,54.5,24,80,59,15,8,2,2
CRS3035RES200mN2895600E3801200,200,863,316,86,114,52,93,67,14676241.4,21068,314,2,103,50,0,163,0,185,45.5,27,83,106.5,55,161,157,85,90,32,21
CRS3035RES200mN2895600E3801400,200,186.5,64,17,19,15,0,15,3003012.3,4219,62,2,0,10,0,54,0,62,11,8,20,26,9.5,49,37,9,13,4,0
CRS3035RES200mN2895600E3801600,200,678,212,80,57,53,16,38,10381948.9,14199,212,0,0,176,0,36,0,181,50.5,25,70,94.5,44,127,119,65,60,15,8
CRS3035RES200mN2895800E3746400,200,320.5,163,17,84,10,98,16,10712655.6,10343,110,53,56,39,4,64,0,31,8,4.5,15.5,32.5,25,52,67,44,50,22,0
CRS3035RES200mN2895800E3746800,200,462,198,13,66,13,83,24,15047193.4,14299,156,42,26,7,120,45,0,0,36.5,10,30.5,35.5,30.5,104,90,59,49,17,0
CRS3035RES200mN2895800E3753200,200,714.5,366,33,177,11,175,39,24174569,20092,335,31,164,46,23,133,0,0,34.5,17,48,57,34,207,173,54,66,24,0
CRS3035RES200mN2895800E3753400,200,722,332,32,145,24,148,38,23985252.8,20349,280,52,179,45,35,73,0,67,30.5,16,50,58,65.5,157,161,73,86,25,0
CRS3035RES200mN2895800E3753800,200,946,417,17,158,24,216,45,34144017.8,28128,383,34,206,9,14,188,0,21,54,27.5,67.5,78,59,242,224,83,70,41,0
CRS3035RES200mN2895800E3755400,200,1267.5,572,34,233,34,351,55,47398241.3,36837,546,26,231,149,52,140,0,0,100,36,86.5,82,71,338,259,112,116,67,0
CRS3035RES200mN2895800E3756000,200,560.5,253,12,114,18,168,18,22674029.2,18120,206,47,64,135,6,48,0,0,36,21.5,41.5,40.5,36,128,122,64,43,28,0
CRS3035RES200mN2895800E3756200,200,715,333,17,149,23,192,29,28935715.2,22636,305,28,116,50,135,32,0,24,38,17,54.5,61.5,37,152,154,72,78,51,0
CRS3035RES200mN2895800E3756400,200,1231,641,42,305,19,334,46,43111244,36419,620,21,246,68,186,140,1,0,66,39.5,58,74.5,57,400,214,117,127,78,0
CRS3035RES200mN2895800E3756600,200,1134.5,536,34,225,25,279,49,43796314.9,33734,515,21,312,75,32,117,0,0,87,39,80.5,68.5,48.5,312,225,97,106,71,0
CRS3035RES200mN2895800E3760000,200,941.5,456,115,218,28,123,77,19857107.2,24524,443,13,92,21,179,164,0,257,43,21.5,54,78.5,118.5,185,203,104,96,29,9
CRS3035RES200mN2895800E3760600,200,455,218,46,117,23,57,10,10987366.8,11178,194,24,23,0,0,195,0,5,40,17,40,26,51,173,67,28,10,3,0
CRS3035RES200mN2895800E3760800,200,885.5,357,93,120,39,119,37,18128138.5,18674,330,27,112,2,1,242,0,0,69.5,37.5,65,75.5,50,285,183,62,44,14,0
CRS3035RES200mN2895800E3763200,200,638,260,97,95,29,72,33,11739584.1,13011,243,17,139,5,3,111,2,25,43.5,20.5,41,55.5,37.5,173,130,68,54,11,4
CRS3035RES200mN2895800E3763600,200,913.5,373,107,133,37,122,47,17787087.2,20111,328,45,91,53,34,193,2,67,76.5,33,69,61,59,250,187,98,58,20,2
CRS3035RES200mN2895800E3763800,200,590.5,234,66,89,31,43,39,10733385.9,12901,232,2,152,11,0,71,0,143,39,27.5,44.5,50.5,37,141,115,67,55,14,0
CRS3035RES200mN2895800E3764400,200,332.5,107,40,32,21,4,21,4891088.2,6325,101,6,12,7,0,87,1,87,28,25,15,41,32,57.5,64,35,24,2,9
CRS3035RES200mN2895800E3765400,200,743,252,130,68,38,64,19,10733182.9,11284,208,44,171,17,11,50,3,9,71.5,26,44,59.5,32,227,178,54,37,14,0
CRS3035RES200mN2895800E3765800,200,860.5,268,70,57,57,148,23,14597511.6,16656,232,36,35,61,6,166,0,22,58,25,55.5,118,70,205,232,62,28,7,0
CRS3035RES200mN2895800E3768000,200,583.5,217,40,52,25,29,44,11080170.1,14481,160,57,65,13,6,133,0,0,30,21,35.5,66,42,108,106,77,78,11,9
CRS3035RES200mN2895800E3768200,200,793.5,316,54,109,32,156,24,17569128.4,19691,280,36,40,56,9,211,0,22,67,17,53.5,47,54,208,145,80,79,43,0
CRS3035RES200mN2895800E3768400,200,780,343,60,141,29,154,37,15880786.8,20095,305,38,92,43,33,175,0,42,77.5,33,63.5,43.5,43.5,206,138,75,65,34,1
CRS3035RES200mN2895800E3768600,200,519,228,52,82,14,128,36,10406277.6,13617,164,64,59,26,35,108,0,5,31.5,14.5,32.5,38.5,32,135,97,61,58,19,0
CRS3035RES200mN2895800E3768800,200,725,314,111,124,32,110,34,13248382.9,14753,270,44,26,125,26,136,1,115,47,29,58.5,60.5,36,186,151,83,60,14,0
CRS3035RES200mN2895800E3769000,200,1002.5,396,60,126,38,205,68,20268626.3,24282,387,9,8,91,45,252,0,121,105,60.5,81.5,76.5,51,323,176,60,45,14,10
CRS3035RES200mN2895800E3769200,200,942,363,68,122,48,249,40,17776348.3,21915,363,0,4,325,0,34,0,5,64,34.5,77,92.5,61,212,204,84,66,44,3
CRS3035RES200mN2895800E3770600,200,326.5,90,16,12,23,76,6,6413379.3,8470,5,85,15,18,20,37,0,0,14,8,24.5,40,29,50,77,40,32,10,2
CRS3035RES200mN2895800E3772400,200,307.5,115,13,37,17,81,10,7410685.7,8851,44,71,60,6,16,33,0,0,16,7,25,33.5,24,61,58,40,31,12,0
CRS3035RES200mN2895800E3773800,200,435,170,44,54,17,34,44,7333335.4,10280,161,9,18,2,5,144,1,103,59,29,38,29,31,144,58,31,12,1,3
CRS3035RES200mN2895800E3801400,200,276,114,16,39,13,89,14,5429105.2,8200,96,18,0,67,8,39,0,0,11,4,30,32,19,46,55,28,27,24,0
CRS3035RES200mN2895800E3801800,200,635.5,214,55,59,42,37,43,10881407.7,13658,207,7,0,0,0,214,0,155,42.5,26.5,60,88,51,134,130.5,49,34,12,8
CRS3035RES200mN2896000E3741000,200,497.5,239,26,110,14,89,29,13759610.4,14345,233,6,5,83,26,122,3,85,29,11,34,42.5,34,112,104,66,51,14,0
CRS3035RES200mN2896000E3753200,200,757.5,322,30,121,29,156,36,26643425.4,21308,261,61,228,54,0,40,0,28,29.5,17.5,52,72,75.5,157,178,84,64,28,0
CRS3035RES200mN2896000E3753400,200,487,218,14,88,16,143,14,21387143.8,17960,169,49,90,7,40,80,1,0,15,10,28.5,40.5,53,75,117,68,52,28,0
CRS3035RES200mN2896000E3753800,200,650,323,23,148,14,226,24,26987236,22939,287,36,58,20,81,164,0,0,36,18,36,37.5,34.5,131,129,87,105,36,0
CRS3035RES200mN2896000E3754000,200,751,355,15,147,17,244,20,31571454.4,25338,313,42,98,16,69,172,0,0,25.5,14,48,51.5,50,140,187,99,95,41,0
CRS3035RES200mN2896000E3754200,200,1036.5,461,39,171,32,197,65,34484264.2,28754,447,14,66,174,3,218,0,114,67,27.5,80.5,72,64.5,250,218,124,87,46,0
CRS3035RES200mN2896000E3754400,200,893,401,47,160,25,124,64,25771350.3,24384,401,0,0,235,0,166,0,173,53,13,59.5,91.5,72,165,221,97,87,33,1
CRS3035RES200mN2896000E3755400,200,1417,721,95,364,35,204,85,40784616,37620,693,28,393,201,44,83,0,311,103,32.5,68.5,106,80,402,290,161,124,50,0
CRS3035RES200mN2896000E3755600,200,643.5,298,49,139,24,45,50,15865206.7,15049,286,12,61,0,0,237,0,232,42,15,50,69.5,40,180,120,66,52,9,0
CRS3035RES200mN2896000E3756200,200,766,323,26,112,30,165,41,29117755.1,23443,235,88,242,7,0,74,0,40,43,19,47,76.5,66.5,166,150,105,76,17,0
CRS3035RES200mN2896000E3756400,200,1008,411,33,134,35,251,50,37621737.7,26693,372,39,215,34,29,132,1,19,69.5,42.5,84.5,66.5,67,272,224,89,73,20,0
CRS3035RES200mN2896000E3756800,200,1117,583,71,294,21,289,48,36413935,32812,567,16,274,12,185,111,1,65,67,30,53,65,62,279,215,115,127,104,0
CRS3035RES200mN2896000E3757000,200,400,168,23,54,16,60,26,13051205.9,11259,153,15,55,8,23,82,0,69,26,7.5,31.5,36,21,69,100,52,38,17,2
CRS3035RES200mN2896000E3757200,200,1239.5,553,117,215,47,202,68,31798414.1,29003,528,25,374,16,0,158,5,84,61,26,75,102,96.5,324,294,117,105,39,0
CRS3035RES200mN2896000E3757400,200,798.5,355,58,148,27,73,51,18568117.6,20833,349,6,79,12,32,232,0,45,68.5,26,66.5,53.5,47,232,162,75,53,15,0
CRS3035RES200mN2896000E3757600,200,1308,581,112,217,38,264,84,33561063.5,37384,580,1,0,246,116,218,1,219,60,35,69.5,132,81.5,227,251,171,184,86,11
CRS3035RES200mN2896000E3767000,200,540.5,192,71,56,31,53,34,8437337.5,10882,144,48,43,65,17,67,0,110,29,17,46.5,54,36,109,96,66,68,12,7
CRS3035RES200mN2896000E3769200,200,323,106,17,23,23,28,13,6636843.1,6946,88,18,11,32,4,59,0,0,27,20,29,30,24,88,64,23,11,7,0
CRS3035RES200mN2896000E3772400,200,295,104,19,20,14,52,20,6853644.8,8097,51,53,38,10,12,44,0,41,7,9,10,42,33,39,76,42,25,12,0
CRS3035RES200mN2896000E3772800,200,294.5,107,17,33,12,62,13,5955323.5,7245,43,64,50,9,14,34,0,25,28,10.5,17,17,20,67,58,40,27,10,0
CRS3035RES200mN2896000E3775200,200,378,146,19,49,18,75,18,8384554.4,10164,84,62,18,25,44,59,0,21,14,12,28.5,48.5,24,68,87,47,34,15,0
CRS3035RES200mN2896000E3775600,200,294,91,5,13,18,54,10,7505132.7,8411,32,59,22,10,14,45,0,0,16.5,9.5,38,29,22,70,69,24,10,6,0
CRS3035RES200mN2896200E3741400,200,322.5,159,15,70,12,67,18,11215991.8,12540,137,22,26,21,59,52,1,48,10,5,14,26.5,32,54,61,26,50,44,0
CRS3035RES200mN2896200E3741800,200,514.5,237,18,103,18,105,23,17863632.8,18554,218,19,74,75,1,85,2,51,18,11,35,47.5,43,80,110,50,69,49,2
CRS3035RES200mN2896200E3753000,200,779,357,53,156,22,184,33,23692749.5,19080,277,80,268,22,12,54,1,0,58,29,51,52,51,219,156,77,69,17,0
CRS3035RES200mN2896200E3753200,200,911,432,42,178,19,198,46,26675986.1,23133,399,33,289,101,3,39,0,72,55,25,66.5,55.5,50,287,206,68,74,24,0
CRS3035RES200mN2896200E3753600,200,478,199,13,68,18,130,13,19345675.7,16332,144,55,138,2,2,57,0,0,15,11.5,41.5,47,42,89,113,57,47,15,0
CRS3035RES200mN2896200E3753800,200,653.5,297,13,96,12,217,21,27843036.4,24372,247,50,55,11,82,149,0,0,28,9,46,42.5,41,83,129,100,120,55,0
CRS3035RES200mN2896200E3754200,200,1349,601,47,223,37,207,70,42444814.9,37310,580,21,164,130,199,108,0,170,72.5,35,95.5,115.5,84.5,292,313,154,124,63,0
CRS3035RES200mN2896200E3755000,200,430,175,10,57,18,137,21,18842963.6,15339,102,73,82,29,0,64,0,0,19,4,36,43,41,80,110,53,31,13,0
CRS3035RES200mN2896200E3755200,200,516,227,20,84,14,142,33,17218359.2,14410,200,27,79,75,10,63,0,32,26,14,34.5,45.5,40,111,106,80,46,13,0
CRS3035RES200mN2896200E3755400,200,1197,581,51,268,28,272,55,38345388.2,33539,552,29,170,2,56,353,0,113,90,39,67,73.5,68.5,346,240,124,90,58,1
CRS3035RES200mN2896200E3755600,200,474.5,204,12,83,20,71,24,15392647.7,12390,183,21,124,10,1,69,0,27,31.5,20.5,36,40,32,133.5,103,43,26,9,0
CRS3035RES200mN2896200E3756000,200,517.5,210,14,68,19,150,21,23670939.8,17890,133,77,116,1,60,33,0,0,33,16.5,47,32.5,40.5,104,107,61,51,25,0
CRS3035RES200mN2896200E3756200,200,753,343,38,159,30,180,27,26647710.1,20874,277,66,172,9,44,118,0,0,33,19.5,52.5,73.5,56.5,181,170,77,64,25,1
CRS3035RES200mN2896200E3756400,200,779,354,31,132,22,217,36,29852240.8,23019,324,30,159,33,14,148,0,8,40.5,11.5,52,70,49,220,162,84,65,25,0
CRS3035RES200mN2896200E3756600,200,865,405,29,180,26,155,40,29865846.3,24534,359,46,246,22,59,78,0,93,47.5,33,50,85,44.5,220,202,85,73,24,1
CRS3035RES200mN2896200E3757000,200,991.5,480,67,228,29,200,52,30620775.9,25574,422,58,367,16,0,97,0,66,51.5,30,71.5,71.5,74,275,226,99,63,30,0
CRS3035RES200mN2896200E3757200,200,1135.5,521,151,242,41,206,39,23992132.5,23810,512,9,320,0,62,139,0,94,63,24.5,83,79,66,311,225,122,128,34,0
CRS3035RES200mN2896200E3757400,200,927,346,82,108,49,82,49,17962184.1,21561,310,36,127,13,71,135,0,172,64.5,24,71,92,80.5,212,191,104,65,22,1
CRS3035RES200mN2896200E3757600,200,1742,756,183,326,71,145,105,34282629.1,39548,736,20,169,107,44,436,0,471,114.5,48,123.5,154,136,459,367,177,119,43,1
CRS3035RES200mN2896200E3769600,200,433.5,166,26,47,21,95,25,8770599.4,10222,103,63,47,17,10,92,0,26,26.5,13.5,33,42.5,31,103,100,37,34,13,0
CRS3035RES200mN2896200E3771600,200,713.5,317,73,128,29,123,41,14808401.3,16676,287,30,112,95,27,72,11,0,65,18,43.5,47.5,33.5,242,115,69,42,38,0
CRS3035RES200mN2896200E3772000,200,370.5,165,23,63,11,54,23,8720641.5,9357,141,24,81,5,1,78,0,0,25,12,20.5,29,22,114,66,45,23,14,0
CRS3035RES200mN2896200E3775600,200,439,132,25,26,28,36,24,8544526.9,9216,94,38,8,20,6,98,0,94,55,17,55,45,20,98,88,26,24,10,1
CRS3035RES200mN2896200E3775800,200,279,100,9,23,14,66,7,6637058.1,7740,28,72,32,19,16,32,1,20,16,7,23.5,20.5,23,49,60,45,25,9,1
CRS3035RES200mN2896400E3741000,200,661,283,23,105,21,100,46,18984481.3,17148,255,28,29,181,11,62,0,98,46.5,18,54.5,61,44,153,144,51,56,30,3
CRS3035RES200mN2896400E3754000,200,666.5,285,25,99,16,170,28,23589302.4,19872,239,46,167,6,3,109,0,5,44,24.5,44.5,45.5,46,171,152,55,62,22,0
CRS3035RES200mN2896400E3754200,200,1003,447,39,170,18,263,47,33202381.8,27351,427,20,115,139,8,185,0,0,66.5,23.5,66,95.5,61.5,280,240,78,62,30,0
CRS3035RES200mN2896400E3754400,200,763.5,418,47,235,18,215,43,23532032.4,20824,395,23,319,58,11,30,0,0,43,14.5,48,45,38,241,158,74,79,23,0
CRS3035RES200mN2896400E3754800,200,470,190,24,76,27,132,15,17856054.9,14396,107,83,122,15,1,52,0,0,15,8,37,47,60,72,118,52,45,16,0
CRS3035RES200mN2896400E3755200,200,516.5,235,20,88,15,104,33,17873785.1,15480,210,25,131,21,32,51,0,12,18,13.5,33,36.5,42.5,104,120,55,56,38,0
CRS3035RES200mN2896400E3755400,200,733.5,332,25,116,14,190,40,24131775,21224,314,18,155,88,31,58,0,33,38,22.5,37,52,50,187,147,90,76,34,0
CRS3035RES200mN2896400E3755600,200,1036,491,50,220,31,173,66,32024381.2,26887,472,19,373,1,23,94,0,94,52,23,67,93,80,266,228,108,89,30,0
CRS3035RES200mN2896400E3755800,200,1179.5,585,43,278,25,362,43,42197954.7,34537,528,57,429,22,23,111,0,0,71,40.5,61.5,73.5,68,344,252,95,110,64,0
CRS3035RES200mN2896400E3756000,200,521,259,20,121,13,154,23,21603144.7,16903,190,69,173,12,7,67,0,0,24,10,29.5,34.5,34,155,108,63,36,27,0
CRS3035RES200mN2896400E3756200,200,963,465,50,214,22,223,42,31299764.6,25004,430,35,262,31,27,145,0,0,50,21.5,60,83.5,78,290,229,82,54,15,0
CRS3035RES200mN2896400E3756400,200,1002.5,474,41,217,30,258,33,34613093.4,28041,434,40,225,44,36,169,0,0,59.5,34,58,60.5,73.5,293,201,104,89,30,0
CRS3035RES200mN2896400E3756600,200,1368,592,39,187,27,258,72,46107384.7,37091,581,11,102,40,0,450,0,127,112.5,51.5,98,95.5,81.5,454,273,118,68,16,0
CRS3035RES200mN2896400E3756800,200,1467,732,80,355,25,313,69,45306098,37909,726,6,232,0,18,482,0,27,101.5,39.5,83,114,96,449,354,124,86,20,0
CRS3035RES200mN2896400E3757000,200,874.5,412,57,176,25,221,43,26499456,23900,351,61,155,2,15,238,2,15,48,14.5,45,67,61,256,181,97,78,27,0
CRS3035RES200mN2896400E3757200,200,691.5,263,78,93,40,35,33,13185148.8,15037,251,12,76,2,143,42,0,168,44,19,45,69.5,48,133,107,90,101,34,1
CRS3035RES200mN2896400E3757400,200,734,265,78,80,38,36,39,14053207.3,15379,245,20,83,0,113,69,0,172,38,25,49.5,75,64.5,130,146,85,89,30,2
CRS3035RES200mN2896400E3757600,200,602,221,51,73,38,77,28,12758899.2,13848,160,61,88,1,12,120,0,82,33,13,43.5,58.5,59,100,133,74,77,10,1
CRS3035RES200mN2896400E3757800,200,411,179,49,72,21,79,23,7879032.6,8714,143,36,81,1,24,73,0,12,22,8.5,21,25.5,48,87,78,53,54,14,0
CRS3035RES200mN2896400E3767200,200,485.5,185,44,67,27,109,17,9423154.5,11574,79,106,105,17,31,32,0,14,28,17,32.5,35,35,115,98,53,56,16,0
CRS3035RES200mN2896400E3767400,200,557,218,47,71,21,107,28,11271690.6,13592,152,66,82,27,15,94,0,32,33.5,25,47.5,52,36,153,114,46,38,12,0
CRS3035RES200mN2896400E3767600,200,444.5,176,29,50,16,41,39,8995972.5,11635,146,30,15,27,4,130,0,105,45.5,19,37.5,33,33.5,105,74,47,43,6,1
CRS3035RES200mN2896400E3767800,200,372,159,26,59,12,88,18,7906785.7,9950,119,40,42,12,6,99,0,27,23,11,28.5,35.5,22,86,65,45,39,17,0
CRS3035RES200mN2896400E3771600,200,358.5,163,26,67,10,86,22,8479695.3,10963,99,64,91,26,6,40,0,6,28,13,23,20,21.5,82,66,47,46,12,0
CRS3035RES200mN2896400E3771800,200,499.5,271,40,146,10,145,26,11525644.5,15961,250,21,66,55,9,141,0,0,33,8,27,23.5,28,120,113,49,46,52,0
CRS3035RES200mN2896400E3772200,200,567,303,33,151,13,141,38,13407059.2,15984,250,53,161,13,22,105,2,0,23,12.5,27,39,39.5,170,112,56,55,33,0
CRS3035RES200mN2896400E4043200,200,294,149,43,77,10,50,17,5082610.4,9506,143,6,7,73,23,46,0,88,11,5,17,22,24,50,50,40,60,15,0
CRS3035RES200mN2896600E3753800,200,786.5,315,34,108,30,116,45,22326008.4,22176,232,83,111,21,142,41,0,163,31.5,24.5,50.5,88,72,132,203,91,73,21,0
CRS3035RES200mN2896600E3754000,200,458.5,168,17,51,22,99,16,15291353.9,13825,75,93,108,9,4,47,0,37,21,17,41,54.5,43,64,102,48,52,16,0
CRS3035RES200mN2896600E3754200,200,802.5,391,54,176,17,201,51,25559355.3,21658,331,60,172,96,37,86,0,10,59.5,31,36.5,54.5,67,262,155,54,61,21,1
CRS3035RES200mN2896600E3754400,200,867.5,434,32,198,22,209,48,29456255.5,26238,365,69,334,55,12,32,1,10,40,25,45.5,69,49,264,194,74,64,43,0
CRS3035RES200mN2896600E3755200,200,685,346,19,167,16,218,33,23904661.9,22432,296,50,172,50,49,75,0,0,32,21,34.5,46.5,39,149,138,82,90,53,0
CRS3035RES200mN2896600E3755400,200,678,353,25,171,12,229,29,24745307.9,21918,324,29,133,130,10,79,1,0,29,15.5,31.5,42,39,185,138,80,71,47,0
CRS3035RES200mN2896600E3755600,200,1248.5,565,41,210,31,300,84,43100620.8,37562,524,41,260,148,62,95,0,113,69,36.5,90.5,103.5,87,278,258,124,129,73,0
CRS3035RES200mN2896600E3755800,200,1089,514,48,230,32,269,43,37910040.4,30381,431,83,439,6,0,69,0,2,81,40,64,50.5,73.5,342,222,92,81,43,0
CRS3035RES200mN2896600E3756000,200,649.5,316,28,150,24,182,28,24865067.6,19490,252,64,135,62,26,92,1,0,36,20,40,48.5,43,197,143,45,60,17,0
CRS3035RES200mN2896600E3756200,200,758.5,317,33,102,21,193,38,25087686.4,20835,260,57,128,93,7,89,0,51,38,19.5,64.5,69,44.5,184,160,84,63,25,7
CRS3035RES200mN2896600E3756400,200,725,315,38,122,22,183,35,23978577.1,19503,267,48,114,57,1,143,0,6,50.5,15.5,49,69.5,60.5,170,169,72,53,12,4
CRS3035RES200mN2896600E3756600,200,1145.5,527,59,219,26,245,53,36576030.9,30444,518,9,71,6,0,449,1,112,88,27,67,79.5,77,384,231,106,74,12,0
CRS3035RES200mN2896600E3757000,200,722.5,285,27,85,20,176,28,23036431.9,18565,250,35,81,0,2,201,1,25,67,29.5,46.5,48.5,43,211,148,67,49,13,0
CRS3035RES200mN2896600E3757200,200,296.5,129,38,50,12,51,18,7219787.3,6355,91,38,91,0,3,35,0,0,14.5,7,15,23,29,77,59,36,30,6,0
CRS3035RES200mN2896600E3757400,200,644.5,254,63,79,29,37,44,12557491.5,15796,205,49,76,32,60,84,2,109,32,12,26,70,54.5,108,121,88,100,33,0
CRS3035RES200mN2896600E3757600,200,169,62,6,19,11,41,9,3662094.2,4405,56,6,6,0,0,56,0,20,15,9,26,14,2,54,31,7,7,4,0
CRS3035RES200mN2896600E3757800,200,639,214,50,60,49,5,27,12276442.6,14285,188,26,8,1,0,205,0,204,56,39,83,57,32,169,112,56,26,9,0
CRS3035RES200mN2896600E3767800,200,576,240,48,93,26,106,31,11542105.6,13863,195,45,59,2,1,178,0,81,34,19,41.5,43.5,34,163,121,64,37,19,0
CRS3035RES200mN2896600E3769000,200,327,114,29,27,19,72,13,6639623.7,8744,36,78,51,12,11,40,0,0,20,12,26,27,24,81,65,42,23,7,0
CRS3035RES200mN2896600E3775000,200,324,127,28,43,13,53,17,6220320.6,7571,78,49,62,11,5,48,1,0,30.5,7,20.5,23.5,27.5,88,47,33,28,19,0
CRS3035RES200mN2896600E4043800,200,305,157,60,88,11,59,11,5531640.3,9728,142,15,17,39,30,71,0,0,15,4,11,26,27,78,68,35,31,10,0
CRS3035RES200mN2896800E3754000,200,595.5,247,27,92,27,129,20,19215692.8,16951,169,78,104,61,5,77,0,72,25,18,39,60.5,40,112,140,70,66,25,0
CRS3035RES200mN2896800E3754200,200,603.5,261,20,98,18,164,27,24218792.8,18916,162,99,94,113,2,52,0,0,28.5,19,35,53,62,129,148,71,41,17,0
CRS3035RES200mN2896800E3755600,200,719.5,324,34,146,19,193,23,25584580.3,20566,233,91,234,4,1,84,1,46,37,18,57,64.5,47,160,186,72,60,17,1
CRS3035RES200mN2896800E3755800,200,704,302,20,117,21,186,31,24073353,20126,225,77,140,20,59,83,0,42,32,20.5,38.5,65,50,183,166,66,59,24,0
CRS3035RES200mN2896800E3756000,200,713,324,34,140,20,195,35,24222761.9,20806,255,69,165,21,23,115,0,41,41,11,47.5,63,52.5,166,164,76,63,28,1
CRS3035RES200mN2896800E3756200,200,1396.5,700,121,331,36,291,86,37510765.2,32234,674,26,427,30,2,241,0,49,92.5,45.5,77,90,74.5,481,265,138,105,28,0
CRS3035RES200mN2896800E3756400,200,1064,558,83,298,22,231,46,28937221.2,26438,504,54,348,58,23,129,0,6,72.5,20,56.5,55,72,383,196,95,85,28,1
CRS3035RES200mN2896800E3756600,200,805,335,39,123,24,161,30,25203248.9,21334,284,51,85,20,2,227,1,57,42,22,58.5,63.5,58,198,206,89,45,9,14
CRS3035RES200mN2896800E3757000,200,1542,629,195,245,85,31,118,26953715.4,34527,611,18,61,499,5,64,0,558,79,40,116.5,188,132.5,301,296,153,148,87,1
CRS3035RES200mN2896800E3757200,200,850.5,411,113,218,32,50,33,16291245.6,17468,363,48,59,147,0,205,0,304,57,24,47.5,54,52,225,186,98,79,27,1
CRS3035RES200mN2896800E3757400,200,1254.5,408,56,95,91,192,51,29380449.9,26398,402,6,0,0,0,408,0,159,137,59.5,151.5,122.5,58,370,245,55,49,7,0
CRS3035RES200mN2896800E3757600,200,386,148,12,38,12,108,14,12426165.4,9920,148,0,0,0,0,148,0,0,42,10.5,21.5,34.5,23.5,108,92,31,23,0,0
CRS3035RES200mN2896800E3767400,200,356,152,44,55,12,53,23,6749647.9,7998,117,35,84,13,3,52,0,0,27,15.5,20,19.5,27,102,71,31,34,9,0
CRS3035RES200mN2896800E3769000,200,321,138,47,50,13,39,27,5787056.5,6934,117,21,90,1,5,42,0,31,23,7.5,27.5,24,19,95,47,34,32,12,0
CRS3035RES200mN2896800E3769200,200,252,108,25,43,10,47,11,4576999.9,5065,75,33,54,20,3,31,0,0,15,11,11,20,17,61,61,33,15,8,0
CRS3035RES200mN2896800E3771600,200,218,90,18,36,14,47,8,4915710.8,6646,41,49,38,13,5,32,2,0,11,5,12,20,21,46,46,16,31,10,0
CRS3035RES200mN2896800E3772000,200,503.5,238,46,100,17,113,32,11023402.9,13121,181,57,117,28,18,74,1,0,36,13,19.5,37.5,32.5,143,111,58,39,14,0
CRS3035RES200mN2897000E3753200,200,363.5,136,10,36,14,107,14,13734888.9,11745,43,93,52,24,5,54,1,16,13,9,31,38.5,28,60,88,50,40,6,0
CRS3035RES200mN2897000E3755200,200,507,202,4,66,21,153,22,22021887.1,17751,110,92,141,2,5,54,0,0,19,10,36,57,46,106,115,55,44,19,0
CRS3035RES200mN2897000E3755400,200,357,145,5,44,11,88,13,14164523.6,11247,90,55,60,0,1,84,0,0,24,8,26.5,31.5,29,84,85,31,28,10,0
CRS3035RES200mN2897000E3756000,200,743,337,50,150,25,207,37,23108265.3,21665,259,78,147,7,25,158,0,26,47,19,55,68,62,178,172,62,60,19,1
CRS3035RES200mN2897000E3756200,200,828.5,372,74,156,27,178,32,23136684.6,21018,302,70,220,26,81,45,0,1,49.5,33,49.5,64,45.5,212,178,88,76,32,1
CRS3035RES200mN2897000E3756400,200,578,255,52,112,25,121,22,16140016.3,12915,203,52,193,3,18,40,1,0,30,20,50,44,36,168,113,61,45,11,0
CRS3035RES200mN2897000E3771800,200,507,248,51,124,18,106,23,10576264.9,12713,219,29,77,46,3,122,0,10,36,21,17,32,28,172,97,45,40,19,0
CRS3035RES200mN2897000E3774400,200,529.5,204,56,68,30,56,38,9484221.1,13651,153,51,67,4,96,37,0,89,32,20,35.5,59,47,111,111,63,41,10,0
CRS3035RES200mN2897000E3774600,200,452,196,59,83,20,57,31,8171968.3,10740,189,7,51,2,8,134,1,25,28,8,36.5,42,37.5,113,96,44,37,10,0
CRS3035RES200mN2897000E3779400,200,220.5,90,10,31,11,73,9,5322512.7,5821,37,53,14,22,8,46,0,0,14.5,4,17,19,13,46,44,24,20,19,0
CRS3035RES200mN2897200E3753200,200,574,244,17,79,12,162,23,17355331.1,15921,157,87,77,27,13,127,0,31,52,25,29,40.5,30.5,196,113,49,31,8,0
CRS3035RES200mN2897200E3753400,200,486.5,173,15,45,27,80,21,13236913.4,12188,98,75,68,8,44,53,0,68,25,25.5,57,47,32,84,101,51,43,21,0
CRS3035RES200mN2897200E3754000,200,391.5,166,14,60,15,102,11,14838946.2,12607,99,67,78,12,3,73,0,12,21,11,28.5,28,26,86,79,55,38,19,0
CRS3035RES200mN2897200E3755400,200,677.5,284,26,100,26,153,37,23415101.6,19188,199,85,158,8,39,79,0,42,23,15.5,46.5,65,68,128.5,164,95,55,16,1
CRS3035RES200mN2897200E3755800,200,651,251,12,58,20,181,23,22857792.4,17884,165,86,114,9,15,113,0,0,40.5,21,60.5,50.5,50.5,158,159,47,52,12,0
CRS3035RES200mN2897200E3756000,200,1344.5,569,93,219,52,245,68,35686101.4,35649,508,61,124,48,67,330,0,171,78,43,106.5,127.5,74.5,327,269,140,129,43,7
CRS3035RES200mN2897200E3756200,200,470,188,25,56,17,99,30,14167265.4,12917,117,71,69,10,32,77,0,57,29.5,19.5,28,38.5,36.5,92,105,59,48,14,0
CRS3035RES200mN2897200E3756600,200,655.5,300,70,130,23,53,37,13429433.5,14351,266,34,88,161,0,51,0,7,46.5,15,33,44.5,43.5,182,130,62,69,30,0
CRS3035RES200mN2897200E3769200,200,694,254,71,80,48,129,29,12276606.1,13684,192,62,71,93,50,40,0,2,60.5,25,47.5,57,39,201,145,62,36,21,0
CRS3035RES200mN2897200E3771800,200,341.5,147,14,59,15,87,20,8597766,10268,85,62,51,9,5,82,0,0,22,7,18.5,30,22,93,65,32,37,15,0
CRS3035RES200mN2897200E3774400,200,194,79,21,31,13,40,18,3423063.3,4370,71,8,6,0,3,70,0,0,16,8,28,22,10,47,40,9,9,5,0
CRS3035RES200mN2897200E3774600,200,508,209,35,75,19,110,31,10901896.4,12063,181,28,31,5,2,170,1,0,49,27,35.5,30.5,39,153,100,34,29,11,0
CRS3035RES200mN2897200E3779600,200,464,162,24,45,23,73,31,9548700.5,11056,113,49,23,11,39,88,1,54,37,14.5,37,67.5,38,115,92,32,26,4,1
CRS3035RES200mN2897200E3780600,200,375.5,135,18,46,19,60,25,7974244.7,9735,77,58,29,19,10,76,1,49,19,17,38.5,50.5,28.5,80,78,40,18,6,0
CRS3035RES200mN2897400E3749000,200,221,81,5,15,10,59,11,7608678.2,6526,25,56,34,7,4,36,0,0,9,4.5,17,23,18.5,47,56,23,15,8,0
CRS3035RES200mN2897400E3753000,200,647.5,223,27,55,42,78,34,15366987.6,16674,113,110,50,7,9,157,0,122,29,14,60,90.5,50,96,165,81,46,9,7
CRS3035RES200mN2897400E3753200,200,289.5,124,22,45,12,59,17,8120416.4,7757,69,55,47,16,17,44,0,32,16,9,21.5,35,15,59,67,33,28,6,0
CRS3035RES200mN2897400E3753800,200,1603,618,99,195,81,139,127,32018755.3,41042,607,11,11,133,415,59,0,456,65.5,46,126,179,131.5,263,297,174,212,100,9
CRS3035RES200mN2897400E3754000,200,592.5,266,27,104,20,108,32,18453484.4,18189,218,48,50,7,73,136,0,89,27,23,38.5,50,39,111,147,67,66,24,0
CRS3035RES200mN2897400E3754200,200,1154.5,548,67,249,38,182,81,29143500.1,33197,533,15,136,166,115,131,0,249,57,28.5,68.5,107.5,80,226,253,130,129,59,16
CRS3035RES200mN2897400E3754400,200,1267,613,35,257,15,436,72,38990516.8,36668,598,15,298,0,234,81,0,0,59,38,64,90,74,300,261,139,167,74,1
CRS3035RES200mN2897400E3754600,200,719.5,341,40,152,19,164,45,22252835.6,20620,304,37,109,12,140,80,0,25,39,24,44,50.5,58,203,165,53,49,33,1
CRS3035RES200mN2897400E3754800,200,470.5,196,16,71,16,124,23,17050394.9,13605,164,32,68,62,16,50,0,0,32,14,49,50.5,21,133,93,18,38,22,0
CRS3035RES200mN2897400E3755800,200,825.5,320,94,97,38,35,69,15925619.8,18671,284,36,180,10,87,43,0,246,39.5,22,66,104,76,125,177,110,87,18,1
CRS3035RES200mN2897400E3756200,200,562.5,250,33,101,18,145,25,16459988,14863,158,92,115,11,45,79,0,0,34,11,34,46,29.5,174,113,45,58,18,0
CRS3035RES200mN2897400E3756400,200,795.5,340,94,131,28,121,41,17746800.6,18498,267,73,249,9,15,67,0,156,37,17,55.5,63,43,186,166,107,85,36,0
CRS3035RES200mN2897400E3756800,200,906.5,339,58,100,53,129,37,18221857.3,22714,339,0,0,0,83,256,0,0,43,21.5,62,89,72,169,157,124,134,35,0
CRS3035RES200mN2897400E3769400,200,444,183,58,58,18,60,28,7926939.4,9397,144,39,66,38,15,62,2,0,30,18,35,31,26,118,99,41,31,15,0
CRS3035RES200mN2897400E3769600,200,470,205,33,76,17,101,28,10822612.7,12294,158,47,40,14,14,136,1,0,40.5,17.5,26.5,25.5,28,141,86,50,42,13,0
CRS3035RES200mN2897400E3771200,200,431,124,11,18,32,46,17,9993955.1,10392,24,100,28,14,7,75,0,73,24,15.5,34,58.5,35,77,91,60,24,12,0
CRS3035RES200mN2897400E3774800,200,410.5,138,33,28,27,92,24,7641598.5,9809,77,61,12,5,7,114,0,21,39,14,36,35.5,31,100,71,53,26,5,0
CRS3035RES200mN2897400E3779600,200,304.5,133,26,55,10,75,13,6831732.3,8437,75,58,36,12,16,68,1,0,15.5,12,20,27,15,78,72,36,22,7,0
CRS3035RES200mN2897400E3780400,200,309.5,137,17,49,14,65,20,7199784,8664,115,22,49,6,22,60,0,0,17,9.5,23,24,20,76,74,30,23,13,0
CRS3035RES200mN2897600E3749000,200,597,248,19,87,23,106,27,18031501.3,17419,185,63,41,50,102,54,1,0,44.5,19,32.5,46.5,48.5,179,110,55,43,19,0
CRS3035RES200mN2897600E3749200,200,850.5,493,59,282,16,140,43,23349149.1,22830,465,28,28,7,51,407,0,82,48.5,14,40.5,41.5,44,337,171,79,50,25,0
CRS3035RES200mN2897600E3749600,200,365,155,13,53,13,93,8,11819757.1,10538,84,71,91,4,8,52,0,10,24,12,30,15.5,27.5,112,72,23,38,11,0
CRS3035RES200mN2897600E3753400,200,818.5,325,49,112,33,116,45,20174446,22482,267,58,25,167,15,118,0,158,36,21.5,42.5,80,81.5,173,178,97,77,30,2
CRS3035RES200mN2897600E3753800,200,894,422,66,185,30,236,60,22536250.4,23744,407,15,124,139,35,124,0,41,47,23.5,54,74.5,60,239,191,89,83,31,2
CRS3035RES200mN2897600E3754000,200,763,336,39,139,22,150,41,20541346,18708,321,15,136,50,18,132,0,67,68.5,28,49,51,55.5,251,147,57,39,16,1
CRS3035RES200mN2897600E3754200,200,979,440,54,176,31,112,67,24540036,25868,422,18,104,124,23,189,0,213,55,27,66.5,81,63.5,232,192,131,96,35,0
CRS3035RES200mN2897600E3754400,200,742.5,356,37,151,10,165,49,23399812.6,20772,336,20,209,38,11,98,0,15,55.5,22,52.5,47.5,42,210,166,76,50,20,1
CRS3035RES200mN2897600E3755000,200,381,181,11,78,12,106,13,14748571.2,13203,123,58,65,71,14,31,0,0,11,6,19,32,30,88,80,44,52,19,0
CRS3035RES200mN2897600E3755600,200,931,434,91,185,29,134,62,23307005.3,24441,404,30,90,28,84,162,70,160,63.5,30.5,69,72,77,276,178,71,72,22,0
CRS3035RES200mN2897600E3755800,200,632,265,55,87,28,84,38,16358700.2,15414,250,15,32,27,5,201,0,55,47.5,17.5,48.5,46.5,44,194,118,59,45,11,1
CRS3035RES200mN2897600E3756000,200,220,76,14,20,11,10,13,5057822,6621,60,16,18,6,1,51,0,45,6,11,21,39,20,51,49,15,8,0,0
CRS3035RES200mN2897600E3756200,200,762,250,51,63,48,74,35,17152903.3,17034,202,48,49,14,132,55,0,132,59,29,61.5,84.5,61,172,153,72,56,14,0
CRS3035RES200mN2897600E3769400,200,872.5,351,53,117,38,181,48,18937835.4,20566,320,31,16,33,20,280,2,0,65.5,42.5,85.5,69,37,237,173,63,63,36,1
CRS3035RES200mN2897600E3769600,200,351,168,42,83,14,8,22,6322121.9,7771,157,11,3,7,5,153,0,153,27,7.5,20,32.5,35,125,54,29,12,9,0
CRS3035RES200mN2897600E3779600,200,237.5,98,11,43,11,60,10,5553460.5,7059,31,67,17,24,20,37,0,0,17,4,13,25.5,28,45,53,21,20,11,0
CRS3035RES200mN2897800E3749000,200,431,161,11,41,15,99,21,14630385.6,12436,77,84,75,20,28,37,1,22,26,9.5,42.5,48.5,36.5,79,104,46,24,15,0
CRS3035RES200mN2897800E3749400,200,608,249,18,79,15,91,28,19678370.7,17649,214,35,81,12,65,91,0,12,35,27,47,44.5,55.5,170,127,58,29,15,0
CRS3035RES200mN2897800E3749600,200,294.5,134,7,54,11,85,10,11315798.9,10168,83,51,76,18,2,38,0,0,8,5,17,26.5,29,65,55,35,33,21,0
CRS3035RES200mN2897800E3753200,200,456,175,28,71,29,28,18,10634734.8,11336,148,27,27,14,2,132,0,93,42.5,20.5,33,43.5,33.5,142,75,32,28,5,1
CRS3035RES200mN2897800E3753400,200,1224.5,441,78,125,68,144,76,25589747.2,30908,422,19,18,328,15,79,1,227,67,29,98,134.5,99,247,238,145,111,56,0
CRS3035RES200mN2897800E3753600,200,1110,475,73,169,39,166,82,27000217.6,28643,444,31,125,72,59,219,0,264,93,46,82,75,63,304,213,124,89,21,0
CRS3035RES200mN2897800E3754200,200,323,135,13,46,15,79,12,10686470.6,8581,118,17,14,36,25,60,0,10,24.5,12,14,29.5,19,110,55,15,36,8,0
CRS3035RES200mN2897800E3755800,200,1925,723,164,210,102,364,114,39427607.4,49049,723,0,20,31,470,202,0,180,97.5,68,168,207,126.5,408,394,212,206,38,0
CRS3035RES200mN2897800E3756000,200,844.5,313,52,84,50,130,47,18395192.5,21734,292,21,0,84,182,47,0,139,45,19,53.5,96,60,165,156,133,95,22,0
CRS3035RES200mN2897800E3769600,200,413.5,167,31,57,26,91,16,9352882.9,11286,119,48,33,22,19,93,0,25,22,8,21.5,38,40,73,101,52,36,22,0
CRS3035RES200mN2897800E3774400,200,196,49,9,2,16,46,2,4470510.1,5059,0,49,0,0,0,49,0,0,4,4,11,23,34,23,46,33,15,3,0
CRS3035RES200mN2897800E3779600,200,567.5,277,33,130,19,104,32,12494096.6,14938,241,36,47,15,23,189,3,0,40,15,28,39.5,47,169,113,62,40,14,0
CRS3035RES200mN2897800E3779800,200,399,180,25,77,17,56,29,8749418.5,9718,157,23,24,12,36,108,0,10,40.5,19.5,25.5,28.5,14,143,68,30,22,8,0
CRS3035RES200mN2897800E3780000,200,757.5,284,46,88,36,137,45,15824028,19837,247,37,21,26,18,218,1,63,58.5,28.5,67,70.5,55,180,153,82,46,17,0
CRS3035RES200mN2898000E3742000,200,283.5,83,2,6,17,0,23,6291788.9,6805,83,0,0,0,0,83,0,82,29.5,13.5,40.5,38,15,72,57,13,0,5,0
CRS3035RES200mN2898000E3748600,200,307.5,116,13,33,11,62,13,9274176.2,9134,66,50,6,5,11,94,0,48,28.5,13,26,25,16,61,69,34,26,8,1
CRS3035RES200mN2898000E3750800,200,388.5,148,25,51,24,96,16,9470890.5,8823,91,57,40,22,11,75,0,0,24,13,19.5,38,40,99,88,41,21,5,0
CRS3035RES200mN2898000E3763000,200,523,180,40,46,29,0,41,8677295.2,10873,180,0,0,0,0,180,0,136,49,23,39.5,54.5,29,145,82,42,47,11,1
CRS3035RES200mN2898000E3777000,200,310.5,128,14,49,11,47,15,6814011.9,8401,88,40,7,12,16,93,0,0,43,15,29,10.5,7,124,41,19,17,5,0
CRS3035RES200mN2898000E3777200,200,1123,388,86,100,74,1,67,19248092.6,24668,388,0,0,183,73,132,0,387,72.5,37,81.5,117.5,80.5,196,211,145,142,31,9
CRS3035RES200mN2898000E3777400,200,394,149,51,49,20,0,30,6073779.8,8851,149,0,0,24,0,125,0,141,50,30,30,35,28,114,56,32,15,4,0
CRS3035RES200mN2898000E3779800,200,395.5,184,46,84,17,45,33,7695280.1,8803,173,11,44,26,31,80,3,37,30,18,29,37.5,31,125,70,30,19,6,0
CRS3035RES200mN2898000E3879800,200,376,181,54,81,11,37,35,6442169.6,13104,142,39,0,35,102,44,0,141,21,4,29,44,27,73,69,51,50,8,0
CRS3035RES200mN2898200E3749000,200,575,200,30,45,30,61,36,14797113.5,16308,132,68,48,20,5,127,0,118,27,18,55.5,76.5,44,98,132,67,38,17,2
CRS3035RES200mN2898200E3749200,200,1415.5,594,79,213,53,270,97,34552392.9,42665,590,4,407,0,1,186,0,272,82,51,91,128,90.5,309,282,159,169,47,7
CRS3035RES200mN2898200E3749400,200,737,310,41,106,23,51,65,17739286.3,22031,296,14,49,7,131,122,1,213,57,27.5,55.5,50.5,50.5,193,134,92,63,14,0
CRS3035RES200mN2898200E3749600,200,448,222,21,103,13,90,16,12621998.6,13470,175,47,89,1,22,110,0,43,25,10,32,21,34,138,93,46,33,16,0
CRS3035RES200mN2898200E3750000,200,389,158,15,50,12,80,22,12274835,11747,103,55,47,9,8,93,1,18,26,14,29.5,35.5,31,100,92,39,16,6,0
CRS3035RES200mN2898200E3750600,200,308.5,113,6,25,13,84,15,9038235.8,8832,28,85,51,18,11,33,0,21,17.5,11,29.5,26.5,17,61,67,25,36,18,0
CRS3035RES200mN2898200E3777400,200,1197.5,381,119,96,81,32,75,19191405.8,25275,381,0,0,0,264,116,1,331,79,50,106.5,123,91,245,194,147,129,30,3
CRS3035RES200mN2898200E3777600,200,611,203,44,42,33,0,59,10019221.3,13884,202,1,0,0,143,60,0,201,50.5,28.5,65,63.5,49.5,137,121,58,32,6,0
CRS3035RES200mN2898200E3777800,200,714,258,26,82,47,147,46,14662395.3,19816,258,0,0,0,210,48,0,75,58.5,20.5,60,82,57,143,129,87,61,8,8
CRS3035RES200mN2898200E3879800,200,547,296,100,172,15,30,51,8858950.3,19342,263,33,4,78,156,58,0,248,34.5,18,21,40.5,42,115,90,91,69,25,1
CRS3035RES200mN2898400E3749200,200,850.5,337,50,102,37,105,63,20814014.5,23807,288,49,42,2,49,244,0,212,36.5,23,54,83,73.5,155.5,181,134,79,24,7
CRS3035RES200mN2898400E3749400,200,753,322,23,106,18,177,46,22013866.6,23171,312,10,10,0,139,173,0,73,47,30,49.5,59.5,55,164,167,76,77,28,0
CRS3035RES200mN2898400E3749600,200,1003.5,456,29,174,22,112,61,27997052.1,25756,443,13,94,3,28,330,1,86,84,35.5,73.5,61.5,51,367,193,77,55,6,0
CRS3035RES200mN2898400E3776000,200,353.5,106,18,20,28,58,13,6946845.2,8080,45,61,9,29,24,44,0,40,25,16,36,37,25,75.5,74,31,24,10,0
CRS3035RES200mN2898400E3776200,200,658.5,196,56,37,47,25,38,10652602.2,14665,171,25,4,6,118,61,7,159,35,30,59.5,92,30,148,147,52,41,8,16
CRS3035RES200mN2898400E3776400,200,423.5,129,47,28,34,6,27,6773367.2,9167,124,5,1,2,65,61,0,110,31.5,27,34.5,62.5,21,98,76,33,36,4,0
CRS3035RES200mN2898400E3777200,200,361,123,23,28,25,0,19,6430556.2,7799,123,0,0,0,90,33,0,114,28,11,32.5,31.5,27,91,73,38,26,3,0
CRS3035RES200mN2898400E3779600,200,244.5,93,8,27,12,62,15,5972726.6,7069,36,57,20,19,18,36,0,0,11,8.5,21,23.5,21.5,51,53,22,22,11,0
CRS3035RES200mN2898600E3749200,200,348.5,134,6,34,11,87,14,12593059,10845,61,73,56,31,10,37,0,9,13,8.5,31.5,35.5,30,85,78,34,24,9,0
CRS3035RES200mN2898600E3749400,200,590.5,270,21,110,12,98,33,16680722.1,16266,247,23,32,21,2,215,0,53,46.5,20.5,40,49,30.5,212,119,32,31,10,0
CRS3035RES200mN2898600E3749600,200,310,131,13,44,12,60,16,9154569.8,9072,93,38,74,16,3,38,0,1,10,9,38.5,30.5,18,74,78,29,18,5,0
CRS3035RES200mN2898600E3763000,200,546.5,200,57,71,32,40,32,10125073,12252,172,28,47,11,0,142,0,123,42,13.5,48.5,63.5,31,119,97,60,60,11,1
CRS3035RES200mN2898600E3763800,200,743.5,230,73,52,55,0,58,11030104,14707,230,0,0,159,0,71,0,230,67.5,31,76.5,91.5,38,154,145,66,40,14,20
CRS3035RES200mN2898600E3776000,200,268.5,94,15,26,22,69,13,5478830.2,7412,22,72,16,24,19,33,2,0,16,5,25,27,22.5,52,57,36,14,13,1
CRS3035RES200mN2898600E3776400,200,505,145,39,20,33,54,24,8904215.5,12026,113,32,7,13,90,34,1,72,26,17.5,41,64,41.5,92,101,67,46,8,1
CRS3035RES200mN2898600E3777400,200,987.5,294,96,59,70,7,64,15271502.8,21461,294,0,0,0,219,75,0,277,50,41,100.5,160.5,69.5,157,226,88,71,21,3
CRS3035RES200mN2898600E3779200,200,246,102,11,37,12,64,13,5966745.2,6730,50,52,27,13,13,48,1,0,12,3,8,23,33,48,55,33,25,6,0
CRS3035RES200mN2898600E3779600,200,257,95,7,25,10,81,8,6817244.5,8521,29,66,20,19,13,43,0,0,19,7,16,24.5,17.5,43,52,32,32,13,1
CRS3035RES200mN2898600E3779800,200,248,99,9,33,10,68,11,6159230.5,7301,41,58,21,21,22,35,0,0,7,3.5,14.5,30,25,45,61,35,17,9,1
CRS3035RES200mN2898600E3879400,200,332,162,20,75,11,72,23,8546584.4,12089,112,50,97,1,4,60,0,18,13,9,18,35,26,66,74,37,42,12,0
CRS3035RES200mN2898800E3749200,200,344,138,7,51,13,110,17,11684277,10800,87,51,22,47,26,43,0,0,15,9,27,34.5,36.5,66,80,39,27,10,0
CRS3035RES200mN2898800E3750600,200,413,173,7,54,14,144,18,12261477.4,12923,100,73,37,23,19,94,0,0,29,13,24,28,31,87,77,48,55,20,1
CRS3035RES200mN2898800E3763200,200,369,131,38,51,23,43,14,6660871,7975,104,27,43,7,48,33,0,39,25,13,28,49,22,80,70,36,33,6,7
CRS3035RES200mN2898800E3777400,200,1181.5,442,182,171,79,21,74,17498178.6,16086,421,21,0,1,321,120,0,420,58,54,131,164,55.5,157,247,117,127,15,56
CRS3035RES200mN2899000E3747000,200,398,170,6,58,12,143,16,12121651.3,11620,99,71,32,86,20,32,0,0,21.5,5.5,28,31,28,84,85,36,51,28,0
CRS3035RES200mN2899000E3750800,200,393.5,157,36,51,17,45,31,8065792.1,12026,108,49,20,14,11,112,0,107,19,13,32,37.5,30,58,87,47,53,17,0
CRS3035RES200mN2899000E3751000,200,707,281,65,91,34,68,49,13580787.8,17177,229,52,13,144,10,113,1,189,35,20.5,66,71.5,45,131,156,96,67,19,0
CRS3035RES200mN2899000E3751200,200,376,153,17,51,15,94,19,8856328.9,9760,109,44,23,16,5,109,0,13,33.5,11,21,29.5,27,102,73,27,42,10,0
CRS3035RES200mN2899000E3751800,200,592,181,39,44,40,67,29,11462032.5,13211,119,62,24,106,18,33,0,98,45,19.5,66,84,25.5,112,112,56,51,21,0
CRS3035RES200mN2899000E3752000,200,938.5,291,81,63,68,47,50,16620147.3,19696,257,34,19,129,9,133,1,228,65,33,87.5,140,67,198,201,69,61,16,1
CRS3035RES200mN2899000E3752600,200,227.5,54,30,11,16,2,12,2855824.4,3146,51,3,2,12,0,40,0,51,17,9,34.5,35,13,44,45,20,10,0,0
CRS3035RES200mN2899200E3739400,200,781.5,349,62,132,33,69,70,16353664.1,20928,346,3,0,234,41,73,1,264,50,33.5,61,60.5,52.5,169,171,89,73,22,0
CRS3035RES200mN2899200E3739600,200,889,433,31,184,17,285,39,27943105.6,34578,420,13,6,271,95,61,0,0,34,13.5,45,78.5,59,132,176,102,158,91,0
CRS3035RES200mN2899200E3751200,200,502.5,181,24,48,26,86,18,12163988.5,11421,115,66,35,13,81,51,1,38,42,24,34,37.5,28,144,106,41,35,11,0
CRS3035RES200mN2899200E3752200,200,169.5,58,7,10,10,28,8,4070571.8,4679,23,35,22,1,1,34,0,20,11,6,7,11.5,15,36,31,30,15,7,0
CRS3035RES200mN2899200E3753600,200,286,124,31,51,15,34,17,5763002.9,6283,111,13,31,0,1,92,0,0,33,7,18,26,9,100,52,30,11,0,0
CRS3035RES200mN2899400E3739200,200,499.5,238,13,110,14,141,10,16530087.4,18148,193,45,76,36,33,93,0,18,21,13,24,32.5,46,115,84,57,74,33,0
CRS3035RES200mN2899400E3748600,200,287,115,5,34,12,67,8,8242634.8,6835,91,24,7,7,4,97,0,0,28,12.5,21,13.5,13,124,32,19,21,3,0
CRS3035RES200mN2899400E3750200,200,306,142,11,73,13,67,5,8883792.4,9028,68,74,13,17,27,85,0,67,6.5,5.5,9,29,21,31,58,44,60,42,0
CRS3035RES200mN2899400E3750800,200,1491,551,132,181,93,139,95,26700360.8,30455,539,12,3,250,194,104,0,194,107,58.5,132,148,90.5,329,304,150,126,35,11
CRS3035RES200mN2899400E3751000,200,1125.5,412,77,128,60,70,79,21301218.4,26796,394,18,2,150,6,254,0,319,73.5,45.5,124.5,137,71,230,246,117,57,17,7
CRS3035RES200mN2899400E3751200,200,307.5,124,33,49,15,27,18,6086985,9652,95,29,3,76,8,37,0,94,21,6,28,39.5,16,45,63,38,34,17,0
CRS3035RES200mN2899400E3752200,200,442,154,32,40,26,58,24,8876862.1,10030,125,29,5,3,13,132,1,35,30.5,14,42.5,37.5,40.5,109,91,47,26,4,0
CRS3035RES200mN2899400E3752600,200,269,85,22,18,18,32,9,5233391.2,5982,56,29,28,1,5,51,0,38,12,12,23,33,18,49,61,27,29,4,1
CRS3035RES200mN2899400E3752800,200,422,142,44,33,28,69,22,7611572.3,8544,69,73,81,17,3,41,0,13,29,13,42,44,39,89,82,43,31,10,0
CRS3035RES200mN2899400E3753000,200,621.5,224,47,62,31,112,31,13247406,13346,170,54,63,17,5,139,0,45,48.5,29,63,53,43,162.5,134,35,33,17,3.5
CRS3035RES200mN2899400E3753400,200,684,253,51,68,31,135,32,15009770.6,14903,194,59,95,27,2,129,0,0,66,31,61.5,54,40,190.5,135,41,55,10,0
CRS3035RES200mN2899400E3753600,200,547,203,34,74,29,92,18,12926073.6,12614,166,37,46,2,34,121,0,0,45.5,26,36.5,45,38,160,107,48,38,3,0
CRS3035RES200mN2899400E3753800,200,1271,559,71,227,48,364,51,30679008.7,33672,537,22,27,37,0,495,0,0,105,54.5,81,69,70.5,391,236,121,122,21,0
CRS3035RES200mN2899600E3739400,200,391.5,157,18,54,17,52,29,10589589.1,11589,111,46,45,40,2,69,1,87,13,11.5,31,50,45,67,95,44,33,2,0
CRS3035RES200mN2899600E3739600,200,719.5,282,44,86,36,21,53,14692945.8,17620,260,22,16,115,2,149,0,259,63.5,31,45.5,68,61,168,125.5,70,66,21,0
CRS3035RES200mN2899600E3739800,200,679,340,18,140,10,235,45,18602261.9,21379,324,16,11,164,83,82,0,0,57,16.5,30,40,31.5,214,109,68,67,46,0
CRS3035RES200mN2899600E3747400,200,296.5,117,5,26,10,62,18,10889904,9065,48,69,46,14,6,51,0,0,15.5,6.5,22.5,21,25,80,49,31,27,19,0
CRS3035RES200mN2899600E3750800,200,417,136,21,34,19,62,20,8921780.5,9746,84,52,16,73,7,40,0,54,26,17,35,42,25,90,96,47,27,10,2
CRS3035RES200mN2899600E3751000,200,479,162,31,42,29,70,24,9771466.6,10218,126,36,12,58,18,73,1,60,36,17,46.5,59.5,35,106,89,39,38,12,1
CRS3035RES200mN2899600E3752000,200,491,172,39,45,29,112,22,10206389.2,11096,81,91,50,31,10,80,1,9,37,15,43,41,35,99,101,52,50,18,0
CRS3035RES200mN2899600E3752200,200,802,252,84,54,58,43,42,13103282.7,16238,241,11,24,16,45,167,0,158,63.5,33,78.5,85,60,174,153,77,62,16,0
CRS3035RES200mN2899600E3752400,200,840,303,56,89,47,120,38,16945493.8,16194,297,6,10,4,65,224,0,65,84,37.5,93.5,77,56,269,168,36,13,6,0
CRS3035RES200mN2899600E3752600,200,591,211,65,66,36,47,27,9819936.7,12571,200,11,22,1,21,167,0,123,52,22,64.5,56.5,31,159,126,43,28,9,0
CRS3035RES200mN2899600E3752800,200,436,211,26,102,14,162,13,10228180.3,12573,165,46,28,12,9,162,0,0,17,7,28.5,32.5,28,106,98,58,40,19,2
CRS3035RES200mN2899600E3753000,200,335,126,28,44,20,68,12,6366669.3,7976,61,65,56,19,12,39,0,15,29,17,20,30,20,75,55,38,38,12,1
CRS3035RES200mN2899600E3753600,200,529,228,41,87,19,125,21,11896824.5,13317,190,38,63,73,3,89,0,0,37.5,16,39,44.5,31,144,105,39,43,30,0
CRS3035RES200mN2899600E3753800,200,1068,355,85,97,78,51,57,20212898,25442,327,28,18,10,34,293,0,278,74.5,44.5,97,122,71,230,212,106,73,28,10
CRS3035RES200mN2899800E3747200,200,502.5,249,13,115,11,104,14,15704903.9,14683,200,49,67,35,23,124,0,0,26,12,21,20.5,37,191,70,53,43,29,0
CRS3035RES200mN2899800E3748400,200,674,284,21,91,17,161,22,19602797.2,17099,248,36,24,3,9,248,0,16,59,21,44.5,43.5,37,252,116,45,39,17,0
CRS3035RES200mN2899800E3750600,200,306,128,14,41,10,114,12,8507860.3,9982,47,81,24,11,35,58,0,0,19,5,15,22,18,61,55,58,43,10,0
CRS3035RES200mN2899800E3750800,200,259.5,97,6,26,15,88,8,6808292.7,8087,56,41,11,19,10,57,0,0,8,3,11,26.5,26,43,60,38,29,15,0
CRS3035RES200mN2899800E3751000,200,848,309,58,100,48,134,28,17265975.7,18782,256,53,59,14,4,232,0,87,91,27,75.5,63.5,50,273,173,58,31,6,0
CRS3035RES200mN2899800E3751200,200,305,102,20,21,22,68,12,6530808.6,7193,39,63,15,30,14,43,0,0,25,6,22,40.5,23.5,62,70,32,16,8,0
CRS3035RES200mN2899800E3751400,200,357,124,28,32,22,81,15,6754606,7566,59,65,56,12,1,55,0,0,21,17,30,35,19,89,79,29,26,11,1
CRS3035RES200mN2899800E3751800,200,727.5,240,54,65,46,132,22,14294978.8,14349,175,65,40,11,38,151,0,0,66,38,64.5,72,51,204,138,47,29,18,0
CRS3035RES200mN2899800E3752200,200,288.5,106,16,29,18,73,9,6576327.9,7336,50,56,32,25,5,44,0,13,22,10.5,20,18,12,73,61,27,31,14,0
CRS3035RES200mN2899800E3752400,200,566.5,188,50,51,36,82,23,10531794.6,12232,137,51,31,7,7,143,0,67,45.5,22,60.5,61.5,47,118,118,54,30,10,0
CRS3035RES200mN2899800E3753000,200,338.5,127,24,35,14,98,16,7307153.2,8415,47,80,58,30,8,31,0,0,17,7.5,18,23,32,76,75,35,40,15,0
CRS3035RES200mN2900000E3384200,200,155.5,52,5,11,12,33,6,3177405.8,5055,10,42,0,0,1,51,0,16,10,4,21,27.5,6,32,32,14,7,2,0
CRS3035RES200mN2900000E3754000,200,328.5,142,38,58,15,62,21,7634650.1,9246,97,45,53,7,4,78,0,0,24.5,11,20,31,29,83,66,26,27,11,0
CRS3035RES200mN2900000E3754400,200,863.5,389,93,162,33,105,43,17706559,19780,384,5,84,109,0,195,1,118,73.5,36,53.5,49.5,62,302,129,66,59,33,0
CRS3035RES200mN2900000E3754600,200,680,287,81,106,25,94,38,14613909.6,16509,262,25,138,25,24,100,0,1,68,22,56,40.5,33.5,207,145,51,47,10,0
CRS3035RES200mN2900000E3754800,200,495.5,227,48,104,16,84,26,10946630.5,12846,217,10,76,2,51,98,0,5,35,18.5,39,36.5,25.5,145,111,31,41,12,1
CRS3035RES200mN2900200E3754000,200,374,152,29,62,18,71,13,8626231.5,9164,105,47,75,9,14,54,0,6,18,8,27,36,21,107,81,33,35,8,0
CRS3035RES200mN2900200E3754200,200,351.5,146,30,55,16,12,30,7281571.3,7406,132,14,14,86,2,44,0,126,25,17,24.5,31.5,24.5,70,83,30,31,15,0
CRS3035RES200mN2900200E3754400,200,579,232,38,74,21,145,26,14029890.7,15931,216,16,65,128,0,39,0,0,25,15.5,32.5,46,44,144,129,51,63,29,0
CRS3035RES200mN2900200E3754600,200,776,377,115,203,27,112,34,14830007.5,16365,361,16,108,138,0,131,0,97,51.5,25.5,48,55.5,99.5,249,131,57,41,18,0
CRS3035RES200mN2900400E3754000,200,379.5,150,40,51,21,64,16,8470541.3,9058,106,44,89,9,20,32,0,0,37.5,11,30,23,25,122,75,29,19,8,0
CRS3035RES200mN2900400E3754200,200,485,181,32,62,23,79,20,11182812.3,10091,129,52,101,23,18,39,0,0,34,13.5,36.5,42,28,104,97,61,32,15,22
CRS3035RES200mN2900400E3754400,200,246,101,16,33,10,60,15,6191016.3,7374,67,34,59,1,0,41,0,4,10,7,12.5,18.5,22,56,57,27,28,8,0
CRS3035RES200mN2900400E3754600,200,477,221,47,96,18,102,18,11033795.3,11884,200,21,100,22,4,93,2,0,41,15.5,18.5,31,22,156,89,45,44,15,0
CRS3035RES200mN2900400E3754800,200,425,153,42,48,28,47,18,8096518.5,8585,128,25,91,5,23,34,0,45,20,8,28,46,33,103,93,50,39,5,0
CRS3035RES200mN2900600E3754600,200,694,328,59,146,23,100,33,14832130.6,16519,318,10,41,42,0,245,0,6,86,19.5,27.5,33,38,303,106,48,24,9,0
CRS3035RES200mN2900600E3754800,200,543.5,229,45,96,30,43,38,10242988.6,12946,203,26,34,55,0,126,14,165,42,17.5,52,46,37,137,98,51,49,14,0
CRS3035RES200mN2900800E3754800,200,546.5,203,34,65,25,39,29,11501166.4,12004,177,26,22,103,1,77,0,153,54,18.5,42,43.5,45.5,138,99,46,40,19,1
CRS3035RES200mN2901000E3757200,200,322.5,123,32,42,18,3,29,5629797.1,6878,73,50,76,1,0,46,0,112,31,18,28.5,29,23,84,60,23,23,3,0
CRS3035RES200mN2901000E3757800,200,485.5,267,95,178,21,2,31,7580385.5,9271,265,2,2,125,0,140,0,139,22,16,19,44.5,116,118,76,33,32,1,8
CRS3035RES200mN2901000E3764000,200,441,156,41,41,26,67,28,7950080.4,9112,93,63,66,27,9,51,3,31,27,14,36.5,51,28.5,96,97,40,32,19,0
CRS3035RES200mN2901000E3766400,200,759,285,79,112,48,10,51,13528474,16563,267,18,7,0,77,200,1,266,58,36,85,85,48,170,139,43,57,38,0
CRS3035RES200mN2901200E3757400,200,527.5,159,52,35,35,31,30,8173620.4,9379,149,10,8,121,0,30,0,0,34,21.5,53,76,37,97,107,59,39,3,1
CRS3035RES200mN2901200E3757800,200,1743,594,163,154,107,150,123,29085480.4,34554,585,9,19,351,0,224,0,403,143,78.5,155,203,129.5,380,374,150,109,16,5
CRS3035RES200mN2901200E3766400,200,322.5,125,38,47,15,66,15,6122261.9,7286,93,32,38,9,0,77,1,0,27,14,30.5,26,19,92,66,27,16,5,0
CRS3035RES200mN2901400E3756800,200,1471.5,527,106,150,89,60,117,27171752.6,35653,527,0,0,0,0,527,0,456,82,46,121,183,115.5,314,284,169,107,50,0
CRS3035RES200mN2901400E3757000,200,1057.5,373,84,106,66,1,80,18982345,24792,373,0,0,38,0,335,0,371,48.5,31.5,96.5,124,86,194,217,128,102,23,7
CRS3035RES200mN2901400E3757800,200,454.5,207,32,93,20,134,22,9196979.1,11659,178,29,33,119,2,53,0,0,29.5,14,26,35,24,125,97,40,46,18,0
CRS3035RES200mN2901400E3764800,200,357.5,88,31,10,28,61,10,6294506.4,6893,23,65,30,11,9,38,0,0,29,18,35,35.5,33,81,62,36,19,9,0
CRS3035RES200mN2901400E3766000,200,157,57,13,17,11,14,12,2861172.7,3941,41,16,1,0,0,56,0,41,11,11,13,27,9,34,33,12,5,2,0
CRS3035RES200mN2901400E3766200,200,563,163,33,22,45,100,34,10395344.4,11831,76,87,6,33,18,105,1,40,36,23,51,83,52,94,127,54,35,8,0
CRS3035RES200mN2901400E3766400,200,473,137,36,27,36,59,14,7778484.9,10208,74,63,17,61,26,32,1,42,37,21,48,53,20,99,95,29,53,17,1
CRS3035RES200mN2901400E3766600,200,472,159,30,44,35,120,21,9219439.8,10461,94,65,16,0,32,111,0,0,38,15.5,42,67.5,28,98,103,31,35,14,0
CRS3035RES200mN2901600E3756600,200,278.5,96,10,22,15,77,14,6715969.5,7659,72,24,6,11,6,73,0,3,22,6.5,18.5,33.5,24,60,55,31,19,9,0
CRS3035RES200mN2901600E3756800,200,1036,367,73,102,52,113,59,19657224.4,26560,345,22,8,69,3,287,0,227,51,30,75.5,117.5,69,178,198,115,139,40,23
CRS3035RES200mN2901600E3757000,200,793,268,67,76,62,183,39,14866097.2,19408,254,14,3,18,113,134,0,10,43,33,74.5,88.5,51,169,154,78,72,28,2
CRS3035RES200mN2901600E3757200,200,593,223,41,65,25,2,60,10674133.7,14734,222,1,1,26,0,196,0,221,40.5,13.5,47,58,62,102,109,67,63,29,2
CRS3035RES200mN2901600E3757800,200,995.5,430,78,179,49,259,53,20517408.4,26859,412,18,62,294,28,46,0,0,67.5,41.5,75.5,84.5,58.5,250,187,102,89,40,0
CRS3035RES200mN2901600E3764200,200,320,111,27,30,20,81,13,6177866.3,8679,33,78,33,30,14,33,1,0,13,10,22,35,25,76,48,44,32,15,0
CRS3035RES200mN2901600E3764800,200,440,124,18,25,40,80,8,8685312.1,9767,41,83,18,25,15,66,0,31,32,14,38.5,51.5,40,107,84,28,35,10,0
CRS3035RES200mN2901600E3766000,200,322,87,6,8,26,83,3,7104395.6,7775,0,87,1,4,38,44,0,0,6,7,19,54,34,45,82,29,36,9,1
CRS3035RES200mN2901800E3739000,200,308.5,125,13,42,13,76,10,7928523.7,8464,78,47,36,13,11,64,1,0,22,9,9,30,22,76.5,66,26,27,21,0
CRS3035RES200mN2901800E3756800,200,238,87,19,31,17,24,17,4729967.6,6529,49,38,7,11,5,64,0,60,16.5,10,27,22.5,13,44,52,25,21,7,0
CRS3035RES200mN2901800E3757200,200,462.5,207,12,79,17,104,14,12538694.4,13116,185,22,3,35,36,133,0,0,46,16.5,25,22.5,21.5,188,68,26,31,18,0
CRS3035RES200mN2901800E3757600,200,212.5,74,6,17,14,40,13,5642546.7,6433,33,41,19,13,5,37,0,33,4,5.5,15,28,24,30,45,32,18,11,0
CRS3035RES200mN2901800E3764000,200,651.5,201,61,39,38,58,41,10615392.8,14392,137,64,25,105,28,43,0,136,56,24.5,63,75,35,145,103,72,57,20,1
CRS3035RES200mN2901800E3764200,200,385,125,33,36,27,44,19,6617592,8532,80,45,20,18,12,75,0,66,37.5,18,28.5,37,28,99,67,26,29,15,0
CRS3035RES200mN2901800E3766600,200,309,103,14,23,21,90,16,6220293,6997,61,42,1,39,0,63,0,0,20.5,19,33.5,28,23,68,50,29,24,14,0
CRS3035RES200mN2901800E3766800,200,168,49,8,8,14,44,4,3198425.2,2795,49,0,0,0,0,49,0,0,13,8,23,16,13,44,39,10,1,1,0
CRS3035RES200mN2902000E3750400,200,414.5,184,9,71,10,105,17,12219545.5,13018,130,54,0,0,0,184,0,13,24,13.5,26,34,31,109,83,56,31,7,0
CRS3035RES200mN2902000E3750600,200,471.5,189,25,62,15,107,20,12249107.9,13063,116,73,0,0,38,151,0,58,32,10,32.5,35,37,106,104,70,38,6,1
CRS3035RES200mN2902000E3757000,200,1466,671,86,257,41,280,116,35102541.7,44953,666,5,43,142,202,284,0,244,66,36,101.5,135.5,102,290,285,153,215,81,1
CRS3035RES200mN2902000E3757200,200,428,188,10,66,12,136,19,13202464.2,13181,130,58,18,5,0,165,0,1,30,10,25,30,26,115,83,55,41,13,0
CRS3035RES200mN2902000E3759000,200,428.5,185,7,64,10,130,18,15160028.2,15225,131,54,126,10,5,44,0,0,16,10.5,27.5,34.5,33,85,80,52,57,33,0
CRS3035RES200mN2902000E3759200,200,544,241,29,92,18,134,24,16051916.6,16782,173,68,111,63,17,50,0,17,17.5,15,30.5,43.5,47.5,125,130,53,54,27,1
CRS3035RES200mN2902000E3763000,200,766,238,64,50,51,101,46,12856535.2,15086,227,11,3,2,1,226,6,110,96.5,48,71.5,88,43,231,140,30,13,5,0
CRS3035RES200mN2902000E3763200,200,1772,498,211,93,139,49,113,25882913.2,36440,497,1,0,0,383,115,0,345,143.5,89,164.5,244.5,149.5,330,342,148,102,10,49
CRS3035RES200mN2902000E3763600,200,976.5,258,92,43,83,3,47,14536501.4,16972,257,1,0,215,0,43,0,255,71,46,112,132.5,84,181,199,85,46,20,0
CRS3035RES200mN2902000E3763800,200,597,198,46,47,37,1,42,10197210.2,12254,196,2,0,58,0,140,0,197,54,22.5,50,70.5,59,138,109,42,40,9,3
CRS3035RES200mN2902000E3764000,200,1128,343,103,77,76,15,74,18790893.6,22276,341,2,0,22,0,320,1,326,113,51.5,126.5,131.5,87.5,281,178,81,55,8,15
CRS3035RES200mN2902000E3764200,200,992,298,77,63,74,39,54,16178073.6,19733,295,3,0,249,1,48,0,228,67.5,29,91.5,116.5,84.5,196,187,106,94,20,0
CRS3035RES200mN2902000E3764400,200,1701,517,160,104,131,132,105,28400712.9,35820,499,18,1,226,124,166,0,328,112.5,69,152.5,214,143,323,310,191,140,42,4
CRS3035RES200mN2902200E3750800,200,544,236,27,89,22,94,25,14068685.2,14094,189,47,9,3,20,203,1,58,49.5,30,31,35.5,33,213,89,27,30,6,0
CRS3035RES200mN2902200E3757000,200,1365,574,56,201,52,308,73,33702913.6,44478,567,7,7,3,431,131,2,158,64,30,101.5,114,104.5,231,258,144,213,105,0
CRS3035RES200mN2902200E3759000,200,641.5,272,38,96,22,79,53,14848687.4,18484,251,21,61,52,25,134,0,137,32,22,54.5,49,42,133,144,71,72,22,0
CRS3035RES200mN2902200E3759200,200,347.5,147,14,50,10,87,22,9619618.4,10232,85,62,65,16,4,62,0,0,23,7.5,24,27,25,81,71,37,40,12,0
CRS3035RES200mN2902200E3759600,200,551,222,23,66,21,161,36,14104224.2,14567,166,56,18,32,8,164,0,0,28,20,41,33,38,129,104,58,67,33,0
CRS3035RES200mN2902200E3763200,200,867.5,236,84,42,64,0,46,13003746.1,15071,236,0,0,204,0,32,0,236,72,42.5,95.5,109.5,57,181,159,82,44,15,10
CRS3035RES200mN2902200E3763400,200,1585,491,165,107,109,2,110,24926535.6,31646,491,0,0,334,0,157,0,489,94.5,49.5,162.5,214.5,131,298,298,177,120,31,9
CRS3035RES200mN2902200E3763600,200,985,272,99,45,85,153,27,15078746.7,16786,272,0,0,241,0,31,0,0,76,43,100,126,62,208,194,81,79,16,0
CRS3035RES200mN2902400E3750000,200,344.5,122,17,27,15,45,24,8000077.8,10168,78,44,2,1,66,53,0,77,25,19.5,41,36,21,79,56,32,32,3,0
CRS3035RES200mN2902400E3750400,200,557.5,174,27,29,30,92,25,13490259,14339,76,98,6,0,50,118,0,75,39,17,66,62.5,42,100,127,55,28,13,8
CRS3035RES200mN2902400E3757200,200,821.5,396,41,182,35,206,37,21265849.9,26810,384,12,36,1,186,172,1,72,43,19,69,49.5,42,178,137,97,121,66,0
CRS3035RES200mN2902400E3759000,200,415,190,26,79,11,80,27,11136883.7,12524,152,38,53,49,15,73,0,42,33,12.5,28,30.5,15,113,76,41,47,19,0
CRS3035RES200mN2902400E3759600,200,618,256,22,86,23,179,39,14435366.6,17189,246,10,6,172,2,76,0,0,38,19,43,60.5,36.5,138,120,51,62,50,0
CRS3035RES200mN2902400E3759800,200,222.5,83,15,19,11,32,19,4952132.3,6236,55,28,15,19,1,48,0,44,17,4.5,18,27,16,35,52,21,24,8,0
CRS3035RES200mN2902400E3763000,200,240,83,32,24,15,20,14,3620548.4,4873,75,8,8,28,0,47,0,40,23,15,20.5,20.5,9,73,42,20,12,5,0
CRS3035RES200mN2902400E3763400,200,1627.5,458,156,97,139,118,75,25475032.8,32867,458,0,0,283,0,175,0,283,100.5,62.5,156.5,224.5,108,320,317.5,135,142,46,15
CRS3035RES200mN2902400E3763600,200,1286.5,387,114,79,91,160,53,22772282.1,29313,383,4,0,101,247,39,0,103,81,34,91,131.5,114,301,226,124,113,39,32
CRS3035RES200mN2902400E3764600,200,1378,371,125,82,105,22,76,21813888.4,22517,371,0,0,276,0,95,0,343,106,54.5,167,179,104,303,219,137,81,13,14.5
CRS3035RES200mN2902600E3763400,200,708,234,75,53,46,64,40,11968095.1,16462,234,0,0,115,67,52,0,130,44.5,31.5,71,63.5,50.5,145,141,58,82,19,2
CRS3035RES200mN2902600E3763600,200,964.5,289,79,59,76,187,34,19192466.1,26722,289,0,0,127,130,32,0,27,48,38,99.5,111,102,163,150,118,76,50,9
CRS3035RES200mN2902600E3764200,200,945.5,305,115,65,67,0,69,14350293.4,16288,305,0,0,265,0,40,0,305,67,39,100.5,120.5,27.5,185,172,112,82,32,8
CRS3035RES200mN2902600E3764400,200,449,127,43,25,31,0,27,7148505.9,8638,127,0,0,79,0,47,1,126,16,4.5,33,69,49.5,83,78,52,48,12,4
CRS3035RES200mN2902600E3764600,200,995.5,439,169,238,57,0,56,15704740.1,19814,439,0,0,188,0,251,0,439,55,28,97,103.5,166,253,136,78,65,12,2
CRS3035RES200mN2902600E3838200,200,226,78,23,18,10,22,15,4128780.6,7053,53,25,29,0,2,47,0,46,15,5,28,24,13,47,40,21,28,4,1
CRS3035RES200mN2902800E3759200,200,355.5,157,15,60,13,84,18,10211571.9,10950,129,28,20,47,5,85,0,22,28.5,13,24,26,17,106,61,25,45,10,0
CRS3035RES200mN2902800E3759800,200,343.5,162,17,67,11,103,21,9272947.5,11787,110,52,24,8,62,68,0,6,19,7.5,18.5,24.5,19,78,67,45,38,27,0
CRS3035RES200mN2902800E3763200,200,630,180,70,45,58,106,16,10119667,13792,165,15,8,99,2,70,1,0,50,23,61,51,58,148,116,57,48,16,2
CRS3035RES200mN2902800E3763400,200,1523,460,140,105,115,285,62,28953123,40111,460,0,0,307,118,34,1,0,96,44.5,120.5,155.5,135.5,289,238,176,171,75,22
CRS3035RES200mN2902800E3763600,200,1147,318,92,55,93,192,44,20992204.1,24905,318,0,0,280,0,38,0,0,79,46,109.5,136.5,117,205,207,109,83,48,7
CRS3035RES200mN2902800E3763800,200,1186.5,347,79,85,93,146,44,23923053.3,29253,347,0,0,231,0,115,1,152,73.5,36,99,132,132,194,180,124,117,88,11
CRS3035RES200mN2902800E3764400,200,874.5,279,85,71,61,1,56,13727461.6,15527,279,0,0,232,0,47,0,277,61,43.5,82.5,102.5,60,161,168,97,74,25,0
CRS3035RES200mN2903000E3758400,200,280.5,113,20,36,11,42,16,6914202.2,7976,77,36,26,31,11,45,0,22,16,5,18.5,22,30,61,60,32,28,8,0
CRS3035RES200mN2903000E3758600,200,636,299,27,128,20,186,24,20107233.4,21564,214,85,128,63,51,57,0,19,30,15,42.5,38,37,152.5,117,80,85,39,0
CRS3035RES200mN2903400E3758600,200,333,129,10,42,13,80,18,9962440.8,10213,60,69,62,11,10,46,0,35,27,10,24.5,29.5,21,69,69,43,33,7,0
CRS3035RES200mN2903600E3750600,200,291.5,121,10,40,10,85,11,8478690.3,9108,69,52,18,33,9,61,0,0,26,11,26.5,16,23,80,51,30,20,8,0
CRS3035RES200mN2903600E3758000,200,367.5,179,21,80,10,37,34,7884880.5,8917,179,0,0,59,0,120,0,0,26,6,35.5,24,20,90,63,52,35,16,0
CRS3035RES200mN2903800E3758000,200,1135.5,423,99,121,58,6,91,20053075.2,23440,399,24,4,332,0,87,0,18,65.5,45.5,109.5,111.5,96.5,204,256,105,103,31,8
CRS3035RES200mN2904000E3756200,200,1074,524,28,209,18,257,36,33614485.8,34030,500,24,29,19,108,368,0,0,84.5,21.5,50,40,62,460,154,68,90,44,0
CRS3035RES200mN2904000E3767400,200,452.5,167,16,45,19,144,18,11374208,16313,67,100,5,7,94,61,0,0,25,12,24,40.5,30,81,78,55,64,33,10
CRS3035RES200mN2904000E3767600,200,606,216,22,53,29,153,28,13814451.6,17733,165,51,38,7,30,141,0,36,32,15,60.5,56.5,36,125,116,69,68,28,0
CRS3035RES200mN2904200E3767000,200,203.5,77,19,28,11,16,16,3358550.7,4214,69,8,5,2,0,70,0,38,15,9,22,14.5,15,49,47,19,9,4,0
CRS3035RES200mN2904200E3767200,200,328,98,24,12,24,48,17,6359306.6,7635,61,37,3,9,21,64,1,25,30,9,23.5,36.5,36,81,64,31,13,3,1
CRS3035RES200mN2904200E3767400,200,354,126,25,35,17,61,13,6821309,8399,69,57,50,10,8,58,0,37,19,14,27,33,28,81,71,28,33,20,0
CRS3035RES200mN2904400E3767200,200,290,84,22,19,21,24,19,5365336.3,6723,59,25,16,4,15,49,0,38,27,11,16.5,42.5,20,73,48,30,18,4,0
CRS3035RES200mN2904400E3768000,200,268,72,6,5,21,65,5,6507555.7,7374,0,72,0,5,14,53,0,0,13,7,18,25,24,46,51,54,21,9,0
CRS3035RES200mN2904400E3768200,200,145,39,3,4,13,35,1,4057627.7,4482,0,39,0,0,0,39,0,0,5,2,10,14,20,28,26,27,10,2,1
CRS3035RES200mN2904600E3749800,200,315.5,135,9,47,10,100,6,8222778.1,10709,93,42,17,11,9,98,0,0,23,5,17.5,22,23,74,70,31,39,11,0
CRS3035RES200mN2904600E3755200,200,835.5,413,49,196,16,96,62,19667666.7,24383,400,13,18,238,39,118,0,232,48,21,65,62.5,57,225,158,83,64,52,0
CRS3035RES200mN2904600E3768000,200,394,107,10,8,29,76,9,8954708.5,9877,0,107,0,25,0,82,0,26,17,8.5,23,67.5,45,53,92,46,30,12,0
CRS3035RES200mN2904800E3755200,200,610,287,19,115,12,163,39,16611717.9,19689,275,12,7,4,23,253,0,39,42,17.5,30,37,30.5,147,114,64,81,39,8
CRS3035RES200mN2904800E3755400,200,848.5,436,51,213,15,127,56,18959441.8,24667,436,0,0,199,68,169,0,207,40,17,41.5,52,63,182,159,107,118,69,0
CRS3035RES200mN2904800E3756600,200,269,106,20,29,12,39,23,6397002.9,7873,64,42,24,39,5,38,0,62,14,9,19,28.5,22.5,44,62,36,24,9,1
CRS3035RES200mN2904800E3767000,200,551.5,184,47,46,32,15,38,9846256.7,11564,163,21,10,90,1,83,0,159,42,22,39.5,60,40,129,108,67,34,10,0
CRS3035RES200mN2905000E3752200,200,543,204,15,52,20,108,25,13655662.2,12909,175,29,1,10,8,183,2,0,57.5,31,49.5,39,21,203,90,25,25,1,1
CRS3035RES200mN2905000E3753600,200,436,192,19,68,13,112,18,11437509.5,12689,107,85,45,27,17,103,0,41,20,9,33,35,28,109,89,49,45,19,0
CRS3035RES200mN2905200E3752800,200,325,119,2,30,13,64,9,9186010.4,9220,80,39,4,10,18,87,0,0,25,13,25.5,27.5,16,101,58,23,20,8,8
CRS3035RES200mN2905400E3735600,200,243,84,21,16,12,12,14,4625881,5388,72,12,9,0,3,72,0,72,9,9.5,17.5,28,21,45,48,30,31,4,0
CRS3035RES200mN2905400E3753600,200,553.5,222,19,59,15,79,31,14430315.1,14324,194,28,36,3,29,154,0,16,52,19,39.5,35.5,34.5,215,88,29,31,10,0
CRS3035RES200mN2905600E3735000,200,611,244,27,83,33,40,44,12677641.7,16532,233,11,9,0,5,229,1,166,52,25,58.5,46.5,53,177,113,39,33,14,0
CRS3035RES200mN2905600E3735200,200,602,244,42,91,35,68,29,12908138.6,15069,231,13,12,92,0,140,0,94,28,8,28,64,55,165,115,64,67,8,0
CRS3035RES200mN2905600E3735600,200,187,85,21,42,10,18,9,3788988.5,5474,65,20,14,0,5,66,0,65,17,6,9,17,11,49,34,20,18,6,0
CRS3035RES200mN2905600E3753400,200,530.5,240,19,87,12,142,28,14521691.7,14941,203,37,32,10,5,193,0,0,37.5,29,41,25,23,189,94,52,28,12,0
CRS3035RES200mN2905600E3753600,200,562,241,17,76,13,91,35,15029489.3,15633,207,34,27,4,10,200,0,0,58.5,27,49.5,20.5,20.5,236,80,37,22,10,1
CRS3035RES200mN2905800E3735200,200,229,103,3,40,10,73,10,8493474.5,8396,52,51,12,11,14,66,0,0,10,3,21,21,10,42,59,25,25,11,2
CRS3035RES200mN2905800E3752800,200,424,179,17,62,13,107,27,9356420.7,10815,173,6,0,67,0,112,0,39,36,14.5,25,35.5,33,118,83,33,28,18,0
CRS3035RES200mN2905800E3753600,200,741,318,53,123,31,132,60,14780143.8,20044,282,36,17,138,3,160,0,133,43,15.5,49,95.5,49,151,163,76,55,44,0
CRS3035RES200mN2907000E3744000,200,478.5,183,19,44,17,77,32,12301982.4,12437,161,22,4,0,1,178,0,52,35,13,37,55.5,44,136,99,34,22,3,0
CRS3035RES200mN2907000E3744800,200,875.5,334,59,106,40,80,73,17082057.5,22323,324,10,7,87,199,41,0,238,63,43.5,83.5,99.5,62,193,170,82,55,23,1
CRS3035RES200mN2907000E3745600,200,235,61,7,2,19,53,4,6883381.1,6719,0,61,0,0,0,61,0,4,7,4,23,47.5,25.5,25,62,27,11,3,0
CRS3035RES200mN2907000E3745800,200,361,98,16,4,28,61,17,9063596.3,9059,29,69,0,0,5,93,0,33,22,9.5,29.5,63,44,53,100,30,7,2,1
CRS3035RES200mN2907200E3744000,200,348.5,122,13,27,20,51,21,8447499.9,9784,75,47,17,9,11,85,0,62,23,13,27,47,30.5,64,74,35,31,4,0
CRS3035RES200mN2907200E3744200,200,638.5,256,17,71,19,92,40,17473902.2,17206,178,78,15,5,1,235,0,94,66.5,26,45,48,50,205,114,46,29,9,0
CRS3035RES200mN2907200E3744400,200,603.5,239,47,70,18,43,57,11774186.1,14250,199,40,21,153,12,53,0,190,32.5,24,47,46.5,45.5,125,124,73,54,24,8
CRS3035RES200mN2907200E3744800,200,923,343,71,95,43,114,73,18287029.5,24225,325,18,0,139,5,199,0,178,75,26.5,104.5,100.5,61.5,222,183,80,48,22,0
CRS3035RES200mN2907200E3745600,200,360,124,16,27,16,74,18,9081324.1,9692,58,66,0,10,6,108,0,40,11,13,31.5,55.5,35,58,100,30,21,5,0
CRS3035RES200mN2907200E3745800,200,256,65,4,4,24,17,9,5309750.8,5440,0,65,0,0,0,65,0,48,7,11,26.5,55.5,25,29,69,20,8,4,1
CRS3035RES200mN2907400E3744000,200,352.5,142,4,41,10,100,15,10025297.5,10805,80,62,29,20,9,83,1,18,26,12.5,18.5,36,26.5,78,85,34,26,10,0
CRS3035RES200mN2907400E3744200,200,301.5,95,8,20,17,38,13,7465509.9,7161,35,60,11,21,6,57,0,40,27,14,26,40.5,23,72,49,19,23,8,0
CRS3035RES200mN2907400E3744800,200,390.5,159,26,65,21,45,21,8567532,10379,123,36,40,15,6,98,0,71,24,14,29.5,32,31,101,77,40,31,4,7
CRS3035RES200mN2907600E3440000,200,464,232,53,117,11,40,46,8496700,17483,207,25,38,12,127,55,0,155,27,11,28.5,49.5,51,96,101,32,50,18,0
CRS3035RES200mN2907600E3744200,200,601.5,247,22,88,23,100,31,14784883.8,15185,243,4,3,0,1,243,0,91,40.5,17,53,70.5,35.5,160,136,54,29,6,0
CRS3035RES200mN2907600E3771600,200,194.5,79,20,33,15,36,10,3719496,4718,31,48,27,7,9,36,0,32,12,9.5,10,19,14,32,50,19,27,2,0
CRS3035RES200mN2907800E3745000,200,220,77,5,16,10,43,10,5850551.7,6088,29,48,21,13,3,40,0,24,5,4,21,28,25,38,46,29,21,3,0
CRS3035RES200mN2907800E3771600,200,267,101,22,41,18,41,17,4765392.4,6214,75,26,18,31,14,33,5,0,23.5,16,26,22.5,15,64,53,20,16,11,0
CRS3035RES200mN2908000E3771000,200,388.5,136,33,38,24,68,18,7280309.3,8555,76,60,24,24,21,66,1,0,23,15,29.5,41.5,30.5,106,81,30,24,8,0
CRS3035RES200mN2908000E3771200,200,417.5,129,35,25,27,57,20,7796511.2,8233,71,58,25,30,12,60,2,1,31,18,42.5,37,25,115,70,41,28,10,0
CRS3035RES200mN2908000E3771400,200,469.5,223,46,119,21,72,19,8931777.4,9987,199,24,15,18,35,153,2,0,31,18,37,33.5,35,132,94,36,33,20,0
CRS3035RES200mN2908200E3715400,200,421.5,214,42,103,15,74,42,8462114.2,12362,195,19,10,142,1,61,0,98,38,11,26,25.5,25,93,82,45,43,33,0
CRS3035RES200mN2908400E3715600,200,405,201,20,100,12,76,30,8643078.5,12438,170,31,17,6,1,177,0,49,27,21.5,28.5,27,33,105,73,33,39,18,0
CRS3035RES200mN2908400E3740200,200,305,102,17,22,13,10,27,5665976.5,7476,39,63,0,0,5,97,0,87,22.5,6,22.5,37,33,48,59,42,23,3,9
CRS3035RES200mN2908600E3715800,200,565.5,240,27,92,24,58,33,12703462.3,14929,240,0,0,0,0,240,0,31,68.5,27.5,53,40.5,31,191,100,33,11,10,0
CRS3035RES200mN2908600E3740200,200,410,133,8,20,22,94,22,10418192.6,11941,20,113,0,0,94,39,0,37,27,16,41,48.5,27.5,75,101,41,30,3,0
CRS3035RES200mN2908800E3715000,200,608,286,55,137,18,87,33,13210475.2,14877,272,14,9,4,0,268,5,127,68.5,37,45,18.5,75,258,53,27,21,5,0
CRS3035RES200mN2908800E3715200,200,431.5,207,25,86,13,52,24,10027404.2,11769,171,36,26,7,1,173,0,0,38.5,15,26,17,35,168,62,34,26,8,2
CRS3035RES200mN2908800E3771200,200,338,107,27,21,21,43,20,5894138,7602,65,42,3,36,37,31,0,51,20,11,28,40,30,71,50,50,32,6,0
CRS3035RES200mN2909000E3715400,200,339,167,28,82,12,81,16,8043588.3,10554,138,29,42,2,43,79,1,0,18,12,16.5,26,31.5,81,61,27,41,24,1
CRS3035RES200mN2909000E3715600,200,653.5,333,35,171,20,104,31,14970910,17590,331,2,29,0,23,281,0,49,62.5,27,31,38,39,216,82,50,70,38,0
CRS3035RES200mN2909200E3715200,200,493.5,254,50,125,14,91,24,10120209.3,13134,238,16,85,42,86,41,0,17,39,19,17.5,28,33,159,96,44,42,15,1
CRS3035RES200mN2909200E3715800,200,503.5,263,36,135,18,94,35,12056126.3,16881,243,20,56,52,39,116,0,40,28,13,34.5,26.5,35.5,98,83,59,64,62,0
CRS3035RES200mN2909200E3730600,200,426,182,39,70,15,10,50,7656805.6,10836,177,5,15,85,0,82,0,158,39,21.5,44,34.5,16,107,79,42,32,11,0
CRS3035RES200mN2909200E4040000,200,163.5,57,9,13,10,42,8,3931300.6,5662,15,42,0,0,0,57,0,9,22.5,8.5,18.5,14,7,50,34,7,2,0,0
CRS3035RES200mN2909400E3715000,200,462.5,208,47,99,21,49,27,8869345.9,12207,180,28,75,9,5,118,1,32,45,15,37,21.5,36,132,75,48,43,9,1
CRS3035RES200mN2909400E3730000,200,540,303,65,171,10,108,37,11122595.8,14397,268,35,209,18,1,74,1,0,29,17,28.5,33.5,47,178,120,52,27,8,0
CRS3035RES200mN2909600E3715000,200,460.5,210,36,89,16,78,21,10643377.2,12715,187,23,88,39,29,54,0,52,35.5,20,40,26,24,140,83,29,41,21,1
CRS3035RES200mN2909800E3715000,200,666,247,77,78,35,42,56,11284109.7,16780,196,51,24,96,0,127,0,196,35,25,74.5,90,50,105,136,62.5,65,22,1
CRS3035RES200mN2910000E3738600,200,440.5,155,19,34,24,76,31,9038859.7,11614,75,80,0,0,81,74,0,74,35,11,44,47.5,32,96,76,60,36,2,1
CRS3035RES200mN2910400E3738600,200,545,241,22,102,16,133,38,12092902.3,13681,195,46,0,0,46,195,0,39,42,19.5,52.5,51,40,190,85,29,32,4,0
CRS3035RES200mN2910400E3738800,200,621,227,29,67,36,139,37,13591801.6,15757,138,89,0,0,72,155,0,53,37.5,31.5,50.5,57.5,61,164,120,53,41,4,1
CRS3035RES200mN2911200E3736200,200,230.5,78,8,20,13,45,17,5147820.8,6200,0,78,0,0,30,48,0,32,6,9,19,32,31,38.5,56,23,15,1,0
CRS3035RES200mN2911400E3736200,200,208,64,4,7,12,36,11,5068587.7,5431,0,64,0,0,0,64,0,26,4,9,25.5,22.5,27,31,59,23,7,0,0
CRS3035RES200mN2911600E4036800,200,295,127,31,46,10,20,29,5490181.5,9905,117,10,17,5,7,98,0,89,21,10,22,29,26,60,53,42,26,6,0
CRS3035RES200mN2913400E3253200,200,229,98,9,40,10,55,13,4819953.2,7623,43,55,23,25,16,34,0,26,7,12,13,27.5,19.5,41,60,17,20,12,0
CRS3035RES200mN2913800E3251800,200,290,84,24,14,23,17,15,4840704.3,7109,0,84,0,30,0,53,1,66,8,6,41,53,29,44,65,24,15,3,2
CRS3035RES200mN2914400E3257600,200,231,96,10,31,10,51,15,5591501.6,8082,39,57,18,36,5,37,0,30,9,4,16,25.5,24.5,42,47,29,23,11,0
CRS3035RES200mN2914600E3257000,200,462,286,42,184,10,133,29,9732628.9,19877,286,0,10,77,95,104,0,38,14.5,7,22.5,31,58,109,79,35,67,36,3
CRS3035RES200mN2917200E4037200,200,170.5,45,10,2,14,42,5,3817862.2,5563,0,45,0,0,0,45,0,0,10,10,23,25.5,18,31,45,5,3,0,0
CRS3035RES200mN2917200E4037400,200,187.5,53,6,3,12,49,2,4712528.7,6160,0,53,0,10,0,43,0,0,10,8,27.5,25.5,10.5,44,37,13,9,3,0
CRS3035RES200mN2917200E4037600,200,269,96,22,21,13,58,11,5543366.4,8412,34,62,0,38,10,48,0,37,13,15,29,30,14,48,44,36,26,14,0
CRS3035RES200mN2917400E4037000,200,214,55,5,3,18,49,4,4775748.5,6390,0,55,0,0,0,55,0,3,13,14.5,35.5,32,12,33,63,8,3,0,0
CRS3035RES200mN2917400E4037200,200,194,68,21,11,12,19,17,3349065.8,5199,47,21,0,15,0,53,0,43,11,6,18.5,26.5,16,42,33,21,13,7,0
CRS3035RES200mN2917400E4037600,200,235,79,32,23,17,12,16,3549558.5,6357,50,29,1,6,8,64,0,60,17,10,33,41,6,38,43,22,22,3,0
CRS3035RES200mN2918600E3754400,200,414.5,176,36,63,17,38,36,8885157.4,11634,147,29,29,75,0,70,2,99,25,13,39.5,41,32,77,86,31,56,14,0
CRS3035RES200mN2919000E3885200,200,1698,676,389,270,99,0,185,21507580.1,43640,676,0,0,0,643,33,0,676,132.5,76,193,248.5,121,351,286,147,107,21,15
CRS3035RES200mN2919200E3885000,200,1145,457,236,175,62,7,116,15606275.8,30170,450,7,1,0,403,53,0,449,90.5,57,119,154,84.5,244,210,94,78,7,7
CRS3035RES200mN2919600E3885200,200,355,157,47,60,13,0,25,6070159.5,11404,157,0,0,0,103,54,0,157,25.5,18,25.5,29,47,94,51,25,36,4,0
CRS3035RES200mN2921000E3887200,200,507.5,246,73,126,22,0,44,8197090.9,17644,246,0,0,0,4,242,0,242,28.5,14.5,37,54.5,34,96,88,64,62,28,1
CRS3035RES200mN2921200E3759600,200,786.5,266,55,69,51,57,50,13779001.5,18223,220,46,18,178,12,58,0,203,59,30.5,85,89,49,140,151,77,74,32,0
CRS3035RES200mN2921400E3759200,200,444.5,232,30,119,13,130,23,10015151.8,13652,157,75,120,16,15,80,1,4,24.5,7.5,32.5,32,28,127,80,60,35,18,0
CRS3035RES200mN2921400E3887000,200,526,249,34,99,16,43,52,12633767.7,21015,209,40,83,1,7,158,0,159,14,9,47,69.5,58.5,109,131,40,41,6,1
CRS3035RES200mN2921400E3887800,200,796.5,386,40,146,13,83,73,18296626.5,31392,369,17,61,4,117,204,0,233,49,28,59,52.5,73,236,131,80,63,25,0
CRS3035RES200mN2921600E3759200,200,431,227,45,115,12,100,40,8777740.9,12737,178,49,142,6,17,62,0,0,28,19,32.5,24.5,36,141,82,34,26,8,0
CRS3035RES200mN2921600E3887000,200,387.5,205,24,103,10,85,23,10701222.2,16483,155,50,103,10,18,74,0,15,10.5,5.5,17.5,41,43,87,74,36,56,16,1
CRS3035RES200mN2921800E3759200,200,253,122,27,60,10,34,23,4833548.2,6601,108,14,58,19,3,42,0,53,21,5,19.5,27.5,16,62,52,26,15,9,0
CRS3035RES200mN2921800E3887000,200,409,211,34,106,10,79,26,11391697.8,17465,180,31,107,4,28,72,0,17,15.5,10,26.5,32,55,119,65,36,32,18,0
CRS3035RES200mN2922000E3886200,200,385.5,218,25,130,11,81,18,11377033,16153,201,17,145,14,0,59,0,0,24,7,14.5,24.5,53.5,128,60,24,34,16,0
CRS3035RES200mN2922000E3886400,200,360,191,33,105,11,73,18,10744614.7,15454,170,21,136,12,1,42,0,8,19,5,18,30,47,100,69,34,29,8,1
CRS3035RES200mN2922000E3887400,200,652.5,354,33,183,11,135,36,18713405,27430,327,27,133,76,3,142,0,65,23,7,24.5,67,76,163,131,55,80,26,0
CRS3035RES200mN2922600E3886000,200,541,266,41,142,19,51,41,11361582.5,20896,230,36,105,0,14,147,0,128,31,21.5,40.5,50.5,69.5,137,93,34,48,16,0
CRS3035RES200mN2922600E3887800,200,412,207,35,107,16,93,18,11156801.2,16137,171,36,112,28,2,65,0,10,26,12,14.5,33.5,51,119,67,43,37,9,0
CRS3035RES200mN2922800E3763200,200,153,40,0,4,16,38,2,3776587.4,4053,0,40,0,0,0,40,0,0,10,5,28,28,6,32,36,8,0,0,0
CRS3035RES200mN2923000E3763200,200,281.5,93,10,20,20,35,19,6074952.6,6897,56,37,0,0,0,92,1,55,23,10,45,42,12.5,71,63,11,3,1,0
CRS3035RES200mN2923200E3886200,200,717,409,65,225,12,45,41,15625145.9,25220,388,21,35,0,53,314,7,145,46.5,33,25.5,31,87,294,89,54,50,7,0
CRS3035RES200mN2923400E3886400,200,581.5,328,67,180,10,77,24,12895141.3,19247,286,42,150,17,0,161,0,94,20,17.5,27.5,38.5,88,202,92,46,40,10,0
CRS3035RES200mN2923600E3886800,200,504.5,286,65,155,10,110,30,11596474.1,19106,215,71,195,9,42,40,0,34,16,9,30,23,60.5,133,100,68,45,20,0
CRS3035RES200mN2923800E3886400,200,541.5,283,54,146,11,101,28,12348029.5,18999,195,88,162,28,3,90,0,54,31,12,25,49.5,58,140,119,49,41,17,0
CRS3035RES200mN2923800E3886800,200,439.5,206,21,80,10,110,26,11267768.3,15894,112,94,122,14,1,69,0,55,29,12,32.5,29.5,34.5,114,81,50,40,17,0
CRS3035RES200mN2923800E4041800,200,512.5,311,68,195,10,111,29,10879303.3,19983,310,1,6,115,99,91,0,92,28,10,21.5,25.5,32.5,103,83,61,98,50,0
CRS3035RES200mN2926200E3803400,200,182.5,66,9,14,10,20,12,3547494.7,5460,45,21,0,6,5,55,0,45,4,8,14,17,16.5,22,37,36,23,5,0
CRS3035RES200mN2926400E3803400,200,873,351,84,111,38,0,81,14867459.4,24717,351,0,0,0,171,180,0,351,47.5,26.5,75.5,109,67.5,154,153,112,103,17,8
CRS3035RES200mN2926400E3803600,200,684.5,226,62,63,46,19,48,11469935.8,15966,205,21,6,14,100,35,71,205,46.5,19.5,61.5,101.5,56.5,112,131,70,67,12,7
CRS3035RES200mN2934000E3764400,200,154,40,2,0,10,39,1,3369495.7,3811,0,40,0,0,0,40,0,0,16,14,19,17,7,48,27,6,0,0,0
CRS3035RES200mN2934200E3764400,200,210,54,6,2,15,25,8,4179893.6,4517,0,54,0,0,0,54,0,29,23,13,33.5,32.5,6,63,33,3,3,0,0
CRS3035RES200mN2936000E3783600,200,399.5,156,52,53,19,3,35,6310618.8,10459,147,9,0,0,76,80,0,153,28.5,11,29,40,50,88,86,32,23,2,10
CRS3035RES200mN2936800E3783800,200,259.5,82,20,19,22,15,22,4666573,6377,21,61,5,5,4,68,0,62,16,13,28.5,46,27,50,45,16,11,7,0
CRS3035RES200mN2940200E3837200,200,454,224,51,111,14,26,48,7777571.1,15829,202,22,73,11,85,55,0,142,26.5,7.5,37,54.5,51.5,85,96,42,37,17,0
CRS3035RES200mN2946000E3568400,200,198.5,71,20,16,12,3,22,3276623.6,5319,64,7,0,0,0,71,0,68,9,5,25,36.5,16,39,40,18,9,1,0
CRS3035RES200mN2946400E3568200,200,138,37,7,3,12,21,5,2815259.2,4073,3,34,0,0,0,36,1,0,3,5,11,29,20,14,40,10,5,1,0
CRS3035RES200mN2947200E3669000,200,247.5,96,26,27,11,41,25,4505681.9,7699,31,65,54,1,8,33,0,27,16,8,26.5,31,13,46,53,25,18,4,7
CRS3035RES200mN2947600E3669600,200,299,113,31,29,14,29,27,5225233.3,9515,57,56,24,3,8,78,0,69,18.5,13.5,27,44,23,56,58,33,21,5,0
CRS3035RES200mN2951400E3570200,200,667.5,278,93,89,32,1,74,10057144.2,19486,277,1,0,240,1,37,0,276,46,25,67,72.5,41,140,98,65,93,20,0
CRS3035RES200mN2951400E3570400,200,653.5,237,103,79,40,1,60,9357578.6,17067,231,6,0,170,0,67,0,236,34.5,28,83,91,54,106,107,52,74,23,1
CRS3035RES200mN2951400E3570600,200,1299.5,533,249,209,67,11,118,18335137,35113,533,0,0,446,0,87,0,480,77,46.5,131,169.5,106.5,247,235,133,122,31,1
CRS3035RES200mN2951800E3570400,200,274,139,30,66,10,72,19,5139229.5,9777,139,0,0,0,89,50,0,55,13,6,12,21.5,22.5,45,51,40,53,10,0
CRS3035RES200mN2951800E3570600,200,528,259,74,129,19,0,47,8333242.3,16200,259,0,0,187,33,39,0,221,34,16,44.5,49.5,31,77,86,48,97,45,0
CRS3035RES200mN2951800E3573600,200,267.5,102,21,26,12,24,25,4943039,8189,44,58,0,0,20,82,0,75,21,9.5,18,38,26,52,55,30,13,5,0
CRS3035RES200mN2955400E3748800,200,313.5,165,47,98,13,12,13,5066938.1,9166,164,1,0,1,100,64,0,141,17,6.5,17,33,12,53,47,32,51,45,0
CRS3035RES200mN2958200E3809000,200,285,109,42,36,13,24,30,4441816.2,8302,64,45,0,0,7,102,0,83,25.5,12,20.5,37.5,31.5,47,61,39,11,0,0
CRS3035RES200mN2960200E3674600,200,247,97,16,26,15,56,14,5018665,7960,16,81,0,48,2,47,0,38,10,8,12,23.5,26.5,42,45,27,39,14,0
CRS3035RES200mN2960200E3674800,200,177.5,66,14,19,12,25,7,3257176,4966,38,28,7,14,1,44,0,31,8,6,17,20.5,12,39,32,10,24,9,0
CRS3035RES200mN2960400E3672200,200,289.5,117,2,33,12,9,21,5909162.5,9732,108,9,0,1,0,116,0,107,18.5,7.5,21,36.5,28,51,61,33,23,10,0
CRS3035RES200mN2960600E3672400,200,274.5,128,9,57,10,58,9,6334205,8980,78,50,0,23,23,82,0,34,12,4.5,19,23,31,54,64,25,24,18,0
CRS3035RES200mN2961600E3675400,200,443,167,23,49,21,74,21,9318077.4,13209,42,125,93,2,0,72,0,58,29,18,43,56,27,89,98,34,33,15,1
CRS3035RES200mN2962000E3674200,200,309.5,121,12,36,13,57,18,6888344.8,9960,38,83,13,6,44,58,0,57,11,7,34.5,25,35,45,81,28,33,8,2
CRS3035RES200mN2962000E3676000,200,393.5,162,33,49,14,69,29,8133296.8,11621,80,82,66,14,5,77,0,71,28.5,14,29,51,22,106,64,36,34,9,0
CRS3035RES200mN2962200E3676000,200,508.5,246,42,113,16,108,41,10499635.3,17106,126,120,93,0,20,132,1,62,22,13,36,42.5,50,85,100,58,70,32,0
CRS3035RES200mN2962400E3674400,200,289,127,26,52,13,54,19,5503699.9,8889,53,74,68,5,3,51,0,44,12,5,12,23.5,32.5,51,65,37,30,13,8
CRS3035RES200mN2962400E3676000,200,493.5,234,42,101,18,65,38,9979027.2,16326,166,68,71,16,1,145,1,122,26,13,35.5,50,40,101,93,66,50,19,0
CRS3035RES200mN2962400E3676200,200,427,224,52,117,13,52,31,7933180.3,14117,141,83,69,56,2,92,5,96,25.5,11,22.5,37,37,99,94,51,34,15,1
CRS3035RES200mN2962400E3676400,200,529,228,61,95,27,65,36,9485171.3,15288,144,84,51,87,52,38,0,138,28,14,52,64,35,110,91,59,57,19,0
CRS3035RES200mN2962400E3676600,200,578.5,234,59,96,36,47,42,9909693,15252,189,45,1,0,35,198,0,148,46,16.5,57,71,61,137,103,46,35,6,0
CRS3035RES200mN2962600E3674800,200,387.5,199,37,85,10,42,48,7829041.9,13283,171,28,47,35,0,117,0,75,27.5,9,29,32,36,94,87,30,34,9,0
CRS3035RES200mN2962600E3676600,200,544,223,93,91,27,4,37,7753611,12936,185,38,2,112,0,109,0,219,26,18,45.5,56.5,38,98,114,55,58,23,12
CRS3035RES200mN2962800E3674200,200,490.5,247,47,123,12,91,37,9316103.3,14839,127,120,114,8,1,123,1,69,23,10,35,51.5,46,120,105,50,38,11,1
CRS3035RES200mN2962800E3676400,200,740,350,91,167,23,43,67,13015579,22619,347,3,28,12,3,307,0,183,45,31,51,72,63,203,136,87,46,5,1
CRS3035RES200mN2962800E3676600,200,608.5,288,134,142,23,5,47,8485108.2,16553,284,4,4,136,0,148,0,283,46.5,23.5,48,45.5,39,136,117,63,61,29,0
CRS3035RES200mN2963000E3674000,200,650,345,55,170,13,126,52,12251344.2,22288,345,0,0,0,128,217,0,107,38.5,17.5,36.5,46.5,42,148,114,76,82,49,0
CRS3035RES200mN2963000E3674600,200,503,213,42,83,20,85,32,9130828.2,14277,117,96,105,2,5,101,0,61,24,13,43,56.5,39.5,138,99,40,36,14,0
CRS3035RES200mN2963000E3676200,200,507,256,99,139,19,34,34,8403279.9,14944,247,9,7,108,28,113,0,173,31,13,32,53,35,101,108,53,70,11,0
CRS3035RES200mN2963000E3676400,200,949.5,450,129,210,36,36,98,15700418.3,28189,443,7,40,98,120,192,0,265,59,22.5,66,106,91,239,170,106,74,16,0
CRS3035RES200mN2963000E3676600,200,263,107,32,39,12,22,20,4546504.3,7274,73,34,19,2,1,85,0,66,18,14.5,24,24.5,22,70,49,24,15,2,0
CRS3035RES200mN2963200E3674600,200,434,233,36,123,11,60,22,9518678,15263,162,71,77,4,0,150,2,29,23,4,26,25,33,146,79,40,43,15,0
CRS3035RES200mN2963200E3674800,200,357.5,176,40,90,13,43,17,6785717.3,10920,124,52,63,2,0,111,0,31,31.5,8.5,17,20.5,52,119,45,34,19,11,0
CRS3035RES200mN2963200E3676000,200,717,431,89,257,10,77,73,14370667.5,24634,408,23,37,4,19,371,0,120,33.5,13.5,28.5,50,74.5,209,124,74,77,33,0
CRS3035RES200mN2963200E3676200,200,820,412,88,226,33,99,50,15462189.3,26287,380,32,78,9,55,270,0,146,49,26,54.5,84,58.5,223,140,82,72,30,1
CRS3035RES200mN2963200E3676400,200,577.5,329,69,187,11,68,39,11861650.6,19167,303,26,99,10,27,193,0,85,36.5,15,34,27,56,186,96,56,55,16,0
CRS3035RES200mN2963400E3674600,200,369,155,18,48,13,79,22,7907719.1,12005,52,103,74,4,9,68,0,48,19,9.5,25.5,32,28,77,84,55,31,8,0
CRS3035RES200mN2963400E3674800,200,468.5,240,31,115,10,56,23,9822036.6,16090,163,77,69,5,4,162,0,157,35,11,20.5,31,36,139,76,54,46,20,0
CRS3035RES200mN2963400E3676200,200,650,370,114,223,19,81,46,12063653.5,20559,363,7,79,39,28,224,0,85,45,23,29,40,76,192,130,58,38,19,0
CRS3035RES200mN2964000E3677400,200,910,530,179,319,19,1,94,14475274.3,30075,530,0,0,161,39,330,0,529,35,20.5,46.5,66.5,63.5,153,186,106,147,86,0
CRS3035RES200mN2964400E3677800,200,540.5,327,54,201,14,124,25,13521442.6,20121,280,47,98,7,29,193,0,26,12,7,20.5,31,63,144,101,54,86,22,0
CRS3035RES200mN2964600E3677000,200,555.5,335,52,194,10,130,23,16255186.2,22489,325,10,185,15,15,119,1,0,21.5,6.5,15,18,63,193,81.5,56,77,21,3
CRS3035RES200mN2965000E3676000,200,753,466,97,281,10,99,55,17012332.8,26027,452,14,229,22,46,169,0,105,24.5,10.5,31,41.5,103.5,285,134,58,52,13,0
CRS3035RES200mN2965200E3676600,200,540,333,41,215,14,91,20,15617155.8,22376,300,33,112,8,11,202,0,62,17,10,23.5,33,51.5,166,67,39,76,57,0
CRS3035RES200mN2965400E3676400,200,389,202,27,102,11,98,15,11726694.9,16287,114,88,132,4,4,62,0,0,15,10,16,20,45,119,74,43,41,6,0
CRS3035RES200mN2966000E3672600,200,366,168,43,80,19,62,26,5953586.7,12095,168,0,0,0,0,168,0,84,18,14,37.5,42,27.5,61,59,23,47,37,0
CRS3035RES200mN2966000E3672800,200,409,215,45,117,14,83,28,7429276.9,14522,215,0,0,0,119,96,0,119,25,10,30,31,27,72,68,46,67,33,0
CRS3035RES200mN2966200E3672800,200,647.5,271,75,102,31,15,58,10410643.5,20185,237,34,0,0,82,189,0,255,34,21,59.5,74,59,113,124,64,74,25,0
CRS3035RES200mN2966400E3672600,200,880,383,146,166,43,1,79,12909917.4,25411,381,2,0,220,1,162,0,381,43,34.5,72,106,75.5,157,151,108,100,33,0
CRS3035RES200mN2969200E3673200,200,490.5,245,71,120,11,33,43,8193448.1,16218,207,38,30,88,1,126,0,172,25,16.5,27,48,49,91,76,61,67,30,0
CRS3035RES200mN2969800E3673800,200,308,102,29,16,15,10,32,5201147.6,8172,55,47,6,5,2,89,0,89,28,19.5,34.5,34.5,25.5,74,43,31,16,1,1
CRS3035RES200mN2978400E3606200,200,742.5,391,72,200,14,53,78,14586070.9,26228,389,2,22,257,0,112,0,301,16,15,53.5,78.5,58.5,124,161,96,92,47,1
CRS3035RES200mN2978600E3606400,200,875,543,56,320,11,209,54,20441637.9,33477,543,0,0,207,0,336,0,96,16.5,16.5,23.5,48,64.5,195,165,106,164,76,0
CRS3035RES200mN2979200E3607400,200,586.5,350,59,208,10,103,38,12568490.6,20944,333,17,170,27,0,152,1,15,18.5,12,18.5,47.5,62,193,114,56,47,17,1
CRS3035RES200mN2979200E3607800,200,875.5,453,145,234,24,44,101,14119808.2,26977,440,13,127,11,0,313,2,250,46,32,60,90,101.5,182,176,80,82,26,0
CRS3035RES200mN2979400E3607000,200,722.5,403,36,220,16,81,60,16638863.7,26510,392,11,42,8,31,322,0,164,25,15,38.5,49,68,108,121,77,118,103,0
CRS3035RES200mN2979400E3607200,200,459,244,25,127,10,122,25,12132018,19022,197,47,134,46,1,63,0,0,17,4,20.5,36,48.5,103,85,63,57,25,0
CRS3035RES200mN2979400E3607800,200,594,347,72,202,10,53,43,11896442.1,20166,339,8,125,36,31,153,2,67,25,13,25.5,56.5,49,157,123,63,66,16,0
CRS3035RES200mN2979600E3607400,200,644.5,359,64,191,12,139,57,15082186.2,23021,284,75,229,15,16,99,0,28,21.5,14.5,36.5,46,73,149,127,81,68,26,2
CRS3035RES200mN2979600E3607800,200,401,236,71,142,10,54,23,8077605.1,13046,199,37,193,11,0,32,0,11,20,11,17,27,43,108,84,52,27,11,1
CRS3035RES200mN2979800E3606000,200,439.5,253,56,144,10,99,25,10847269.6,17473,177,76,178,39,2,34,0,8,16.5,7.5,23,27,46.5,119,89,43,47,19,2
CRS3035RES200mN2979800E3606400,200,278,118,2,38,15,69,15,8768557.3,14077,86,32,35,14,38,31,0,33,13.5,10,15,29.5,21,41,43,32,55,18,0
CRS3035RES200mN2979800E3606600,200,374,189,10,89,12,120,19,10329966.4,15750,153,36,36,70,1,82,0,5,9,7.5,15.5,33,36,70,79,32,63,29,0
CRS3035RES200mN2979800E3606800,200,384.5,193,18,96,15,116,17,11479997.1,17430,140,53,66,44,4,79,0,1,12,10,23.5,28.5,31.5,70,63,51,71,24,0
CRS3035RES200mN2979800E3607400,200,384.5,180,14,72,10,94,15,10470681.2,16924,133,47,70,44,5,61,0,13,13,15,19,25.5,24,73,66,57,62,30,0
CRS3035RES200mN2980000E3610000,200,480.5,233,36,92,10,71,50,9741124,15188,173,60,27,132,14,60,0,143,20.5,14.5,26,43,33.5,87,95,61,66,34,0
CRS3035RES200mN2980200E3606000,200,362,174,14,63,10,48,23,9135057.4,13730,157,17,13,10,0,151,0,107,17.5,13,12,37.5,22,66,79,49,58,8,0
CRS3035RES200mN2980200E3610000,200,426.5,184,29,71,17,17,34,7778013.1,14867,156,28,6,0,79,99,0,164,34.5,12,28.5,41.5,30,71,81,61,56,11,0
CRS3035RES200mN2980200E3610200,200,575.5,225,65,63,24,1,66,9521364.2,16995,196,29,0,1,119,105,0,224,25,22,44.5,81.5,61.5,120,102,59,51,9,0
CRS3035RES200mN2980200E3611800,200,392,177,47,78,16,8,26,6403509.2,10850,177,0,0,107,0,70,0,165,24,3.5,32,39.5,25,80,74,46,43,25,0
CRS3035RES200mN2980400E3607600,200,455.5,265,95,152,11,6,55,7128478.6,13723,259,6,5,152,0,108,0,259,15,12.5,31.5,32.5,36,97,98,59,53,21,0
CRS3035RES200mN2980400E3610200,200,310.5,141,30,58,12,29,23,5564835.1,9469,94,47,0,58,0,83,0,109,18,11,22.5,34,19,59,57,35,36,19,0
CRS3035RES200mN2980600E3611800,200,825,422,53,193,28,307,45,16700032.5,34082,422,0,0,143,235,43,1,0,38.5,21.5,38.5,61,52.5,122,107,95,197,92,0
CRS3035RES200mN2980800E3611600,200,630,246,105,79,28,1,67,9084656,17172,244,2,0,26,0,220,0,244,55.5,23,48,77.5,53,124,100,62,64,23,0
CRS3035RES200mN2981600E3607400,200,211,66,4,9,13,26,3,4676474.5,6647,0,66,13,3,8,42,0,2,13,10,14.5,29,18.5,35,48,24,15,4,0
CRS3035RES200mN2981600E3607600,200,295,90,46,27,24,0,19,4044086.8,6688,80,10,0,39,0,51,0,90,24.5,14,36.5,43,21,65,43,24,9,4,11
CRS3035RES200mN2981600E3607800,200,265.5,89,51,29,17,6,21,3725374.1,5933,83,6,0,6,0,83,0,83,22.5,11,30,42,15,58,37,20,23,7,0
CRS3035RES200mN2981800E3606200,200,279.5,113,54,52,16,41,4,4200545.6,5336,72,41,15,5,21,72,0,0,14,5,17,29.5,24,49,46,27,35,14,19
CRS3035RES200mN2981800E3607200,200,287,84,14,9,20,44,13,5113467.7,7669,0,84,7,7,7,63,0,38,16,16,43,44,19,48,62,19,14,6,0
CRS3035RES200mN2981800E3607400,200,580.5,242,93,85,29,64,52,8764651.2,17554,211,31,15,6,156,65,0,146,54.5,19,51,57,38,111,87,67,79,17,0
CRS3035RES200mN2981800E3607600,200,466,173,70,66,31,0,38,6809860.2,12178,157,16,0,0,0,173,0,173,55,16,43,64,33,91,51,54,43,16,0
CRS3035RES200mN2981800E3607800,200,351,123,62,36,22,3,25,4886351.1,8336,85,38,0,5,1,117,0,117,28,7,35,52,21,57,76,25,40,10,0
CRS3035RES200mN2982000E3606000,200,471.5,189,68,64,20,32,42,7703893.4,13856,155,34,12,21,25,131,0,152,21.5,20.5,43.5,51,40,76,73,69,52,25,0
CRS3035RES200mN2982400E3606000,200,353,162,88,79,15,2,27,4799096.3,8321,157,5,0,100,2,60,0,157,27,11.5,29,35.5,25,75,59,44,36,10,1
CRS3035RES200mN2982600E3606000,200,252,69,10,6,17,16,18,4372512.2,5985,9,60,0,0,0,68,1,41,28,17,35,32,26,62,43,6,3,0,0
CRS3035RES200mN2984800E3612000,200,537.5,214,37,56,18,1,59,9218194,16090,214,0,0,0,0,214,0,213,25,17,49,58,59.5,113,106,73,34,2,1
CRS3035RES200mN2992000E3838200,200,228,93,35,34,11,3,22,3434014.5,6753,90,3,3,0,11,79,0,90,17.5,10.5,22.5,27,16.5,50,38,20,23,3,0
CRS3035RES200mN2992600E3838400,200,322,149,16,61,18,93,24,8573544.7,16385,55,94,109,1,0,39,0,8,10,3.5,29,31.5,26,53,59,39,51,20,0
CRS3035RES200mN2992800E3838000,200,372.5,157,44,55,14,71,20,6803891.8,12494,23,134,111,4,2,40,0,38,18,14,37,34.5,31,72,63,48,35,20,0
CRS3035RES200mN3003400E3769200,200,531,255,41,100,11,81,45,11529189.8,17506,150,105,108,7,1,139,0,124,24,18.5,37,32.5,49,151,97,50,55,17,0
CRS3035RES200mN3003400E3769800,200,567,272,34,112,11,141,47,13010951.9,18835,60,212,209,19,7,36,1,31,32,9.5,29.5,50,50,135,124,62,52,23,0
CRS3035RES200mN3003600E3768600,200,373,172,29,72,12,84,14,11545855.1,17968,73,99,131,7,3,31,0,24,16,13,20,38,43,77,71,29,52,14,0
CRS3035RES200mN3003600E3769200,200,502,257,46,118,12,102,41,12248796.5,17896,128,129,154,15,2,85,1,55,14,10,32.5,48,54.5,115,115,38,46,28,1
CRS3035RES200mN3003800E3768000,200,576,266,42,110,18,78,45,12192143.6,19672,157,109,82,16,2,166,0,135,22.5,11,39.5,66,59,132,118,51,53,24,0
CRS3035RES200mN3003800E3768800,200,385,220,35,133,10,75,11,10454713.6,17048,161,59,100,34,42,44,0,20,12,5.5,14.5,20,51,107,59,38,58,20,0
CRS3035RES200mN3003800E3769800,200,378,201,33,107,12,98,21,8966339.7,13211,96,105,99,23,14,65,0,2,12.5,4.5,19,27,42,106,67,32,46,18,4
CRS3035RES200mN3005800E3770000,200,432.5,161,34,44,23,31,29,7696766.8,12035,103,58,39,3,1,118,0,114,22,16,48.5,50.5,33.5,80,92,43,40,7,0
CRS3035RES200mN3013400E3485000,200,512.5,293,37,166,12,83,33,11681829.9,22651,269,24,64,136,61,31,1,119,16,8,26,39,36.5,110,64,49,83,81,0
CRS3035RES200mN3028600E3881400,200,333,150,42,59,12,6,36,5271562.5,10884,82,68,0,21,3,126,0,143,19.5,15,27.5,40,27,75,56,25,37,8,3
CRS3035RES200mN3042200E3807800,200,231,98,34,37,10,18,20,3859067,7452,59,39,11,7,1,79,0,73,15.5,12,15,29,21.5,45,36,25,24,8,0
CRS3035RES200mN3045000E3807800,200,591,312,124,168,18,28,59,9758542.8,21367,278,34,30,11,216,54,1,270,41,9.5,46.5,55,52,137,100,68,65,14,3
CRS3035RES200mN3045200E3807600,200,882,385,151,166,44,8,98,12905532.7,28004,385,0,0,11,333,41,0,374,83,24.5,91,98,79.5,194,146,82,64,20,0
CRS3035RES200mN3045200E3851400,200,250,102,37,37,13,25,23,3760659.8,7524,13,89,63,1,8,30,0,35,14,10,28,31,14,45,46,28,24,10,0
CRS3035RES200mN3050200E3859800,200,256.5,81,18,15,15,21,15,4660664.8,7096,0,81,1,23,0,57,0,39,8,12.5,37,37,19,47,52,18,7,19,0
CRS3035RES200mN3050400E3859200,200,176.5,53,9,8,12,52,4,3341426.6,5301,0,53,13,0,5,35,0,0,4,5,21.5,33,17,25,45,15,8,3,0
CRS3035RES200mN3056800E3820200,200,264,143,33,84,10,21,13,5100697.2,8781,109,34,16,7,1,119,0,59,19,7.5,12,12.5,38,91,38,26,17,3,0
CRS3035RES200mN3059200E3810000,200,271.5,109,43,35,10,6,27,3951983.6,8148,0,109,55,1,20,33,0,98,16,10,25.5,24,22,56,53,25,29,11,0
CRS3035RES200mN3059600E3810000,200,265,101,40,29,16,2,14,3823303.5,7549,0,101,43,5,0,53,0,99,18,12,19,34,17,60,44,26,24,11,0
CRS3035RES200mN3059800E3810800,200,224.5,91,42,32,12,8,23,3209258.8,6428,49,42,21,36,1,33,0,81,8,8,20.5,35,18,39,42,26,18,10,0
CRS3035RES200mN3061800E3817800,200,235.5,84,18,19,14,32,10,4451073.7,7279,0,84,3,13,0,68,0,48,20,8,28,23.5,21,68,37,14,10,6,0
CRS3035RES200mN3066400E3801800,200,291,88,28,6,16,4,28,4547050.7,7079,0,88,0,0,0,88,0,83,11,12.5,33,52.5,36,49,73,18,6,0,0
CRS3035RES200mN3066800E3801800,200,318.5,124,67,41,17,6,30,4223264.8,7840,35,89,76,1,0,47,0,117,27,13,35.5,44,21,85,48,22,19,4,0
CRS3035RES200mN3068600E3813400,200,270,98,34,24,15,29,30,4353762.8,7901,59,39,1,1,34,62,0,65,24.5,12,27,38.5,28,63,41,28,5,3,0
CRS3035RES200mN3070000E3820600,200,177,59,4,11,10,41,9,4076578.9,6045,0,59,0,0,15,44,0,14,10,2,7.5,28.5,28,13,61,17,9,1,0
CRS3035RES200mN3070800E3820400,200,366.5,155,51,56,14,59,36,6299370.2,10083,88,67,38,48,2,67,0,82,15,14,36,50,32.5,67,72,35,36,9,0
CRS3035RES200mN3072200E3800400,200,462,199,92,87,24,41,43,7574735.4,15071,137,62,65,10,6,118,0,108,35.5,13,42.5,57,44,109,92,42,23,3,1
CRS3035RES200mN3077800E3832800,200,336,151,32,52,11,52,30,7310483.2,11470,90,61,31,5,18,97,0,89,23.5,13.5,27,18,27,84,69,35,27,12,0
CRS3035RES200mN3078000E3830000,200,256.5,103,27,33,11,38,12,4657154.8,7182,64,39,25,0,0,78,0,44,25,5.5,18,20,15,82,43,17,26,5,0
CRS3035RES200mN3078000E3831400,200,417,214,86,114,11,81,15,7970798.5,10783,129,85,67,8,22,117,0,108,15,9.5,21,28.5,43,80,96,57,57,10,0
CRS3035RES200mN3078200E3830600,200,285.5,119,34,44,15,28,19,4960967.3,8367,99,20,5,18,13,83,0,66,31.5,14,27.5,16.5,21,81,50,20,18,6,0
CRS3035RES200mN3078400E3831200,200,563,223,123,87,32,20,57,7896599.5,12818,196,27,0,94,0,129,0,197,50,31,73,66.5,43.5,138,99,39,19,4,0
CRS3035RES200mN3078600E3830000,200,195,52,17,4,18,0,7,3658456.2,4983,32,20,0,0,0,52,0,20,16,6,30,22,17,56,32,3,2,2,9
CRS3035RES200mN3078600E3830400,200,248,83,17,20,14,64,10,4942797.4,6483,30,53,0,0,0,83,0,18,31,19,30,23,9,88,42,3,3,0,0
CRS3035RES200mN3078600E3830800,200,490.5,209,53,80,16,95,32,9534018,15252,94,115,133,18,1,56,1,32,26.5,15,30.5,43.5,65,121,100,38,41,10,0
CRS3035RES200mN3078600E3831000,200,535.5,180,39,51,37,70,24,9881615.4,14050,86,94,2,4,0,173,1,73,47,34,59,66,41.5,157,94,17,16,3,1
CRS3035RES200mN3078800E3830000,200,339.5,126,27,50,25,42,13,6255489.7,9274,78,48,4,0,0,122,0,47,15,16.5,39,46,30,107,59,14,11,0,2
CRS3035RES200mN3078800E3830200,200,242,85,37,20,16,10,12,3355946.3,6172,74,11,2,29,0,54,0,74,18,13.5,19,27.5,11,36,47,14,41,15,0
CRS3035RES200mN3078800E3830400,200,702,244,75,75,55,29,41,11338688.8,17266,212,32,0,149,0,95,0,173,36,21.5,71.5,87,59,140,131,55,77,24,0
CRS3035RES200mN3078800E3831200,200,372,163,34,66,15,54,19,8060378.3,12535,98,65,64,8,1,89,1,45,22,10,32,38,31,103,76,22,28,10,0
CRS3035RES200mN3079000E3827600,200,461.5,220,48,97,16,108,30,8926794.7,15236,124,96,87,28,61,44,0,43,21,10,38,41.5,38,81,91,55,59,27,0
CRS3035RES200mN3079000E3827800,200,325.5,159,53,74,11,36,32,5242405.8,9389,134,25,32,26,68,33,0,74,23.5,9,28.5,38,19.5,80,59,24,30,14,0
CRS3035RES200mN3079200E3827400,200,324.5,168,21,89,11,110,15,6949583.9,10776,61,107,117,1,0,50,0,1,10,4.5,20.5,19.5,35,71,57,37,46,24,0
CRS3035RES200mN3079800E3827000,200,572.5,228,81,70,29,8,50,8979876.5,14025,226,2,9,152,0,67,0,151,56,30,53,47.5,53,184,79,37,24,7,2
CRS3035RES200mN3079800E3827800,200,573,285,70,136,16,28,49,10254834,17371,270,15,3,10,1,271,0,176,56,23,48.5,38.5,55,207,81,35,26,3,0
CRS3035RES200mN3080000E3829000,200,459,250,72,139,11,72,26,10662175.1,17139,188,62,153,6,15,76,0,48,11.5,3,15.5,33,86,143,75,48,38,6,0
CRS3035RES200mN3080000E3829600,200,805,447,172,270,27,67,43,13409652.5,25780,414,33,83,9,292,59,4,232,17,16.5,39.5,71,87,208,133,92,101,40,0
CRS3035RES200mN3080000E3829800,200,789.5,335,135,139,38,36,53,12418935.5,23012,292,43,74,0,160,101,0,224,40.5,26.5,69.5,84,50,186,150,97,72,14,0
CRS3035RES200mN3080000E3830000,200,513,260,85,134,12,54,35,9084074.3,15083,236,24,44,0,37,179,0,96,38,13,30.5,35.5,52,202,78,26,22,7,9
CRS3035RES200mN3080000E3830400,200,475,293,98,190,10,79,11,10116860.1,15705,237,56,171,2,68,52,0,62,17,5,22.5,18.5,54,166,71,40,64,16,1
CRS3035RES200mN3080000E3833600,200,438,180,16,61,20,106,21,9567470.3,13247,81,99,24,0,63,93,0,29,37.5,17,37.5,31,27,144,71,46,25,2,0
CRS3035RES200mN3080000E3834600,200,203,95,24,49,10,33,10,4278654.6,6535,57,38,50,2,0,43,0,1,13,6,10.5,25.5,25,50,38,19,11,5,0
CRS3035RES200mN3080200E3829000,200,357.5,207,44,125,13,71,16,9559968.6,14707,152,55,126,8,25,48,0,0,12,4,12.5,25,66,119,53,33,24,9,0
CRS3035RES200mN3080200E3829200,200,532,335,70,221,11,141,20,14083679.7,21905,288,47,91,26,101,117,0,1,13,8.5,15,29.5,94,150,82,54,58,28,0
CRS3035RES200mN3080200E3829600,200,513,303,72,186,16,72,28,10425820.3,17297,233,70,174,9,45,75,0,48,17,9.5,21.5,27,59,194,69,48,52,16,0
CRS3035RES200mN3080200E3829800,200,369,198,51,108,11,49,14,7217071.7,11567,167,31,103,20,22,53,0,38,18,6,13.5,29,40.5,143,61,27,23,8,0
CRS3035RES200mN3080200E3830200,200,633.5,360,66,207,21,132,21,16901450.8,24457,316,44,261,12,10,77,0,2,27.5,8,23.5,31.5,74,245,115,50,43,14,2
CRS3035RES200mN3080200E3830400,200,605,327,75,184,16,117,28,15045843.2,22354,257,70,203,3,15,106,0,62,27.5,14,33.5,46,64,192,104,50,58,16,0
CRS3035RES200mN3080200E3830800,200,417.5,236,48,149,11,82,14,11518932.5,16812,167,69,163,1,25,47,0,14,18,7,23,23.5,52,137,79,35,36,7,0
CRS3035RES200mN3080200E3834400,200,439,188,20,60,13,121,28,9902281.1,14801,55,133,138,11,4,35,0,25,11,14,32.5,41.5,40,79,106,58,49,7,1
CRS3035RES200mN3080400E3829800,200,509.5,287,70,168,11,95,21,12425681.2,18781,231,56,166,5,34,75,7,47,12.5,7,19.5,27.5,78,175,100,45,28,10,7
CRS3035RES200mN3080400E3830200,200,348,180,54,103,12,46,13,7574001,11020,151,29,102,19,14,45,0,29,10,6,22,23.5,47.5,113,56,35,22,4,9
CRS3035RES200mN3080400E3830400,200,878.5,490,165,288,20,41,70,15185670,27038,480,10,148,145,80,117,0,285,42,17,49.5,63,100,267,143,72,88,26,11
CRS3035RES200mN3080400E3833400,200,507.5,241,74,108,19,48,37,9074072.8,15876,185,56,60,10,102,69,0,142,28,15,37.5,39,38,129,115,38,58,10,0
CRS3035RES200mN3080400E3833600,200,775,369,101,158,27,77,70,14026817,24773,319,50,71,6,174,115,3,223,52.5,29,54,76.5,55,209,150,68,58,20,3
CRS3035RES200mN3080400E3833800,200,482,249,40,113,12,47,32,10879934.4,17799,231,18,17,2,10,215,5,85,30,14,26,29,51,189,86,32,17,8,0
CRS3035RES200mN3080400E3834400,200,373.5,153,26,45,14,102,29,8419166.4,12228,32,121,105,16,0,31,1,31,26,10.5,35.5,36,27.5,78,72,42,34,12,0
CRS3035RES200mN3080600E3829600,200,743,407,81,228,25,164,29,19958203.3,28886,355,52,90,38,158,121,0,21,34.5,14,34,45.5,121,233,114,44,74,29,0
CRS3035RES200mN3080600E3830200,200,502,280,74,156,10,70,22,10954958.6,17861,206,74,174,3,7,95,1,43,22,12,15,35,64,185,80,39,42,8,0
CRS3035RES200mN3080600E3830400,200,820,521,104,333,10,137,30,20612499.7,30421,482,39,210,5,18,288,0,86,27.5,18.5,26,26,112,344,117,63,64,21,1
CRS3035RES200mN3080600E3833000,200,482,203,79,85,26,37,37,7419093.4,12301,155,48,74,90,0,39,0,109,37,19.5,48,44.5,40,105,103,41,31,6,7
CRS3035RES200mN3080600E3833200,200,455,255,98,147,11,40,36,7954592,13867,225,30,129,5,39,82,0,63,26.5,11,26,38,56.5,141,87,37,26,6,0
CRS3035RES200mN3080600E3833400,200,433.5,225,61,127,17,88,21,7954828.8,12807,164,61,84,26,2,113,0,31,21.5,19,32.5,26.5,44,155,69,31,25,10,0
CRS3035RES200mN3080800E3829000,200,422.5,220,62,117,18,59,18,9126219.3,13962,187,33,81,35,74,30,0,36,19,12.5,21.5,33,61.5,136,68,33,25,13,0
CRS3035RES200mN3080800E3830200,200,760,471,105,305,14,99,35,16866457,27842,446,25,150,7,109,205,0,124,30.5,13,38.5,34,111,285,130,55,45,18,0
CRS3035RES200mN3080800E3833000,200,475.5,212,72,94,22,62,23,8570129.1,13461,114,98,164,3,12,33,0,28,24.5,16,35.5,39.5,62,127,86,33,40,12,0
CRS3035RES200mN3080800E3833200,200,663.5,334,134,182,31,90,47,11845100.3,19438,217,117,206,9,25,94,0,58,48,19,57,56.5,80,198,105,38,44,14,4
CRS3035RES200mN3080800E3833400,200,451,185,48,68,21,51,29,8282624.5,13278,144,41,26,2,23,134,0,89,39.5,16,31,48,41.5,122,88,36,21,8,0
CRS3035RES200mN3081000E3827200,200,351,147,17,48,13,76,21,7160012.3,12051,46,101,72,37,0,35,3,32,17,12,46,28,24,66,73,37,34,14,0
CRS3035RES200mN3081000E3833000,200,545.5,267,91,120,17,68,49,10579380.5,18964,185,82,124,82,26,35,0,114,25.5,21.5,43,47.5,45,120,121,49,45,28,0
CRS3035RES200mN3081000E3833200,200,434,199,41,89,20,73,27,8452681.5,13050,161,38,61,2,3,133,0,51,40,16,38.5,32.5,35,168,72,15,15,2,0
CRS3035RES200mN3081200E3827000,200,464.5,209,55,80,14,29,43,8002283.3,13958,174,35,47,2,79,81,0,160,26.5,13.5,46.5,49,41,115,95,36,32,10,0
CRS3035RES200mN3081200E3830200,200,661.5,363,110,220,18,34,39,12910730.1,21019,347,16,91,54,128,90,0,230,28,9,50.5,50,58,174,146,66,60,20,0
CRS3035RES200mN3081200E3830400,200,483.5,275,56,164,12,94,10,14317474.8,21154,262,13,209,9,0,56,1,0,12,3,19,29,87.5,158,87,37,34,17,0
CRS3035RES200mN3081200E3833000,200,377,164,41,69,15,46,23,7476668,11275,130,34,90,2,0,72,0,66,22,15,33.5,37.5,35,103,72,21,25,13,0
CRS3035RES200mN3081200E3833400,200,364.5,152,33,47,19,71,20,7896939,11501,62,90,102,5,5,40,0,23,16,10,37,37.5,21,98,75,27,36,7,0
CRS3035RES200mN3081400E3827400,200,577.5,260,31,103,21,61,33,12089700.9,18084,203,57,60,0,0,200,0,103,43.5,17,49,51,44,204,89,40,31,9,0
CRS3035RES200mN3081400E3827600,200,465,192,24,63,18,86,26,9153198,14186,81,111,97,13,1,81,0,100,25.5,16.5,44,51,24,102,92,49,42,18,1
CRS3035RES200mN3081400E3830200,200,541.5,304,53,176,12,110,15,16589280.8,24935,267,37,160,2,16,125,1,8,24.5,14,19,33,78,192,89,39,42,11,0
CRS3035RES200mN3081400E3833000,200,351,144,24,62,23,78,10,7577601.5,11600,79,65,40,8,1,95,0,26,17,14,38,46,27,85,87,15,20,2,0
CRS3035RES200mN3081600E3827800,200,647.5,319,47,131,18,80,53,13750689,21624,278,41,56,7,1,237,18,60,50.5,32.5,36.5,43,66,254,93,40,27,5,0
CRS3035RES200mN3081800E3827200,200,483,223,71,91,17,44,53,8008842.2,14959,175,48,11,173,0,39,0,175,25,22,41.5,44,26.5,101,92,61,52,18,0
CRS3035RES200mN3081800E3827800,200,651.5,305,38,118,11,157,48,14427515.8,23527,128,177,133,21,5,146,0,107,36,17.5,45,49,42,138,137,71,84,32,0
CRS3035RES200mN3081800E3830400,200,562.5,339,53,205,10,131,31,15218600.3,21979,289,50,132,82,68,55,2,36,14,7.5,28,29.5,50.5,201,106,54,56,16,0
CRS3035RES200mN3082000E3828200,200,414,185,30,70,13,86,30,9653870.8,13194,77,108,135,18,1,31,0,20,26.5,8.5,25,37.5,43,114.5,76,34,34,15,0
CRS3035RES200mN3082000E3833000,200,611.5,299,84,151,22,51,39,11842839.6,19731,243,56,42,17,105,135,0,157,48,28,37.5,42.5,36,170.5,123,65,50,10,1
CRS3035RES200mN3082200E3828000,200,513.5,257,38,132,16,129,24,12636196.6,17367,155,102,136,8,1,112,0,3,29,13,27.5,34,56,136,95,49,40,25,9
CRS3035RES200mN3082200E3828400,200,452,182,18,54,15,119,23,12260778.1,15896,45,137,132,6,11,32,1,10,34.5,13,22.5,39,49,127,88,40,31,8,0
CRS3035RES200mN3082400E3828000,200,646,322,46,142,17,119,62,13666592.6,21707,224,98,106,27,38,149,2,125,39.5,20.5,51.5,45,39.5,171,125,57,78,19,0
CRS3035RES200mN3082600E3833000,200,381,145,10,34,10,99,16,11253074.5,13365,36,109,106,9,0,30,0,28,42,8,20.5,34.5,29,89,69,31,48,9,1
CRS3035RES200mN3082600E3833200,200,390.5,155,19,48,15,84,19,10123283.4,13336,67,88,63,52,8,32,0,52,26.5,16,29.5,40.5,26,76,94,34,33,15,0
CRS3035RES200mN3082600E3833400,200,518,230,22,82,19,121,41,12153691.6,17935,138,92,48,73,64,45,0,74,32.5,24.5,41.5,37.5,27,150,104,49,39,13,0
CRS3035RES200mN3083200E3828800,200,343.5,144,9,54,14,99,14,11033343.2,14491,43,101,79,10,7,48,0,0,20.5,8,23,34,31,63,79,25,45,15,0
CRS3035RES200mN3083200E3832200,200,477,231,12,104,14,146,12,15308826.7,21036,150,81,97,33,25,76,0,0,23,10,25.5,26,47.5,126,87,43,61,28,0
CRS3035RES200mN3083200E3832600,200,1423,869,64,498,11,576,74,43103229.8,74630,861,8,84,592,26,167,0,0,33.5,25.5,39,64,82,282,256,167,331,143,0
CRS3035RES200mN3083200E3833200,200,433.5,199,9,76,10,107,16,12471271.8,15163,126,73,61,5,31,102,0,23,29.5,14.5,36.5,16.5,28.5,131,84,32,48,13,0
CRS3035RES200mN3083600E3829000,200,459,204,41,81,15,32,35,8563571.4,13619,159,45,6,130,4,64,0,140,30,18.5,35.5,45,31,133,84,45,28,9,0
CRS3035RES200mN3083600E3832000,200,459,209,27,94,12,103,22,12095688.9,15967,99,110,136,12,9,52,0,20,32,13,35.5,32,37.5,125,95,36,38,15,0
CRS3035RES200mN3083600E3832400,200,1076,439,113,164,59,28,85,17858903.7,31221,331,108,66,0,39,333,1,401,86,25.5,101,115.5,79,260,211,102,82,13,1
CRS3035RES200mN3083800E3832000,200,563.5,291,40,134,10,67,42,13805562.2,20403,239,52,64,1,3,222,1,113,19,19,41.5,35.5,48.5,169,106,62,50,13,0
CRS3035RES200mN3083800E3832800,200,268,111,7,35,11,17,13,6423530.8,8975,70,41,2,0,0,109,0,78,21,11,17,20.5,23.5,72,48,21,26,8,0
CRS3035RES200mN3084800E3832000,200,517,218,34,66,16,130,41,11474459.9,15947,69,149,148,6,31,33,0,27,37,20.5,41.5,48.5,32.5,122,120,41,47,7,0
CRS3035RES200mN3084800E3832200,200,358.5,179,46,87,12,27,31,6626165.4,11276,142,37,44,15,27,93,0,101,11,11,24,38.5,36,80,74,30,36,17,1
CRS3035RES200mN3084800E3839600,200,483,219,62,92,15,100,31,9100295.6,15631,110,109,63,39,6,111,0,106,35.5,19.5,25.5,36.5,28,103,68,72,68,27,0
CRS3035RES200mN3085600E3833200,200,520.5,252,40,103,17,65,35,12472160.3,18045,198,54,52,0,0,200,0,139,31.5,12,33,37,42,156,67,43,79,20,0
CRS3035RES200mN3086000E3838600,200,285,126,25,53,10,64,17,6779755.7,12287,73,53,82,0,4,40,0,1,11,10,21,27,31,64,70,29,17,5,0
CRS3035RES200mN3086200E3838800,200,621,253,104,108,43,81,48,10449059.3,21577,170,83,109,48,1,92,3,69,35.5,18,47,74.5,55,124,120,64,57,18,8
CRS3035RES200mN3086400E3837600,200,334.5,133,22,36,10,94,19,6860602.3,10743,18,115,90,7,6,30,0,21,16,7,28,41.5,22,72,66,43,33,6,0
CRS3035RES200mN3086400E3838200,200,988,373,179,116,62,50,67,13961269.8,25640,301,72,57,2,207,107,0,286,77.5,35.5,98,110,60,182,181,116,94,31,3
CRS3035RES200mN3086400E3838800,200,488.5,192,70,75,28,72,41,8549039,16603,93,99,154,0,0,36,2,24,23,20,40.5,64,36,105,98,56,34,11,1
CRS3035RES200mN3086600E3838000,200,839,301,182,89,54,12,54,10551098,19155,287,14,14,0,238,49,0,287,75,33,83.5,77,44.5,180,142,91,87,25,1
CRS3035RES200mN3086600E3838800,200,455,164,51,49,25,96,25,8929185.4,16209,45,119,130,2,0,32,0,0,27,12.5,30.5,65,35.5,82.5,110,37,39,16,0
CRS3035RES200mN3087000E3837600,200,286,90,18,13,15,40,17,5494722.3,7864,1,89,29,30,1,30,0,44,17,8,32,35,22,53,63,23,23,9,1
CRS3035RES200mN3087000E3837800,200,367.5,135,34,40,18,68,24,6672620.2,10600,16,119,96,2,0,37,0,34,19,12.5,32.5,41.5,39,75,75,37,28,5,3
CRS3035RES200mN3087000E3839600,200,156.5,56,25,21,13,0,9,2200620.6,3478,56,0,0,0,0,56,0,56,11,6,19,20.5,18,33,30,13,5,1,0
CRS3035RES200mN3087000E3839800,200,468,243,125,136,17,29,41,6791092.4,14853,203,40,58,89,2,94,0,163,26,11,25.5,32.5,41,91,108,63,50,18,2
CRS3035RES200mN3087200E3839200,200,345.5,133,65,43,27,0,28,4726554.2,8792,133,0,0,0,0,133,0,130,25.5,14,21,48,27,70,74,35,25,5,1
CRS3035RES200mN3087200E3839400,200,162,65,39,26,12,0,14,2012646.3,3648,65,0,0,0,0,65,0,65,11,0,17,26,20,27,37,14,9,1,0
CRS3035RES200mN3087200E3839600,200,869.5,336,171,136,54,27,75,11969768.6,21925,299,37,57,0,227,47,5,257,83,50.5,89.5,93,76.5,184,175,64,44,9,1
CRS3035RES200mN3087600E3839200,200,477.5,158,94,47,35,47,24,6313505.7,12486,91,67,88,1,0,68,1,70,32,16,42.5,59,36,96,89,47,30,14,16
CRS3035RES200mN3087600E3839400,200,388,124,70,32,30,37,27,5168618.2,9955,67,57,65,0,0,58,1,45,27,15,43,54,32,74,69,32,35,6,1
CRS3035RES200mN3087800E3839600,200,761,251,133,73,59,60,55,10200473.5,18822,127,124,133,0,1,114,3,97,47,23,80,97,54,131,140,68,72,26,23
CRS3035RES200mN3090000E3837600,200,672.5,226,49,54,40,121,46,11800684.4,19055,44,182,178,1,0,47,0,40,42,23.5,65,100.5,55.5,123,143,50,49,14,7
CRS3035RES200mN3090000E3839000,200,439.5,213,39,91,12,52,34,8965158.2,16472,173,40,30,25,2,156,0,70,23,10.5,30,32,53,119,75,44,37,16,0
CRS3035RES200mN3090000E3839200,200,397,189,56,87,17,31,33,7235092.5,14067,160,29,64,6,0,118,1,105,35,11,24,30,39,112,74,34,29,9,0
CRS3035RES200mN3090000E3839400,200,324,114,45,27,20,37,28,5521947.3,9700,74,40,59,0,0,53,2,47,26,10.5,38,40.5,28,80,59,21,17,4,0
CRS3035RES200mN3090000E3839600,200,381,142,34,37,19,81,22,7559584.4,13170,49,93,97,0,1,44,0,0,27,11,35,47,34,94,69,35,27,2,0
CRS3035RES200mN3090200E3837200,200,272,110,29,40,15,3,25,4331923.6,7993,80,30,6,71,0,33,0,106,16,13.5,25.5,44,26,32,64,18,25,8,0
CRS3035RES200mN3090200E3837600,200,461,152,40,37,29,67,22,8063409,12301,44,108,67,0,0,85,0,64,31,20.5,43,57,40.5,100,94,31,32,12,0
CRS3035RES200mN3090200E3838800,200,540,309,56,173,12,137,35,11175197.1,24552,302,7,91,2,101,115,0,77,28,12,32.5,30.5,33,101,77,44,103,79,0
CRS3035RES200mN3090200E3839000,200,337.5,148,42,66,14,37,15,6535782.6,11080,93,55,46,11,3,88,0,69,18,11,35.5,27,28,84,54,39,35,6,0
CRS3035RES200mN3090200E3839200,200,505.5,208,68,81,24,72,38,9398612.5,17001,112,96,129,2,0,76,1,58,28,13,36.5,54,46,114,107,36,33,17,21
CRS3035RES200mN3090400E3837400,200,300,125,21,43,12,91,22,6048206.3,9567,45,80,78,11,1,35,0,11,13.5,10,32.5,30.5,19.5,69,65,30,19,10,1
CRS3035RES200mN3090400E3837600,200,657,231,62,56,39,140,33,11594570,19209,77,154,156,3,7,65,0,25,38,32,59,72.5,59.5,153,125,60,41,17,0
CRS3035RES200mN3090400E3838200,200,399.5,187,55,84,16,40,41,7411754.1,13847,181,6,19,40,13,113,2,69,30.5,13.5,36.5,32.5,35.5,98,71,33,35,6,8
CRS3035RES200mN3090400E3839400,200,392.5,177,33,59,11,89,31,7717385,12813,115,62,67,2,27,81,0,32,32.5,11.5,21.5,33,33,113,77,25,36,10,0
CRS3035RES200mN3090600E3837000,200,262.5,104,32,28,12,49,22,4805587.8,7864,47,57,25,25,22,32,0,48,15,9,22,28,12.5,44,63,27,29,13,0
CRS3035RES200mN3090600E3837600,200,375,145,39,43,20,70,32,7509707.1,11562,62,83,61,0,0,84,0,50,24,15,35,50,23,78,87,34,20,9,0
CRS3035RES200mN3090600E3837800,200,219.5,98,23,47,12,60,12,4260140.5,8020,71,27,42,3,0,53,0,0,15,5,19,15.5,21,34,37,23,34,16,0
CRS3035RES200mN3090600E3838200,200,291,127,49,56,15,23,23,4857316.7,8674,101,26,70,5,2,50,0,36,29,14,31.5,24.5,30,80,50,22,7,3,0
CRS3035RES200mN3090600E3839200,200,512,186,41,54,26,60,30,9702891,16104,97,89,84,0,0,102,0,96,26,18,55,55,39,106,129,44,27,6,7
CRS3035RES200mN3090600E3839400,200,562,218,56,63,21,99,49,10921327.2,18006,119,99,133,5,0,80,0,69,38,23.5,48,53.5,47,149,107,47,28,13,8
CRS3035RES200mN3090600E3839600,200,360,150,19,49,12,107,17,7688257.4,13121,81,69,54,1,0,95,0,1,31,4,27.5,24.5,33,116,76,17,18,6,7
CRS3035RES200mN3090600E3839800,200,414,146,48,38,29,74,27,6325093.2,10846,50,96,91,0,0,55,0,54,38,20,39.5,45.5,29,88,87,22,32,12,1
CRS3035RES200mN3090800E3837600,200,409.5,187,43,75,13,87,30,7889886.3,13928,115,72,86,3,0,97,1,37,34,11.5,24,19,33,124,57,45,46,15,1
CRS3035RES200mN3090800E3837800,200,421,182,51,69,18,27,37,7385047.2,12584,123,59,35,3,3,141,0,93,30,13.5,38.5,38,39,106,77,46,24,9,0
CRS3035RES200mN3090800E3838400,200,569,230,75,82,30,70,41,9294251.6,16127,112,118,117,3,56,54,0,87,50,19,46,60,37,130,98,60,49,13,7
CRS3035RES200mN3090800E3839000,200,664,291,84,113,28,50,83,12067703.2,23170,228,63,89,1,1,200,0,195,41,39,62,66,55,150,129,60,39,23,0
CRS3035RES200mN3090800E3839400,200,530.5,211,50,63,19,126,43,10111273.8,17202,53,158,167,5,0,38,1,38,29.5,17.5,41.5,52.5,38.5,114,85,61,71,20,0
CRS3035RES200mN3090800E3839600,200,596,223,79,76,38,85,40,9821128.1,16798,112,111,121,1,58,43,0,81,48.5,26,56.5,58.5,54.5,145,96,61,42,8,0
CRS3035RES200mN3090800E3839800,200,883.5,368,197,155,45,72,65,12086581.4,24744,291,77,83,21,202,61,1,261,56,41,86,95.5,54,179,170,90,75,28,9
CRS3035RES200mN3091000E3838200,200,176,59,32,16,11,12,14,2330165.3,4236,41,18,28,0,0,31,0,31,8,7,14,28,14,26,30,18,24,6,1
CRS3035RES200mN3091000E3839000,200,585,217,73,57,28,90,47,9786924.9,16912,71,146,125,1,0,91,0,85,31,16,49.5,97.5,62,108,133,57,23,8,0
CRS3035RES200mN3091000E3839400,200,485,203,52,75,19,79,31,8783142.7,15207,117,86,93,2,1,106,1,93,32,23,44,40,29,107,86,64,43,17,0
CRS3035RES200mN3091000E3840000,200,491.5,170,38,44,30,101,28,8689601.3,14851,25,145,135,3,2,30,0,24,27,12.5,46,69,39,84,106,44,48,14,2
CRS3035RES200mN3091200E3837800,200,488.5,189,36,53,23,66,30,9079854.8,14499,78,111,78,5,1,105,0,66,29,22,51.5,44.5,23.5,111,93,38,55,21,0
CRS3035RES200mN3091200E3838600,200,496,167,34,38,36,90,26,8833789.7,14503,48,119,86,2,4,75,0,38,41,29.5,47,57.5,39,113,100,34,23,9,3
CRS3035RES200mN3091200E3840600,200,174,67,26,25,13,4,9,2824156.3,4728,1,66,4,28,0,35,0,60,13,7,18,16,13,25,36,14,26,6,0
CRS3035RES200mN3091400E3837200,200,307.5,121,33,38,16,7,26,5242716.5,8757,67,54,0,76,0,44,1,112,10.5,9,43.5,40,27.5,55,53,28,32,9,0
CRS3035RES200mN3091400E3839200,200,404.5,165,22,56,17,99,25,8192278.5,13271,50,115,90,24,1,50,0,10,30,11.5,25.5,49.5,28,105,75,38,32,10,0
CRS3035RES200mN3091600E3837800,200,305.5,125,34,39,12,20,26,5357541.8,8515,103,22,24,2,0,99,0,99,31,16,29.5,24.5,31.5,95,37,22,13,6,0
CRS3035RES200mN3091600E3840600,200,282.5,113,17,36,11,63,19,5421002.7,9434,10,103,78,2,3,30,0,30,13,4,16,40.5,23,41,58,43,34,10,0
CRS3035RES200mN3094400E3794200,200,226,102,22,45,10,46,10,4503765.8,8190,34,68,38,22,2,40,0,41,11,5,19,21,14,43,44,23,30,16,0
CRS3035RES200mN3097200E3837400,200,375.5,138,16,32,14,106,19,7518062.4,10610,11,127,89,3,4,42,0,6,18,20,30.5,41,28,81,80,32,35,10,0
CRS3035RES200mN3097200E3837600,200,217,86,20,26,11,42,22,4194311.6,7416,28,58,24,1,13,47,1,38,7,3,21,28,23,36,56,21,18,4,0
CRS3035RES200mN3097400E3837000,200,425,203,44,88,10,61,45,8289261.9,15657,162,41,74,1,84,44,0,76,32.5,17.5,22,37,37,101,67,36,47,27,1
CRS3035RES200mN3097400E3837200,200,534.5,219,39,65,21,146,30,10092834.8,17277,40,179,168,7,3,41,0,7,36,19.5,45.5,47.5,33,142,87,59,54,11,0
CRS3035RES200mN3097600E3837000,200,370,184,49,90,12,48,36,6104435.9,11087,140,44,41,1,0,127,15,104,29,16.5,35,23.5,26,93,68,26,43,10,0
CRS3035RES200mN3097600E3837400,200,420.5,165,27,46,15,103,21,8313219.2,12594,40,125,99,14,5,47,0,46,28,25.5,31.5,36.5,29,99,65,41,48,15,2
CRS3035RES200mN3097600E3837600,200,325.5,118,10,25,11,104,7,7121186.2,9750,0,118,38,48,2,30,0,8,22.5,8.5,18.5,38,24,72,66,30,26,20,0
CRS3035RES200mN3097600E3837800,200,128.5,33,1,2,10,18,2,2634173.3,2908,0,33,0,0,0,33,0,14,11,4,16,24.5,7,30,29,6,1,0,0
CRS3035RES200mN3100000E3728200,200,252,105,12,30,10,50,11,4992064.7,9083,13,92,1,16,58,30,0,51,10,7,18,20,26,47,42,22,48,12,0
CRS3035RES200mN3100200E3728200,200,327.5,121,16,22,16,47,16,5895811.1,10962,29,92,0,4,81,36,0,72,15,9,32.5,33,26,66,52,40,42,12,0
CRS3035RES200mN3101600E3730000,200,310,153,44,67,10,50,27,5942144.6,10044,103,50,82,30,3,38,0,20,11,5,26.5,31,28.5,57,78,39,25,9,0
CRS3035RES200mN3102400E3730000,200,395.5,227,86,138,11,41,29,6526188.6,12518,188,39,161,33,0,33,0,18,23,10.5,22,31,54,83,82,44,38,8,0
CRS3035RES200mN3102600E3730200,200,482.5,204,53,76,21,49,44,8991967.7,15769,154,50,50,39,0,115,0,117,24,12,27.5,71,59,79,103,59,32,13,3
CRS3035RES200mN3102600E3730600,200,397,198,70,83,10,61,45,7258212.9,13710,128,70,43,88,29,37,1,105,26,10,18.5,35,37.5,78,68,55,52,17,0
CRS3035RES200mN3102600E3730800,200,380,175,27,69,13,94,25,8118367.1,15837,132,43,37,69,9,60,0,0,21,9,24.5,38.5,27,62,69,44,63,22,0
CRS3035RES200mN3124000E3750200,200,535.5,255,66,112,14,108,44,9696859.7,18560,102,153,149,6,43,56,1,45,30,9.5,40.5,48.5,55,112,116,61,46,17,0
CRS3035RES200mN3124200E3751000,200,446,198,39,70,12,121,25,8443708.8,16778,38,160,146,10,5,37,0,35,14,9,26,46,37,88,82,63,55,26,0
CRS3035RES200mN3124400E3752400,200,402,195,115,92,12,11,36,5447690.9,12083,135,60,0,165,0,30,0,177,13,5,29,44,37,70,84,55,49,16,0
CRS3035RES200mN3124400E3752800,200,645.5,218,137,48,39,6,76,8573307,16747,201,17,0,129,0,89,0,191,63,22,86,83.5,58,158,83,53,29,3,7
CRS3035RES200mN3124600E3752200,200,338,138,36,41,16,44,15,5508219.7,11136,48,90,16,0,75,47,0,85,13.5,12,26.5,29,14,59,54,68,51,10,1
CRS3035RES200mN3124600E3752600,200,532.5,259,135,120,17,13,57,7018202.2,16596,246,13,0,140,72,47,0,246,29.5,19,38,53,58,73,81,55,75,44,7
CRS3035RES200mN3124800E3750000,200,424.5,233,84,135,10,30,47,7263356,15507,203,30,67,10,95,59,2,128,21.5,12,22,43,51,85,79,40,45,19,7
CRS3035RES200mN3124800E3750200,200,502.5,251,83,119,14,18,65,7961144.1,17250,204,47,37,2,33,179,0,207,31.5,10.5,32,61.5,55,98,97,62,42,13,0
